name,0,1,2,3,4,5,6,7,8,9,10,converged
DESY3RM-27,500.0,944.8829170126801,1331.096318726107,1440.7589194694397,1332.43143670091,1332.4314367009101,1332.4314367009104,1332.4314367009104,1332.4314367009104,1332.4314367009104,1332.4314367009104,True
DESY3RM-124,500.0,976.7837452591574,1040.1132830413928,1027.535476871623,1022.475897698899,1022.475897698899,1022.475897698899,1022.475897698899,1022.475897698899,1022.475897698899,1022.475897698899,True
DESY3RM-880,500.0,470.610586279141,164.8164893559669,244.18503419285807,125.16875922913806,244.20376906693082,29.505357005811046,,,,,False
DESY3RM-1850,500.0,669.1366255546823,531.0127263045616,,,,,,,,,False
DESY3RM-1882,500.0,631.3955136291471,539.0403207793797,650.7820487035955,568.5819024372216,817.8557327619822,802.8227552422522,802.8227552422522,802.8227552422522,802.8227552422522,802.8227552422522,True
DESY3RM-3005,500.0,1095.3627453033455,866.4671974773652,954.8823446318356,1005.8962344551745,1005.8962344551745,1005.8962344551745,1005.8962344551745,1005.8962344551745,1005.8962344551745,1005.8962344551745,True
DESY3RM-3023,500.0,286.019528581315,678.7353719132574,372.0778874083447,590.8719242888585,401.1439611902771,627.3695064589522,32.5780267122689,,,,False
DESY3RM-3492,500.0,,,,,,,,,,,False
DESY3RM-4771,500.0,1362.9311507647953,802.3757839553457,560.5334060052699,842.0380943266842,527.0999124090631,882.3468188797351,566.564495752991,955.4624280758071,576.7006224827737,894.7243822754609,False
DESY3RM-5835,500.0,444.30621832856474,539.3865000113765,366.51422650624374,693.2444324355254,,,,,,,False
DESY3RM-7588,500.0,528.8319499077558,502.16689149353675,525.6009707657928,499.7638041708611,499.7638041708611,499.7638041708611,499.7638041708611,499.7638041708611,499.7638041708611,499.7638041708611,True
DESY3RM-7862,500.0,510.01372691245814,512.2968429390019,451.6361801373717,391.09371516178845,371.51378230035965,371.51378230035965,371.51378230035965,371.51378230035965,371.51378230035965,371.51378230035965,True
DESY3RM-8168,500.0,250.55379026478712,328.4570674668911,194.4682452850946,399.9746497037695,,,,,,,False
DESY3RM-9441,500.0,592.2579082755905,614.9222196923024,615.4255659937461,614.944419729232,614.944419729232,614.944419729232,614.944419729232,614.944419729232,614.944419729232,614.944419729232,True
DESY3RM-9780,500.0,,,,,,,,,,,False
DESY3RM-10885,500.0,65.94417549594223,,,,,,,,,,False
DESY3RM-12810,500.0,,,,,,,,,,,False
DESY3RM-13563,500.0,640.2702848072096,524.5904603685095,591.283224752025,533.2531968388993,533.2531968388993,533.2531968388993,533.2531968388993,533.2531968388993,533.2531968388993,533.2531968388993,True
DESY3RM-13982,500.0,513.886642426626,501.60384672660587,508.3841773100098,488.2782368444034,488.2782368444034,488.2782368444034,488.2782368444034,488.2782368444034,488.2782368444034,488.2782368444034,True
DESY3RM-15135,500.0,524.8755398987751,513.5856038190562,521.3541298941517,515.2850329521891,515.2850329521891,515.2850329521891,515.2850329521891,515.2850329521891,515.2850329521891,515.2850329521891,True
DESY3RM-15769,500.0,,,,,,,,,,,False
DESY3RM-15788,500.0,560.9898835307304,542.8133318960553,582.1636585600659,555.392959244826,555.392959244826,555.392959244826,555.392959244826,555.392959244826,555.392959244826,555.392959244826,True
DESY3RM-17138,500.0,400.33987156829403,468.92293443571793,406.59750095750746,513.467382845803,409.0169118974457,522.3720597115425,393.507621527948,469.3176076622409,409.3704507480616,531.3764793425843,False
DESY3RM-18419,500.0,324.31308150730746,536.2911258621691,335.61302409904624,545.8012051128517,340.8853630881231,553.5548031229663,356.9462750634405,563.5302435052915,362.50828635158075,559.718763009967,False
DESY3RM-18464,500.0,614.2777812827735,504.2492639301409,618.1724467488484,524.0219507660953,684.5853261740577,605.642026579446,485.28852639073574,634.0365029974146,578.605775863552,578.605775863552,True
DESY3RM-18474,500.0,537.1457055229407,533.2711982709834,533.3348397909832,533.0382601708724,533.0382601708724,533.0382601708724,533.0382601708724,533.0382601708724,533.0382601708724,533.0382601708724,True
DESY3RM-18701,500.0,,,,,,,,,,,False
DESY3RM-18707,500.0,493.0029268627105,496.4657367143825,488.8083200845256,471.89894855002996,471.89894855002996,471.89894855002996,471.89894855002996,471.89894855002996,471.89894855002996,471.89894855002996,True
DESY3RM-18716,500.0,420.25107528955965,479.955138545225,419.9849528509813,479.02717594626404,420.1318734049692,479.247272056332,420.6636842899031,479.21409303768496,419.89052043021996,479.0703334411138,False
DESY3RM-19799,500.0,535.0485179981383,470.2846490093227,554.4670865827645,482.66762972210944,375.1940962851058,486.7762037464753,376.27551063710445,486.6866531319414,377.21089591112803,482.4588882513503,False
DESY3RM-20064,500.0,672.9838222973285,560.1329912846124,628.036895773722,579.3597672533031,579.3597672533032,579.3597672533032,579.3597672533032,579.3597672533032,579.3597672533032,579.3597672533032,True
DESY3RM-20481,500.0,,,,,,,,,,,False
DESY3RM-20559,500.0,1236.3453782942186,,,,,,,,,,False
DESY3RM-20679,500.0,801.2160081025054,623.9051008163278,639.4808010779311,514.7695980391547,745.9009052288354,583.9446539252649,754.5657018582788,476.959092088373,791.96431638272,599.3782419087837,False
DESY3RM-21127,500.0,182.02279109599965,,,,,,,,,,False
DESY3RM-21181,500.0,399.6802478804934,546.1140001488458,402.97641236216623,544.4623722468854,868.4311374624085,423.4909509134211,555.1602779277498,403.88655915820556,542.7525489468983,866.3170268820493,False
DESY3RM-21502,500.0,203.15029688718755,,,,,,,,,,False
DESY3RM-21813,500.0,,,,,,,,,,,False
DESY3RM-22770,500.0,351.3489486606615,204.4095723031747,455.3842844051679,462.67009401018777,462.67009401018777,462.67009401018777,462.67009401018777,462.67009401018777,462.67009401018777,462.67009401018777,True
DESY3RM-23921,500.0,440.216096550569,453.57175057568736,455.26684202492004,454.68435302008066,454.6843530200808,454.68435302008083,454.68435302008095,454.684353020081,454.684353020081,454.684353020081,True
DESY3RM-24480,500.0,,,,,,,,,,,False
DESY3RM-24505,500.0,452.8710621682252,449.0997229204994,446.2071366899518,448.2489405891076,448.2489405891076,448.2489405891076,448.2489405891076,448.2489405891076,448.2489405891076,448.2489405891076,True
DESY3RM-25274,500.0,482.8793691905898,503.6056125259983,481.0020515147894,482.23652611701436,482.2365261170145,482.23652611701453,482.2365261170146,482.2365261170146,482.2365261170146,482.2365261170146,True
DESY3RM-25624,500.0,,,,,,,,,,,False
DESY3RM-25698,500.0,310.79922785885424,502.29665290310487,296.06540485088595,43.01196312836897,,,,,,,False
DESY3RM-25800,500.0,555.4828617957123,1514.8042685936093,381.0113706363879,497.3374874894724,571.0755030973553,1159.0996331294232,,,,,False
DESY3RM-25828,500.0,400.75140479054033,378.21388317703065,387.12930182080055,404.74301043358093,404.74301043358093,404.74301043358093,404.74301043358093,404.74301043358093,404.74301043358093,404.74301043358093,True
DESY3RM-25875,500.0,966.5758236140787,462.53512552908495,967.7812069159286,432.04947437627607,891.2529290614631,24.790862528318346,,,,,False
DESY3RM-25958,500.0,968.084093604946,607.9446244909715,1590.0131627410894,52.48755886267849,,,,,,,False
DESY3RM-26179,500.0,544.141533589295,499.9322731385888,543.1572991918312,473.8519022566635,525.7031047996278,497.9390673664485,497.9390673664485,497.9390673664485,497.9390673664485,497.9390673664485,True
DESY3RM-26360,500.0,,,,,,,,,,,False
DESY3RM-26852,500.0,483.4387933978807,448.8081286831671,443.4629884970039,441.279218812586,441.279218812586,441.279218812586,441.279218812586,441.279218812586,441.279218812586,441.279218812586,True
DESY3RM-26858,500.0,1092.6152086810532,275.1372243797195,406.6339458788563,388.72000924913107,388.72000924913107,388.72000924913107,388.72000924913107,388.72000924913107,388.72000924913107,388.72000924913107,True
DESY3RM-26966,500.0,375.6618886687865,375.3258123252983,374.2802880810275,373.43347611548376,373.43347611548376,373.43347611548376,373.43347611548376,373.43347611548376,373.43347611548376,373.43347611548376,True
DESY3RM-27159,500.0,998.2851679605805,,,,,,,,,,False
DESY3RM-27304,500.0,,,,,,,,,,,False
DESY3RM-27519,500.0,484.5400956862919,479.7634080426069,477.53795926999607,476.56629342981233,476.56629342981233,476.56629342981233,476.56629342981233,476.56629342981233,476.56629342981233,476.56629342981233,True
DESY3RM-27744,500.0,347.8725922750156,584.858676201476,356.0900108507464,597.024717371143,364.63613120289455,159.38005517268977,,,,,False
DESY3RM-27783,500.0,429.78275244311067,417.2714936971466,417.9088075364372,418.5179527160186,418.5179527160186,418.5179527160186,418.5179527160186,418.5179527160186,418.5179527160186,418.5179527160186,True
DESY3RM-28123,500.0,441.3953071196966,443.10260297349834,471.18689661351647,429.617817574679,429.617817574679,429.617817574679,429.617817574679,429.617817574679,429.617817574679,429.617817574679,True
DESY3RM-28442,500.0,767.2431489686867,68.90784273608563,358.49882798588413,616.8439226084608,784.9865370929989,78.63210008331176,357.4562950776947,614.2227876934403,927.5177900989088,54.79882522046453,False
DESY3RM-28567,500.0,601.9296662131097,597.9927760320312,629.1545915293691,551.9593780037111,605.8814331433223,605.8814331433223,605.8814331433223,605.8814331433223,605.8814331433223,605.8814331433223,True
DESY3RM-29027,500.0,,,,,,,,,,,False
DESY3RM-29312,500.0,443.1011226685927,499.205716733303,440.074904039981,493.41719459437206,441.9144358137898,497.3977033624316,440.55751202302446,496.22506185834516,439.4443455859581,493.21299266556343,False
DESY3RM-29944,500.0,526.159152677991,540.3668568101862,520.8906148425193,538.1468486483491,538.1468486483491,538.1468486483491,538.1468486483491,538.1468486483491,538.1468486483491,538.1468486483491,True
DESY3RM-30233,500.0,272.9028240985392,217.24963985887746,936.3370784984072,383.4651209198007,530.3849291394961,650.3137160318876,268.7673046089151,202.10641547769652,802.3305610815491,190.50183023009996,False
DESY3RM-30479,500.0,490.37273556345855,480.14690639902165,505.35808949438376,481.94557323294515,481.94557323294515,481.94557323294515,481.94557323294515,481.94557323294515,481.94557323294515,481.94557323294515,True
DESY3RM-30484,500.0,368.2635875965005,397.7281114080286,383.6927495616326,385.62713945717627,385.6271394571764,385.62713945717644,385.62713945717644,385.62713945717644,385.62713945717644,385.62713945717644,True
DESY3RM-30610,500.0,560.0162965214275,564.0922577765588,568.6254859904112,567.5397649849659,567.5397649849659,567.5397649849659,567.5397649849659,567.5397649849659,567.5397649849659,567.5397649849659,True
DESY3RM-30691,500.0,632.6812959433743,467.2652075963919,1637.9178926438158,44.63031219387147,,,,,,,False
DESY3RM-31041,500.0,468.90708874867016,,,,,,,,,,False
DESY3RM-31280,500.0,192.0725018738741,600.598628886394,250.55981009702728,344.8512643123241,927.8432167018632,,,,,,False
DESY3RM-31451,500.0,65.44970738616526,,,,,,,,,,False
DESY3RM-31530,500.0,506.5558144487635,506.5084165639937,498.35395843243157,491.453905690678,491.453905690678,491.453905690678,491.453905690678,491.453905690678,491.453905690678,491.453905690678,True
DESY3RM-32259,500.0,251.22296380740912,1387.6430294912377,,,,,,,,,False
DESY3RM-32606,500.0,157.29668604278967,,,,,,,,,,False
DESY3RM-32630,500.0,,,,,,,,,,,False
DESY3RM-32824,500.0,192.84696989309805,405.476456262649,695.3928881285382,673.7585876691139,673.7585876691139,673.7585876691139,673.7585876691139,673.7585876691139,673.7585876691139,673.7585876691139,True
DESY3RM-33010,500.0,479.8681919276909,457.62415113539015,462.3546612864206,472.3828860120333,472.3828860120333,472.3828860120333,472.3828860120333,472.3828860120333,472.3828860120333,472.3828860120333,True
DESY3RM-33171,500.0,534.0417371244836,406.95194286427966,1079.602527646357,71.53220236736435,651.7177442456905,363.8359289297695,379.1218640703858,379.1218640703858,379.1218640703858,379.1218640703858,True
DESY3RM-33549,500.0,,,,,,,,,,,False
DESY3RM-33985,500.0,,,,,,,,,,,False
DESY3RM-34032,500.0,783.5798568369968,347.88121871590704,399.1291844971339,364.3949126400914,364.3949126400914,364.3949126400914,364.3949126400914,364.3949126400914,364.3949126400914,364.3949126400914,True
DESY3RM-34351,500.0,498.01180292362073,511.62390187732365,526.9993787897895,534.1446944697984,534.1446944697984,534.1446944697984,534.1446944697984,534.1446944697984,534.1446944697984,534.1446944697984,True
DESY3RM-34496,500.0,529.9387555135042,487.4848101292291,521.8641748943601,486.47125822307777,486.47125822307777,486.47125822307777,486.47125822307777,486.47125822307777,486.47125822307777,486.47125822307777,True
DESY3RM-34570,500.0,474.572354683457,562.6132750104729,258.0197865509837,440.84264230376357,300.56188772702455,400.69915088999505,564.7628608207004,649.5592256776876,267.56339996860817,424.9618311533437,False
DESY3RM-35132,500.0,307.76928385092583,269.9274703410586,252.4703356763579,457.12152183980754,341.040936080913,404.94294927559986,379.6423915850925,379.6423915850925,379.6423915850925,379.6423915850925,True
DESY3RM-35384,500.0,472.0711513948183,411.914036248718,523.3684641333932,461.4383758508252,416.1979363120724,416.1979363120724,416.1979363120724,416.1979363120724,416.1979363120724,416.1979363120724,True
DESY3RM-35600,500.0,458.32555473043476,449.13217886844234,449.5914926709694,447.7965094063889,447.7965094063889,447.7965094063889,447.7965094063889,447.7965094063889,447.7965094063889,447.7965094063889,True
DESY3RM-35675,500.0,253.32468500281863,41.772676325168305,,,,,,,,,False
DESY3RM-35816,500.0,,,,,,,,,,,False
DESY3RM-35834,500.0,396.85525814219,599.7064555543445,396.5530421886667,604.1835031595682,389.6143785781388,638.1536369042818,403.82090755389066,577.2186912274259,393.2474882072611,645.120805458513,False
DESY3RM-36126,500.0,355.4069865388792,477.83325240927064,358.12329890337213,479.2552059291184,359.21501089442876,469.7012385253322,378.42140794257966,409.4894731094594,409.4894731094594,409.4894731094594,True
DESY3RM-36131,500.0,439.88450751571077,420.3403504931576,25.569048812707297,,,,,,,,False
DESY3RM-36564,500.0,467.5420828392959,459.78938830623656,459.95751990413765,459.5754194385978,459.5754194385978,459.5754194385978,459.5754194385978,459.5754194385978,459.5754194385978,459.5754194385978,True
DESY3RM-36883,500.0,329.2090221455272,404.34390659038047,51.507462353060845,,,,,,,,False
DESY3RM-37710,500.0,475.01256138320866,233.7452499578993,204.96658232589687,357.9654976382015,778.2272029252294,766.0636041222339,766.0636041222339,766.0636041222339,766.0636041222339,766.0636041222339,True
DESY3RM-38364,500.0,383.67184549562114,520.9273013101106,914.7607966514116,382.75668264516395,133.7770601292582,436.80942433411724,435.84725516177485,435.84725516177485,435.84725516177485,435.84725516177485,True
DESY3RM-38846,500.0,604.2070091799977,271.3194774774764,402.35935309172953,459.1787100958021,387.6950074090587,457.78789650772666,389.88112391238815,459.5658178589222,418.4215182844716,418.42151828447163,True
DESY3RM-38892,500.0,,,,,,,,,,,False
DESY3RM-39031,500.0,604.7620358107733,410.5701732055144,611.3098815796338,610.4428854050235,610.4428854050236,610.4428854050237,610.4428854050238,610.4428854050238,610.4428854050238,610.4428854050238,True
DESY3RM-39295,500.0,640.129323309734,1014.6262775071706,935.2288516691494,930.3181302051723,930.3181302051725,930.3181302051725,930.3181302051725,930.3181302051725,930.3181302051725,930.3181302051725,True
DESY3RM-39306,500.0,225.68318359175248,1884.3142231675138,350.3608009790667,510.11421088718055,266.99243676109495,701.7312809260972,,,,,False
DESY3RM-39317,500.0,378.36824259781235,704.8435748157821,602.5628491525362,367.2041546123787,664.0514841161219,381.08094063066466,559.1515101990129,429.6568011446638,832.4672533836696,701.8475768303513,False
DESY3RM-39434,500.0,469.80410525528646,389.5826283471143,322.1453040273438,32.38342434687368,,,,,,,False
DESY3RM-39538,500.0,247.33166875551714,251.12425727295778,879.290096826034,618.3899146230655,67.20941060437575,,,,,,False
DESY3RM-39586,500.0,484.96174060793294,483.9607801640044,484.3214962820907,484.3172930849447,484.3172930849447,484.3172930849447,484.3172930849447,484.3172930849447,484.3172930849447,484.3172930849447,True
DESY3RM-39601,500.0,515.8157645552002,498.1286484744136,519.7125809364163,529.9821928718482,529.9821928718482,529.9821928718482,529.9821928718482,529.9821928718482,529.9821928718482,529.9821928718482,True
DESY3RM-40020,500.0,545.173370412828,550.2536454151261,547.6282767907495,551.227321980061,551.227321980061,551.227321980061,551.227321980061,551.227321980061,551.227321980061,551.227321980061,True
DESY3RM-40580,500.0,465.7006165082569,407.8041413976131,185.60514001103758,,,,,,,,False
DESY3RM-40719,500.0,308.68569289590647,520.2942326378962,692.468620067705,686.8701097221324,686.8701097221324,686.8701097221324,686.8701097221324,686.8701097221324,686.8701097221324,686.8701097221324,True
DESY3RM-40729,500.0,451.8265979787912,140.928110857235,319.4169608355801,677.8394840400589,,,,,,,False
DESY3RM-41005,500.0,454.1949729983111,584.0235616710667,410.3608529759152,,,,,,,,False
DESY3RM-41147,500.0,35.36398236359208,,,,,,,,,,False
DESY3RM-41253,500.0,317.4820509500834,246.6346823542447,277.8078159576266,279.1101512072183,279.1101512072183,279.1101512072183,279.1101512072183,279.1101512072183,279.1101512072183,279.1101512072183,True
DESY3RM-41340,500.0,160.45148834932283,523.5327375616926,177.6734230932089,101.66843060906425,,,,,,,False
DESY3RM-41522,500.0,541.4198426946685,554.7488042101096,567.3859242909299,539.7012054322372,539.7012054322372,539.7012054322372,539.7012054322372,539.7012054322372,539.7012054322372,539.7012054322372,True
DESY3RM-41771,500.0,,,,,,,,,,,False
DESY3RM-42000,500.0,,,,,,,,,,,False
DESY3RM-42310,500.0,161.585813358153,,,,,,,,,,False
DESY3RM-42319,500.0,255.36578266531734,559.1443399918008,226.03214472131427,634.3034579607727,339.52240856428875,708.9311253155083,414.9563448489512,717.9514975356313,205.50017999970893,217.18704502720269,True
DESY3RM-42433,500.0,189.98664885491164,540.9039543633739,269.4515771351225,741.7489010224762,675.6746616061217,675.6746616061217,675.6746616061217,675.6746616061217,675.6746616061217,675.6746616061217,True
DESY3RM-42522,500.0,682.7897875885469,505.4006869576156,654.105076420505,572.522557954205,241.89647837669548,673.0413055585158,514.8121305896728,658.7101315178232,578.2464287251989,1096.760273099162,False
DESY3RM-42820,500.0,523.0961098835218,598.18304437403,592.1999293763645,73.12625401741573,,,,,,,False
DESY3RM-43191,500.0,518.0299560988186,526.0865530472066,514.3285419547648,525.0168908911079,525.0168908911079,525.0168908911079,525.0168908911079,525.0168908911079,525.0168908911079,525.0168908911079,True
DESY3RM-43219,500.0,792.494506969107,418.6091470134139,654.85954002874,443.133799642311,708.6213533453218,420.68301099273185,654.3888660292939,446.59201273504596,709.0005480156517,419.24055904445845,False
DESY3RM-43301,500.0,293.35362288058275,534.4693132670931,1416.791898184547,791.3448643361819,,,,,,,False
DESY3RM-43326,500.0,,,,,,,,,,,False
DESY3RM-43367,500.0,24.492699701155562,,,,,,,,,,False
DESY3RM-43431,500.0,553.7706251716442,638.2292363774201,581.0644623380799,658.3344657771371,597.9426941743519,597.942694174352,597.9426941743521,597.9426941743523,597.9426941743524,597.9426941743524,True
DESY3RM-43439,500.0,,,,,,,,,,,False
DESY3RM-43717,500.0,122.90519840232477,449.93114647421925,139.0781452484444,426.3749911029101,401.2739878894105,401.2739878894105,401.2739878894105,401.2739878894105,401.2739878894105,401.2739878894105,True
DESY3RM-43812,500.0,621.6245473317466,654.1470889135732,581.3135603849976,615.7265641803425,615.7265641803425,615.7265641803425,615.7265641803425,615.7265641803425,615.7265641803425,615.7265641803425,True
DESY3RM-44335,500.0,,,,,,,,,,,False
DESY3RM-45024,500.0,211.84884285585684,515.1387360909686,208.5743845666079,467.7972161669468,346.88606541318273,878.5066368505688,24.966204775501655,,,,False
DESY3RM-45148,500.0,80.8135381697814,399.6328190374987,552.5036244064488,191.21561915695366,707.5592408571526,,,,,,False
DESY3RM-45172,500.0,145.05489080479927,462.1088979755511,46.522806880092986,,,,,,,,False
DESY3RM-45213,500.0,158.54473784996648,,,,,,,,,,False
DESY3RM-45719,500.0,712.0278597795442,773.3864532438599,728.015590300252,900.8404372195491,722.1830631605112,799.0568872651776,830.730345466498,830.730345466498,830.730345466498,830.730345466498,True
DESY3RM-46025,500.0,558.2005735199774,325.63156145539944,142.3376154755442,464.3598537303674,242.10206736948408,24.890474185950428,,,,,False
DESY3RM-46216,500.0,490.37470386193274,496.9500749358848,511.4348907466313,535.5495254714365,535.5495254714365,535.5495254714365,535.5495254714365,535.5495254714365,535.5495254714365,535.5495254714365,True
DESY3RM-46289,500.0,,,,,,,,,,,False
DESY3RM-46410,500.0,452.24107192991517,,,,,,,,,,False
DESY3RM-46474,500.0,902.3247941493646,275.3595727564459,,,,,,,,,False
DESY3RM-46567,500.0,678.9045183987964,178.42451796534908,589.7608755638308,158.1180342961281,,,,,,,False
DESY3RM-46650,500.0,1501.9622238837603,461.8884438872468,50.75670481152029,,,,,,,,False
DESY3RM-46664,500.0,618.4243035853603,446.20940680566565,653.9531168307446,447.5606883707988,669.9250267960792,447.53923586807315,684.1889369777591,447.426981289199,677.3400493250596,446.61214592490654,False
DESY3RM-47138,500.0,68.40138696332659,,,,,,,,,,False
DESY3RM-47142,500.0,407.7796213717603,387.410996108825,385.20964463214267,388.80922811488523,388.80922811488523,388.80922811488523,388.80922811488523,388.80922811488523,388.80922811488523,388.80922811488523,True
DESY3RM-47337,500.0,379.8635882807312,100.51999201165704,,,,,,,,,False
DESY3RM-48002,500.0,197.50178562505408,224.26065393286567,201.07231339081423,197.3121904592452,197.3121904592452,197.3121904592452,197.3121904592452,197.3121904592452,197.3121904592452,197.3121904592452,True
DESY3RM-48108,500.0,642.5495659229273,642.611656044029,642.4332971060704,642.439068947333,642.439068947333,642.439068947333,642.439068947333,642.439068947333,642.439068947333,642.439068947333,True
DESY3RM-48151,500.0,,,,,,,,,,,False
DESY3RM-48271,500.0,53.87586072072259,,,,,,,,,,False
DESY3RM-48402,500.0,408.24195140326316,403.52238542344526,403.402299779616,403.5651938349136,403.5651938349136,403.5651938349136,403.5651938349136,403.5651938349136,403.5651938349136,403.5651938349136,True
DESY3RM-48559,500.0,,,,,,,,,,,False
DESY3RM-48589,500.0,47.65752113920427,,,,,,,,,,False
DESY3RM-48880,500.0,398.71784750048306,454.6768766816608,447.1086693701417,441.095360972886,441.095360972886,441.095360972886,441.095360972886,441.095360972886,441.095360972886,441.095360972886,True
DESY3RM-49004,500.0,,,,,,,,,,,False
DESY3RM-49016,500.0,551.0333273806006,,,,,,,,,,False
DESY3RM-49040,500.0,279.14468261735215,414.7412064896458,168.04089044245427,186.4907903273486,1037.5874921053958,,,,,,False
DESY3RM-49269,500.0,484.3809191066105,465.90679130869364,426.18601679883125,429.94929004208336,429.94929004208336,429.94929004208336,429.94929004208336,429.94929004208336,429.94929004208336,429.94929004208336,True
DESY3RM-49378,500.0,518.3599268626278,462.74050927039156,471.014574996189,462.7166931441833,462.7166931441833,462.7166931441833,462.7166931441833,462.7166931441833,462.7166931441833,462.7166931441833,True
DESY3RM-49388,500.0,509.46001513913495,520.4204166944378,497.52849562816886,66.44919499299996,,,,,,,False
DESY3RM-49645,500.0,786.0487609591262,442.74732659492486,539.4402946741427,604.507202056053,457.4196449045887,600.8919577211701,514.8844852652082,886.7616200546126,870.9680960867022,870.9680960867022,True
DESY3RM-50350,500.0,472.68042972264635,462.7846269901351,470.90416855940776,467.3287749513027,467.3287749513027,467.3287749513027,467.3287749513027,467.3287749513027,467.3287749513027,467.3287749513027,True
DESY3RM-50515,500.0,,,,,,,,,,,False
DESY3RM-50606,500.0,551.3847766786635,872.595495021607,1102.9594215556087,,,,,,,,False
DESY3RM-50688,500.0,,,,,,,,,,,False
DESY3RM-50742,500.0,533.4203174863572,534.5029162397624,534.46593006534,534.5652073503209,534.5652073503209,534.5652073503209,534.5652073503209,534.5652073503209,534.5652073503209,534.5652073503209,True
DESY3RM-50903,500.0,671.7502917211028,544.1283079446281,519.2377658879246,442.4002518995595,542.8794994987967,495.0301062724004,495.0301062724004,495.0301062724004,495.0301062724004,495.0301062724004,True
DESY3RM-50928,500.0,522.8140300786013,520.1243212347897,521.0130053450091,519.3035540226134,519.3035540226134,519.3035540226134,519.3035540226134,519.3035540226134,519.3035540226134,519.3035540226134,True
DESY3RM-50985,500.0,592.4959065652558,631.6108281523972,623.9463538049971,624.9336142274367,624.9336142274367,624.9336142274367,624.9336142274367,624.9336142274367,624.9336142274367,624.9336142274367,True
DESY3RM-51287,500.0,497.21704232189114,497.82392788345055,500.22660539038986,499.27956853380186,499.279568533802,499.27956853380203,499.27956853380203,499.27956853380203,499.27956853380203,499.27956853380203,True
DESY3RM-51564,500.0,93.8436013606202,459.9167895140092,63.26102191436145,441.05402279404314,62.84875259157929,432.41254524635605,60.54595489625712,426.04720807804364,60.115980116088636,433.12464036570594,False
DESY3RM-51569,500.0,,,,,,,,,,,False
DESY3RM-51974,500.0,235.80932063190738,,,,,,,,,,False
DESY3RM-52078,500.0,,,,,,,,,,,False
DESY3RM-52451,500.0,1256.439606965919,1106.2375773083559,1125.3276925023463,1124.2320492579368,1124.2320492579368,1124.2320492579368,1124.2320492579368,1124.2320492579368,1124.2320492579368,1124.2320492579368,True
DESY3RM-52479,500.0,,,,,,,,,,,False
DESY3RM-52560,500.0,,,,,,,,,,,False
DESY3RM-52750,500.0,273.3216857138682,125.09464202029277,328.6255057846403,529.9287667395631,222.0857078246476,408.40983811166,730.869755540273,243.82136444439595,275.1143131840607,124.25009316322107,False
DESY3RM-53026,500.0,329.1986892858075,473.80286521797717,463.4032570352435,497.0831702082522,497.0831702082522,497.0831702082522,497.0831702082522,497.0831702082522,497.0831702082522,497.0831702082522,True
DESY3RM-53522,500.0,485.7102308154954,,,,,,,,,,False
DESY3RM-53909,500.0,575.7670550755522,659.5033512359661,917.3646361340722,1092.7518932805597,586.0689913201506,694.5865893362383,1036.3816807329113,585.4423769323014,666.3544428079502,919.4576101411056,False
DESY3RM-54235,500.0,948.975880510335,328.86964410170924,311.3427688467641,990.628284369513,46.48082328597128,,,,,,False
DESY3RM-54294,500.0,35.609573935465114,,,,,,,,,,False
DESY3RM-54439,500.0,527.2913188240279,515.6882641810705,520.5548714497766,541.4744387691647,541.4744387691647,541.4744387691647,541.4744387691647,541.4744387691647,541.4744387691647,541.4744387691647,True
DESY3RM-54442,500.0,543.6017121513885,478.7355313538934,518.1717620091421,419.73241141131365,,,,,,,False
DESY3RM-54583,500.0,1148.4230624796178,455.24391197713584,284.07260551436326,801.9422823194025,436.67330798882296,585.5190509751143,1469.3824573174218,486.930513720467,692.9829223358399,,False
DESY3RM-55049,500.0,398.18916524618277,487.34953047132166,414.0287164797681,438.04979068746803,438.04979068746803,438.04979068746803,438.04979068746803,438.04979068746803,438.04979068746803,438.04979068746803,True
DESY3RM-55326,500.0,748.3788988703341,,,,,,,,,,False
DESY3RM-55353,500.0,454.9599910125134,,,,,,,,,,False
DESY3RM-55858,500.0,606.5418842981294,687.4148568054109,753.1069877851144,245.23100036384074,545.4852811841401,650.9960095164374,724.3919702251479,411.3910435622587,489.77554825248507,598.5849200783838,False
DESY3RM-56018,500.0,364.6372697585824,479.9328676571746,320.63451325887814,1413.8736407776662,573.1294021365657,247.82504693127845,848.688138346476,190.15163474357425,,,False
DESY3RM-56313,500.0,433.4213669635192,488.89564804615844,460.47794272289786,884.8497444995504,25.828973796539515,,,,,,False
DESY3RM-56603,500.0,766.0912802190801,769.0283176945221,768.3818272886516,768.8481491895644,768.8481491895644,768.8481491895644,768.8481491895644,768.8481491895644,768.8481491895644,768.8481491895644,True
DESY3RM-57327,500.0,32.25126447146593,,,,,,,,,,False
DESY3RM-57517,500.0,486.8870454762147,487.2583322475004,486.9972200757635,487.33931289412754,487.3393128941276,487.3393128941276,487.3393128941276,487.3393128941276,487.3393128941276,487.3393128941276,True
DESY3RM-57936,500.0,607.2363387300511,557.8110057478658,573.3086256249914,681.5771769401235,472.84685339860204,564.9744254920737,586.458519418152,586.458519418152,586.458519418152,586.458519418152,True
DESY3RM-58277,500.0,32.09277305255242,,,,,,,,,,False
DESY3RM-58430,500.0,620.1068089534332,635.3658893985428,662.3123077347778,682.3058828519185,682.3058828519185,682.3058828519185,682.3058828519185,682.3058828519185,682.3058828519185,682.3058828519185,True
DESY3RM-59058,500.0,183.87645984958397,,,,,,,,,,False
DESY3RM-59442,500.0,,,,,,,,,,,False
DESY3RM-59656,500.0,872.0508728346215,521.4521369316642,764.6502490586876,367.88833757823534,,,,,,,False
DESY3RM-59677,500.0,108.0151094671831,,,,,,,,,,False
DESY3RM-59680,500.0,100.34831933937984,,,,,,,,,,False
DESY3RM-59776,500.0,973.1971629675317,127.72805587412078,476.67361044471846,146.2141971096919,502.6362940558159,145.52682388663018,472.9865443383514,128.71098944764697,477.32220470124474,146.33802981843928,False
DESY3RM-59927,500.0,,,,,,,,,,,False
DESY3RM-59967,500.0,26.421921921754375,,,,,,,,,,False
DESY3RM-60212,500.0,460.84432773120733,443.32773668110895,440.19496134378403,439.5931809627246,439.5931809627246,439.5931809627246,439.5931809627246,439.5931809627246,439.5931809627246,439.5931809627246,True
DESY3RM-60719,500.0,,,,,,,,,,,False
DESY3RM-60726,500.0,656.2067705283234,822.853998558878,384.79366383478214,631.3631168624274,765.1127835804652,412.96077839641373,613.4498396855389,700.4183696792114,405.0886177448792,590.438456594281,False
DESY3RM-60735,500.0,1204.9789956086627,724.3849326998587,198.3589867514893,497.676424402868,614.5840100323244,678.1010726727058,198.5415559767517,498.63360177641425,1751.6686334653934,211.06190926067202,False
DESY3RM-60771,500.0,520.1998057695245,1291.3757916022553,525.6790389436427,383.23182799938303,1209.439903261042,533.3156522813857,1180.9596266487758,550.8648616127658,408.95731223065576,475.2641177948635,False
DESY3RM-60783,500.0,279.0000423199718,318.7711938570342,318.50410935121005,319.3908829501791,319.3908829501791,319.3908829501791,319.3908829501791,319.3908829501791,319.3908829501791,319.3908829501791,True
DESY3RM-61476,500.0,148.25616836052052,,,,,,,,,,False
DESY3RM-61637,500.0,628.9862446195558,601.3076684047633,616.1983963136519,597.9699989853077,597.9699989853077,597.9699989853077,597.9699989853077,597.9699989853077,597.9699989853077,597.9699989853077,True
DESY3RM-61688,500.0,267.8893702689099,175.47687817584168,674.9381563511095,250.89231925457906,591.8787412564827,455.7449272655413,619.5186057749402,162.46243942162818,366.42936492682446,606.1688316138027,False
DESY3RM-61995,500.0,463.30206950760004,,,,,,,,,,False
DESY3RM-62191,500.0,25.38648781211959,,,,,,,,,,False
DESY3RM-62431,500.0,524.4628935961562,516.4775259864022,519.9148488900431,520.5563077956593,520.5563077956593,520.5563077956593,520.5563077956593,520.5563077956593,520.5563077956593,520.5563077956593,True
DESY3RM-62711,500.0,33.41448400411527,,,,,,,,,,False
DESY3RM-62759,500.0,,,,,,,,,,,False
DESY3RM-62949,500.0,419.12882488047035,366.482129915922,322.10162848092585,,,,,,,,False
DESY3RM-63590,500.0,,,,,,,,,,,False
DESY3RM-63932,500.0,1625.6374490634985,,,,,,,,,,False
DESY3RM-64289,500.0,399.11835910842785,201.87631552492968,84.40856240513777,695.4149183623658,590.7177434461316,620.8644300734248,620.8644300734248,620.8644300734248,620.8644300734248,620.8644300734248,True
DESY3RM-64580,500.0,550.1315242639039,551.6813346265013,548.748723982801,557.1220180623551,557.1220180623551,557.1220180623551,557.1220180623551,557.1220180623551,557.1220180623551,557.1220180623551,True
DESY3RM-64620,500.0,464.5890108227424,472.68047704764365,472.05880673044567,472.34115939062065,472.34115939062065,472.34115939062065,472.34115939062065,472.34115939062065,472.34115939062065,472.34115939062065,True
DESY3RM-65178,500.0,471.69554588703755,461.9351126703665,460.00562151040333,461.6801612943588,461.6801612943588,461.6801612943588,461.6801612943588,461.6801612943588,461.6801612943588,461.6801612943588,True
DESY3RM-65208,500.0,455.85125540965464,419.17582388748593,419.83846030189306,418.37586676874616,418.37586676874616,418.37586676874616,418.37586676874616,418.37586676874616,418.37586676874616,418.37586676874616,True
DESY3RM-65237,500.0,49.03579143305272,,,,,,,,,,False
DESY3RM-65552,500.0,464.37742603007274,458.2792056919135,456.0268991206516,456.3727885610716,456.3727885610716,456.3727885610716,456.3727885610716,456.3727885610716,456.3727885610716,456.3727885610716,True
DESY3RM-65743,500.0,457.9751501899381,456.45949487486666,456.85384617222525,456.2381268747495,456.2381268747495,456.2381268747495,456.2381268747495,456.2381268747495,456.2381268747495,456.2381268747495,True
DESY3RM-65931,500.0,,,,,,,,,,,False
DESY3RM-65945,500.0,348.1462736747178,499.23349191714055,345.4789457160938,425.81514758916705,1035.6075167234026,478.12529951964615,347.50723511511643,468.49933983508146,329.76771157906927,193.074827637381,False
DESY3RM-66018,500.0,384.66377957935794,400.62988627668915,397.7700767205295,399.02061251375954,399.02061251375954,399.02061251375954,399.02061251375954,399.02061251375954,399.02061251375954,399.02061251375954,True
DESY3RM-66110,500.0,391.6971781477944,391.79503420978796,391.62176836415784,391.26242829293136,391.26242829293136,391.26242829293136,391.26242829293136,391.26242829293136,391.26242829293136,391.26242829293136,True
DESY3RM-66471,500.0,,,,,,,,,,,False
DESY3RM-66488,500.0,417.9400931198224,1286.5803643612337,,,,,,,,,False
DESY3RM-67173,500.0,306.1214917344457,,,,,,,,,,False
DESY3RM-67862,500.0,,,,,,,,,,,False
DESY3RM-67902,500.0,956.578832762151,,,,,,,,,,False
DESY3RM-68029,500.0,,,,,,,,,,,False
DESY3RM-68236,500.0,390.5105220053345,409.25086753022623,513.8126645555061,358.6993399144648,409.42403034536477,516.8229492003734,358.16695334492766,408.9258818279713,484.35161984588456,409.15702756154,False
DESY3RM-68285,500.0,374.42350012760863,486.8212497350264,373.9913886462994,487.78277553619495,375.60998460769486,499.68378867595294,375.2318118058468,487.2208202706616,,,False
DESY3RM-68561,500.0,434.83713572560794,662.5654568644371,394.9253244946114,642.8486280219256,399.5222126623293,563.6119411578002,492.549975942226,422.92870843427056,625.1624981545611,401.4273935924684,False
DESY3RM-69304,500.0,,,,,,,,,,,False
DESY3RM-69493,500.0,387.8635778353362,360.25489054605134,422.6335789675607,349.32528946664513,426.2516605861181,361.22377323790033,412.2387040344777,349.9985961771632,427.7989145218487,372.1424675814413,False
DESY3RM-69664,500.0,351.92775821020126,405.23915956048404,217.7625487317548,99.52203038221478,,,,,,,False
DESY3RM-69909,500.0,204.1731484183135,,,,,,,,,,False
DESY3RM-70248,500.0,,,,,,,,,,,False
DESY3RM-70446,500.0,488.173965554289,556.310043926437,488.3278328324206,556.2463522333793,487.93285128252955,556.3104140994822,488.72669422804773,556.7267321334537,490.678152135728,555.35820342911,False
DESY3RM-70800,500.0,144.16711618470035,,,,,,,,,,False
DESY3RM-71079,500.0,444.2744943879343,444.58627528286553,445.28596023681985,445.97149412848324,445.97149412848324,445.97149412848324,445.97149412848324,445.97149412848324,445.97149412848324,445.97149412848324,True
DESY3RM-71205,500.0,695.1316611199775,41.59642133774363,,,,,,,,,False
DESY3RM-71748,500.0,46.87581227127337,,,,,,,,,,False
DESY3RM-72522,500.0,583.9407001655809,644.3361631607924,650.6327837153443,684.5639442541471,684.5639442541471,684.5639442541471,684.5639442541471,684.5639442541471,684.5639442541471,684.5639442541471,True
DESY3RM-72655,500.0,367.45074291374425,1683.9960809672807,248.81091334522102,,,,,,,,False
DESY3RM-73028,500.0,,,,,,,,,,,False
DESY3RM-73647,500.0,1428.6846509824275,,,,,,,,,,False
DESY3RM-73857,500.0,181.84971250128135,247.41979061934595,132.51548355323894,168.37599537743412,249.01811177075308,60.50900617384855,183.91675806276996,246.77097032283876,219.9901695026044,140.57057520608242,False
DESY3RM-74054,500.0,391.624795146953,389.71016539239776,366.2443845986134,367.30089519548886,367.30089519548886,367.30089519548886,367.30089519548886,367.30089519548886,367.30089519548886,367.30089519548886,True
DESY3RM-74288,500.0,1576.054766193005,1403.479125797459,1206.9674797851858,1221.8096536037408,1221.8096536037408,1221.8096536037408,1221.8096536037408,1221.8096536037408,1221.8096536037408,1221.8096536037408,True
DESY3RM-74294,500.0,,,,,,,,,,,False
DESY3RM-74662,500.0,488.4675924305742,381.4455562994746,271.1901077515986,165.03153488427841,,,,,,,False
DESY3RM-75133,500.0,366.43601514615966,425.8637873463092,430.5647281073089,622.0440843156102,147.04875841199924,,,,,,False
DESY3RM-75228,500.0,878.204504597362,284.7427372959149,,,,,,,,,False
DESY3RM-75544,500.0,,,,,,,,,,,False
DESY3RM-75673,500.0,417.2659274078053,471.10633541006473,478.58387745049896,477.6968976847347,477.6968976847347,477.6968976847347,477.6968976847347,477.6968976847347,477.6968976847347,477.6968976847347,True
DESY3RM-76587,500.0,255.0949155506867,359.39367601219976,274.4670432991808,358.07171152200516,298.41503105670904,329.0553349510486,203.4997418331529,,,,False
DESY3RM-77154,500.0,336.91852630254266,924.2824945968472,41.28141843802326,,,,,,,,False
DESY3RM-77885,500.0,409.3823848596692,418.4098137516145,418.9384246713509,419.38685490129046,419.3868549012905,419.3868549012905,419.3868549012905,419.3868549012905,419.3868549012905,419.3868549012905,True
DESY3RM-77953,500.0,454.08791739986634,515.6958213084255,453.8687883151,518.4059716166598,453.84224339597426,517.4932588425188,453.3722148629067,516.7127247356331,451.7074082898529,517.2536637665511,False
DESY3RM-78260,500.0,453.565598711885,449.62922400840455,451.5170918532005,448.6481350071598,448.6481350071598,448.6481350071598,448.6481350071598,448.6481350071598,448.6481350071598,448.6481350071598,True
DESY3RM-78536,500.0,194.3419671844132,36.0827705132986,,,,,,,,,False
DESY3RM-78695,500.0,407.8095975308133,475.63834246272654,456.96138241344454,467.63188360983446,467.63188360983446,467.63188360983446,467.63188360983446,467.63188360983446,467.63188360983446,467.63188360983446,True
DESY3RM-78763,500.0,316.4666333342768,205.34054313201676,3067.1004308314814,813.069278615144,54.2047565501258,,,,,,False
DESY3RM-79010,500.0,58.90632040996724,,,,,,,,,,False
DESY3RM-79240,500.0,36.172019398541806,,,,,,,,,,False
DESY3RM-79270,500.0,956.8824884285685,976.8515416804261,977.0712060298205,977.0366477204971,977.0366477204971,977.0366477204971,977.0366477204971,977.0366477204971,977.0366477204971,977.0366477204971,True
DESY3RM-79737,500.0,536.5905351072859,534.3270495963305,498.2577333361888,548.3918167474077,509.59428572619294,509.59428572619294,509.59428572619294,509.59428572619294,509.59428572619294,509.59428572619294,True
DESY3RM-80827,500.0,155.58173329107456,370.15168927806957,283.86337544207487,95.13691667614599,357.08408725967377,408.160481789561,226.22277675809045,1011.7350151945764,887.6786431604014,,False
DESY3RM-81263,500.0,650.0481898447896,1445.575597108661,651.1789568999326,177.78407803916474,321.84236566095035,298.05187226853593,,,,,False
DESY3RM-81269,500.0,1700.1541951524562,35.218540805713296,,,,,,,,,False
DESY3RM-81279,500.0,470.9135309800943,404.80828240436426,409.0897604474534,410.22024347763113,410.22024347763113,410.22024347763113,410.22024347763113,410.22024347763113,410.22024347763113,410.22024347763113,True
DESY3RM-81655,500.0,53.29387373669228,,,,,,,,,,False
DESY3RM-82083,500.0,,,,,,,,,,,False
DESY3RM-82489,500.0,529.8139308794268,540.0363813249355,541.2526614977213,540.6068278649519,540.6068278649519,540.6068278649519,540.6068278649519,540.6068278649519,540.6068278649519,540.6068278649519,True
DESY3RM-82828,500.0,213.9601308607941,801.5305515837607,312.4622235076598,387.8789862554167,287.323850774825,394.5219673530134,283.7585705386236,367.2242994719709,210.9735577361617,739.2577561238713,False
DESY3RM-83452,500.0,407.5514875289914,336.0459560853288,549.6717209193183,406.05934404641334,334.21470096769735,549.0929641059308,408.1606110078357,338.85131105303765,548.5477855304562,408.4971526760547,False
DESY3RM-83519,500.0,711.4605651057602,556.4368630857338,679.243070898812,622.8733834107541,622.8733834107541,622.8733834107541,622.8733834107541,622.8733834107541,622.8733834107541,622.8733834107541,True
DESY3RM-83590,500.0,832.6362041347,1041.086739094304,1111.4361175084152,1147.406712308198,1147.406712308198,1147.406712308198,1147.406712308198,1147.406712308198,1147.406712308198,1147.406712308198,True
DESY3RM-84435,500.0,,,,,,,,,,,False
DESY3RM-84837,500.0,425.02744383357344,445.672040671362,420.31663832586037,423.5781254880396,423.5781254880396,423.5781254880396,423.5781254880396,423.5781254880396,423.5781254880396,423.5781254880396,True
DESY3RM-85246,500.0,833.1239916270529,332.52389350025095,533.7765363172172,769.1577172911295,335.7638501434608,552.3067770020253,774.2178133569894,350.26101790633345,634.7491641665011,751.463793862747,False
DESY3RM-85309,500.0,198.90034731732536,458.9916301912761,338.49702547485356,207.8029787328507,449.9219960387203,312.88331611171975,196.33879122526002,464.21669001259374,340.3078103336728,208.05684366780838,False
DESY3RM-86698,500.0,331.3102267119057,187.21900496234528,477.4395266943971,318.3775778614153,186.33394611347504,409.5723490535517,185.86142353631283,,,,False
DESY3RM-86854,500.0,61.911088317572286,,,,,,,,,,False
DESY3RM-86894,500.0,,,,,,,,,,,False
DESY3RM-87008,500.0,283.5255182037629,236.77326360455564,317.9449864033173,300.75464309792045,300.75464309792045,300.75464309792045,300.75464309792045,300.75464309792045,300.75464309792045,300.75464309792045,True
DESY3RM-87557,500.0,513.9807692528959,503.9884460620091,512.9280599048508,502.77798020503116,502.77798020503116,502.77798020503116,502.77798020503116,502.77798020503116,502.77798020503116,502.77798020503116,True
DESY3RM-87698,500.0,975.7848511985364,719.2514266490055,43.037442806952576,,,,,,,,False
DESY3RM-87804,500.0,473.57430531436313,474.2766582312674,111.15301290744816,25.258701801508586,,,,,,,False
DESY3RM-87970,500.0,315.82079784509864,482.3297156832,458.05046244563107,455.857709756651,455.85770975665105,455.85770975665105,455.85770975665105,455.85770975665105,455.85770975665105,455.85770975665105,True
DESY3RM-88071,500.0,472.5656211583484,519.3307315857332,486.13400849604835,476.0291675066565,476.0291675066565,476.0291675066565,476.0291675066565,476.0291675066565,476.0291675066565,476.0291675066565,True
DESY3RM-88111,500.0,526.0922835793561,,,,,,,,,,False
DESY3RM-88238,500.0,857.4871900308615,1295.7903972421543,886.6032256321048,365.0742774557609,419.07864227266543,375.2759410850702,230.11697565033643,260.1582716657136,314.7430740007047,438.36812382345954,False
DESY3RM-88950,500.0,351.1859746004709,28.921561477862287,,,,,,,,,False
DESY3RM-89140,500.0,210.08479932230125,,,,,,,,,,False
DESY3RM-89584,500.0,,,,,,,,,,,False
DESY3RM-89629,500.0,,,,,,,,,,,False
DESY3RM-89656,500.0,808.2408214926886,228.55573884342132,440.44603416863805,696.5162861818023,171.30777118394013,371.5459069784479,250.8552557929774,379.09673034974793,226.0577122632662,445.91966958219166,False
DESY3RM-89933,500.0,,,,,,,,,,,False
DESY3RM-90253,500.0,,,,,,,,,,,False
DESY3RM-90952,500.0,74.17873140229447,,,,,,,,,,False
DESY3RM-91055,500.0,29.69358846416048,,,,,,,,,,False
DESY3RM-91102,500.0,4233.603527690776,449.9176480600084,355.1124546426051,495.49006611296363,307.34946149541116,157.1518261841008,228.06494525464763,620.8861809511944,322.4128627615904,203.4191982589486,False
DESY3RM-91134,500.0,409.9639143681943,419.4890807983732,418.0996238533003,417.67692503939816,417.67692503939816,417.67692503939816,417.67692503939816,417.67692503939816,417.67692503939816,417.67692503939816,True
DESY3RM-92078,500.0,728.3889815522698,373.53973396813086,589.2752905134834,584.0084192314615,584.0084192314615,584.0084192314615,584.0084192314615,584.0084192314615,584.0084192314615,584.0084192314615,True
DESY3RM-92149,500.0,456.81673776245276,508.9741452675748,438.747479265627,456.61498681189676,456.61498681189676,456.61498681189676,456.61498681189676,456.61498681189676,456.61498681189676,456.61498681189676,True
DESY3RM-92405,500.0,360.98805344138543,805.5281786147925,,,,,,,,,False
DESY3RM-92990,500.0,250.36098727632577,717.7636364778771,67.38892713690713,,,,,,,,False
DESY3RM-93041,500.0,442.2316000185385,365.7204526531862,51.65586935160471,,,,,,,,False
DESY3RM-93067,500.0,611.2131621390681,697.634729119082,613.1068531032465,680.2958137042336,611.196619287051,697.4283845016303,612.689300935483,676.213055510889,613.0540677963694,613.0540677963694,True
DESY3RM-93101,500.0,677.7657995084887,798.6143586914825,663.7933390022963,680.4613025951887,680.4613025951887,680.4613025951887,680.4613025951887,680.4613025951887,680.4613025951887,680.4613025951887,True
DESY3RM-93103,500.0,367.1576090480519,470.3527953488403,396.5966131382565,402.38532953701946,402.38532953701946,402.38532953701946,402.38532953701946,402.38532953701946,402.38532953701946,402.38532953701946,True
DESY3RM-93267,500.0,1012.2824195586115,,,,,,,,,,False
DESY3RM-93309,500.0,,,,,,,,,,,False
DESY3RM-93393,500.0,798.5237515017975,,,,,,,,,,False
DESY3RM-94020,500.0,351.3069975453259,382.04510937781254,339.1692733573488,376.6820620455177,3308.5052564308908,,,,,,False
DESY3RM-94036,500.0,1522.7524908876783,,,,,,,,,,False
DESY3RM-94208,500.0,174.29263519039506,,,,,,,,,,False
DESY3RM-94240,500.0,378.0644570402646,647.6267491557404,620.8941042821723,508.429654240514,382.5804020399907,596.0387945469018,509.4978126187938,433.4029806743351,625.6426402292233,562.6733941573982,False
DESY3RM-94361,500.0,399.9180365401877,,,,,,,,,,False
DESY3RM-94838,500.0,,,,,,,,,,,False
DESY3RM-94910,500.0,,,,,,,,,,,False
DESY3RM-94988,500.0,303.4173765351212,1093.03615422715,356.0884521437833,170.35233575302638,,,,,,,False
DESY3RM-95658,500.0,,,,,,,,,,,False
DESY3RM-96331,500.0,704.8481143625223,,,,,,,,,,False
DESY3RM-96354,500.0,457.67057664782214,505.75109254387297,449.5547092834764,509.54151094945024,457.0033818466772,514.1283925786774,461.03381805924454,504.64447846509074,504.64447846509074,504.64447846509074,True
DESY3RM-96656,500.0,,,,,,,,,,,False
DESY3RM-97056,500.0,,,,,,,,,,,False
DESY3RM-97111,500.0,858.9227624468245,456.9772016839793,,,,,,,,,False
DESY3RM-97702,500.0,454.09427860249133,454.5226551823221,454.76539071422815,451.71247656337516,451.71247656337516,451.71247656337516,451.71247656337516,451.71247656337516,451.71247656337516,451.71247656337516,True
DESY3RM-97837,500.0,523.0529566465569,522.1924883151947,512.5065263539447,146.79672204590395,595.9578127884666,458.0675649305536,151.12785985175347,,,,False
DESY3RM-98179,500.0,,,,,,,,,,,False
DESY3RM-98350,500.0,284.04429542918723,1244.7537689979263,,,,,,,,,False
DESY3RM-98411,500.0,,,,,,,,,,,False
DESY3RM-98442,500.0,83.7020561213136,,,,,,,,,,False
DESY3RM-98780,500.0,253.92753611812486,1807.870749010335,95.48485991455247,,,,,,,,False
DESY3RM-98873,500.0,705.2573817786529,453.80441984439153,621.5314319933606,463.23595885094926,544.2775481761491,614.9469705057845,487.61368431076255,590.7348509293246,533.1903040057471,533.1903040057471,True
DESY3RM-99230,500.0,437.2814250063638,451.9695700132795,435.66137669168336,456.28208436483703,456.28208436483703,456.28208436483703,456.28208436483703,456.28208436483703,456.28208436483703,456.28208436483703,True
DESY3RM-99604,500.0,735.5079268252516,193.69383819570677,356.70882006476296,4346.852482731204,,,,,,,False
DESY3RM-100028,500.0,257.0676217487469,133.18542696902495,,,,,,,,,False
DESY3RM-100268,500.0,1193.2527020036885,288.88259233329234,,,,,,,,,False
DESY3RM-100720,500.0,72.45671838728171,,,,,,,,,,False
DESY3RM-101276,500.0,,,,,,,,,,,False
DESY3RM-101344,500.0,412.53366071468656,392.52849487267224,405.54790197359995,398.65216894058716,398.6521689405872,398.6521689405873,398.6521689405873,398.6521689405873,398.6521689405873,398.6521689405873,True
DESY3RM-101366,500.0,527.1512050212252,592.4953222324528,606.672723599389,200.1565580116046,405.9319515766584,341.76780624277694,422.2441840391848,400.1285493140525,400.1285493140525,400.1285493140525,True
DESY3RM-101405,500.0,45.27705668764686,,,,,,,,,,False
DESY3RM-101735,500.0,418.9903373029819,438.3674192704504,459.8046854512868,467.7062969324536,467.7062969324536,467.7062969324536,467.7062969324536,467.7062969324536,467.7062969324536,467.7062969324536,True
DESY3RM-101840,500.0,732.9222936960473,,,,,,,,,,False
DESY3RM-101937,500.0,492.6288817489542,485.53481423820193,479.50100723500793,478.67665224556686,478.67665224556686,478.67665224556686,478.67665224556686,478.67665224556686,478.67665224556686,478.67665224556686,True
DESY3RM-102073,500.0,43.7567565639266,,,,,,,,,,False
DESY3RM-102085,500.0,579.9264630337366,642.1924439987786,79.5432146209414,350.4368539277709,469.0147865834081,,,,,,False
DESY3RM-102401,500.0,352.24503134180424,,,,,,,,,,False
DESY3RM-102493,500.0,522.4482704655944,164.1166043827803,,,,,,,,,False
DESY3RM-102604,500.0,387.0475092340501,185.63887953851673,583.6141813780152,169.26885081784218,,,,,,,False
DESY3RM-103286,500.0,868.495633162209,,,,,,,,,,False
DESY3RM-103463,500.0,,,,,,,,,,,False
DESY3RM-103592,500.0,380.1014978916508,379.8779609866624,377.8500522031708,378.36815215568384,378.36815215568384,378.36815215568384,378.36815215568384,378.36815215568384,378.36815215568384,378.36815215568384,True
DESY3RM-103801,500.0,55.30385395533558,,,,,,,,,,False
DESY3RM-104016,500.0,516.9707291426791,516.8590894340141,519.6595886609088,525.0268179297802,525.0268179297802,525.0268179297802,525.0268179297802,525.0268179297802,525.0268179297802,525.0268179297802,True
DESY3RM-104102,500.0,619.6049968631548,353.99790867451867,421.3587601837143,542.8863698200381,1356.2184801711107,682.1533314077218,928.3039287288966,249.07788126900135,3315.1718368400716,,False
DESY3RM-104141,500.0,423.93308405291134,483.27252615895617,381.99876400126254,416.99925178225857,416.99925178225857,416.99925178225857,416.99925178225857,416.99925178225857,416.99925178225857,416.99925178225857,True
DESY3RM-104367,500.0,363.84539539323606,349.6430818326386,383.05532110790045,289.7434488524914,349.08707842310514,369.7226353125957,369.7226353125957,369.7226353125957,369.7226353125957,369.7226353125957,True
DESY3RM-104370,500.0,,,,,,,,,,,False
DESY3RM-104451,500.0,752.0692335990425,377.46066481378557,505.5880324268094,576.8252433953663,572.9353376450202,572.9353376450202,572.9353376450202,572.9353376450202,572.9353376450202,572.9353376450202,True
DESY3RM-104469,500.0,1763.4488375184092,,,,,,,,,,False
DESY3RM-104840,500.0,404.1994062567979,880.2689942443446,395.5219021623068,850.968253973175,403.5127908385517,996.9299935818036,659.7566132531697,201.53856917244204,417.23783818548765,912.9680765621077,False
DESY3RM-105086,500.0,622.6082823458293,,,,,,,,,,False
DESY3RM-105766,500.0,44.34430831821155,,,,,,,,,,False
DESY3RM-106019,500.0,183.85856873336604,321.5158204279864,149.21473060371756,280.51431978319516,152.62680116253853,247.2859981005739,203.35653209505384,,,,False
DESY3RM-106057,500.0,595.3443871895278,592.457193592313,331.50746770524074,32.64186089722676,,,,,,,False
DESY3RM-106119,500.0,702.306192348216,594.5007162920126,,,,,,,,,False
DESY3RM-106175,500.0,1140.8479721193787,1010.6877815794555,1047.3368430227217,1037.5148405783034,1037.5148405783034,1037.5148405783034,1037.5148405783034,1037.5148405783034,1037.5148405783034,1037.5148405783034,True
DESY3RM-106469,500.0,409.842281549906,237.73188540554108,220.05945162418004,,,,,,,,False
DESY3RM-106615,500.0,294.21865063148806,291.11791148330474,287.0468487631153,286.43503231559504,286.43503231559504,286.43503231559504,286.43503231559504,286.43503231559504,286.43503231559504,286.43503231559504,True
DESY3RM-106676,500.0,388.98489133840405,637.9795607909416,446.0040809988539,370.1944668573057,326.3589012501845,252.15473923591398,671.3452087156776,463.4594388732,365.22333209115135,326.01298418894595,False
DESY3RM-107847,500.0,44.7448607801569,,,,,,,,,,False
DESY3RM-108327,500.0,331.14352750894034,377.3405204102144,331.40576690147066,376.18725512734966,331.1009393261946,376.0695577011158,331.14129930894245,375.8185579771489,330.92797870150895,376.44876028494105,False
DESY3RM-108527,500.0,1268.3507526174137,831.0404798975317,,,,,,,,,False
DESY3RM-108639,500.0,418.2840290763396,320.5002024255274,215.02176785574744,365.988202667176,338.92997111623464,338.92997111623464,338.92997111623464,338.92997111623464,338.92997111623464,338.92997111623464,True
DESY3RM-108909,500.0,1078.2606569575453,413.10152412490123,947.2722772386651,384.4485169810862,723.4271225082351,,,,,,False
DESY3RM-109104,500.0,32.83280694034019,,,,,,,,,,False
DESY3RM-109246,500.0,287.7744556683329,486.3005403454217,,,,,,,,,False
DESY3RM-110167,500.0,303.7374635886366,123.57124412877963,57.58478261502847,,,,,,,,False
DESY3RM-110571,500.0,,,,,,,,,,,False
DESY3RM-110685,500.0,59.56112251910079,,,,,,,,,,False
DESY3RM-110836,500.0,,,,,,,,,,,False
DESY3RM-110864,500.0,375.8953726924494,47.173859746050184,,,,,,,,,False
DESY3RM-111792,500.0,435.58528253756606,417.8707082110476,454.3052315444441,406.44936518083904,465.5211386632095,405.93640224151153,457.49694119459804,406.1337681874861,477.9357992004908,407.28723833816537,False
DESY3RM-111892,500.0,780.6186332620225,348.74476776184815,371.43177708440686,341.4720538474945,341.4720538474945,341.4720538474945,341.4720538474945,341.4720538474945,341.4720538474945,341.4720538474945,True
DESY3RM-111902,500.0,422.2469361520463,421.1433416948893,421.92261672735407,421.81834327589536,421.81834327589536,421.81834327589536,421.81834327589536,421.81834327589536,421.81834327589536,421.81834327589536,True
DESY3RM-112062,500.0,1315.651084410138,376.62891417497667,,,,,,,,,False
DESY3RM-112221,500.0,812.9760279162269,,,,,,,,,,False
DESY3RM-112789,500.0,514.9166311892093,467.7251207895533,143.15839862053517,,,,,,,,False
DESY3RM-112892,500.0,373.66553162294787,323.662358813845,49.13565427666306,,,,,,,,False
DESY3RM-113779,500.0,493.4928542026103,,,,,,,,,,False
DESY3RM-113870,500.0,,,,,,,,,,,False
DESY3RM-113928,500.0,897.7642127250567,939.5726210889981,225.9375123959972,920.3430877822838,943.8446257606743,943.8446257606743,943.8446257606743,943.8446257606743,943.8446257606743,943.8446257606743,True
DESY3RM-114056,500.0,,,,,,,,,,,False
DESY3RM-114091,500.0,,,,,,,,,,,False
DESY3RM-114193,500.0,412.9188896728653,392.3113564066442,396.7953316791998,394.88691026195266,394.88691026195266,394.88691026195266,394.88691026195266,394.88691026195266,394.88691026195266,394.88691026195266,True
DESY3RM-114223,500.0,358.22397446727615,186.21399941965748,,,,,,,,,False
DESY3RM-114610,500.0,205.94309299894982,,,,,,,,,,False
DESY3RM-114695,500.0,388.0403704025089,379.44783689018305,369.00985230302456,380.50489702520923,380.50489702520923,380.50489702520923,380.50489702520923,380.50489702520923,380.50489702520923,380.50489702520923,True
DESY3RM-115252,500.0,,,,,,,,,,,False
DESY3RM-115276,500.0,460.4452389627456,461.17284367834384,310.07592464365194,980.3315896715108,,,,,,,False
DESY3RM-116063,500.0,241.14359261983262,776.9310456097139,352.51605579107513,142.7266254402671,,,,,,,False
DESY3RM-116234,500.0,396.49097222763544,341.38762246053886,301.0562572999399,322.619548791052,322.619548791052,322.619548791052,322.619548791052,322.619548791052,322.619548791052,322.619548791052,True
DESY3RM-117486,500.0,353.36919349720085,62.905046792094865,,,,,,,,,False
DESY3RM-118069,500.0,719.8262499530273,603.842512502439,669.2427140014112,609.4703203975107,609.4703203975107,609.4703203975107,609.4703203975107,609.4703203975107,609.4703203975107,609.4703203975107,True
DESY3RM-118495,500.0,,,,,,,,,,,False
DESY3RM-118553,500.0,,,,,,,,,,,False
DESY3RM-118578,500.0,59.04435925261377,,,,,,,,,,False
DESY3RM-118683,500.0,433.95464595533895,429.36581911269394,429.8369885013426,54.66420763754779,,,,,,,False
DESY3RM-119507,500.0,,,,,,,,,,,False
DESY3RM-119741,500.0,,,,,,,,,,,False
DESY3RM-120510,500.0,327.30911947531115,497.67181965773034,340.7110461452795,371.446795947823,371.446795947823,371.446795947823,371.446795947823,371.446795947823,371.446795947823,371.446795947823,True
DESY3RM-120586,500.0,,,,,,,,,,,False
DESY3RM-121012,500.0,527.1639903181841,447.2639604017359,203.64757343671988,273.55070556001147,649.4833984791052,495.6726723992019,589.488858590527,228.63373331623856,406.4866375241076,199.1827592421737,False
DESY3RM-121467,500.0,218.68943099630118,360.86713961826644,305.13717627271484,348.06483637602884,317.1080253432734,317.1080253432734,317.1080253432734,317.1080253432734,317.1080253432734,317.1080253432734,True
DESY3RM-121616,500.0,719.6315255396822,314.5653842208951,397.00223154733186,438.60396792707667,640.2284391640347,397.7939211012566,485.3913834000592,723.5390328401319,344.4197267147847,427.7355389394404,False
DESY3RM-121883,500.0,384.8329994004905,599.4764579404059,503.1899177688016,432.33138825064543,595.3405080144167,491.42319459144204,506.08605924373904,506.08605924373904,506.08605924373904,506.08605924373904,True
DESY3RM-121966,500.0,291.0843290796729,215.25812196009974,251.77156563393194,251.14603417769237,251.14603417769237,251.14603417769237,251.14603417769237,251.14603417769237,251.14603417769237,251.14603417769237,True
DESY3RM-122379,500.0,49.43624624565849,,,,,,,,,,False
DESY3RM-122978,500.0,628.3371259145617,417.951303694939,576.4277849941157,181.20261235310068,179.5035111025637,179.5035111025637,179.5035111025637,179.5035111025637,179.5035111025637,179.5035111025637,True
DESY3RM-123093,500.0,1113.682584582863,1119.7155624249026,1120.192830351308,1122.4131045253953,1122.4131045253953,1122.4131045253953,1122.4131045253953,1122.4131045253953,1122.4131045253953,1122.4131045253953,True
DESY3RM-123109,500.0,458.8095562403781,460.8299510085437,458.1164819345833,462.6883064978192,462.6883064978192,462.6883064978192,462.6883064978192,462.6883064978192,462.6883064978192,462.6883064978192,True
DESY3RM-123195,500.0,,,,,,,,,,,False
DESY3RM-123325,500.0,,,,,,,,,,,False
DESY3RM-123490,500.0,32.91537247275326,,,,,,,,,,False
DESY3RM-123649,500.0,368.77259903311295,348.63581799086165,330.4410727810082,369.23108001351915,348.2748919299659,348.2748919299659,348.2748919299659,348.2748919299659,348.2748919299659,348.2748919299659,True
DESY3RM-123774,500.0,1221.562237793698,1030.509034082814,1077.6580355104604,1071.7746922548627,1071.7746922548627,1071.7746922548627,1071.7746922548627,1071.7746922548627,1071.7746922548627,1071.7746922548627,True
DESY3RM-123788,500.0,251.7065908535071,,,,,,,,,,False
DESY3RM-123842,500.0,39.56187519019965,,,,,,,,,,False
DESY3RM-123946,500.0,185.4497481674163,399.3839317771984,350.8365319226444,400.745188399014,351.158342485618,399.9449349160716,351.715008848473,399.5473816293161,379.07743085671945,379.07743085671945,True
DESY3RM-124195,500.0,124.75017328107525,431.3289315631126,26.343608576393102,,,,,,,,False
DESY3RM-124983,500.0,491.8140899649302,656.3382610711179,490.08040143984914,721.1749622333946,368.99625322406246,583.8477647643763,520.5907407374267,492.0452846426719,492.04528464267196,492.04528464267196,True
DESY3RM-125182,500.0,526.1633368341182,493.7118148484382,505.6023523447086,525.3687041490732,525.3687041490732,525.3687041490732,525.3687041490732,525.3687041490732,525.3687041490732,525.3687041490732,True
DESY3RM-125220,500.0,414.09579196228765,135.61500618774622,412.1109547028084,694.4033268406458,524.3501605234245,508.3022147845475,508.3022147845475,508.3022147845475,508.3022147845475,508.3022147845475,True
DESY3RM-125290,500.0,,,,,,,,,,,False
DESY3RM-126035,500.0,372.0239007143515,402.3256755906853,405.653399379814,404.07341615229285,404.07341615229285,404.07341615229285,404.07341615229285,404.07341615229285,404.07341615229285,404.07341615229285,True
DESY3RM-126377,500.0,287.0135770230198,250.5262708435033,312.1258925054226,130.38302001481304,752.5670648594379,285.8121075367074,256.9137433287505,287.03249972580926,238.63604172420946,314.78629799326956,False
DESY3RM-127022,500.0,67.42623467434211,326.0654350438434,459.4901310528919,639.8755169772742,,,,,,,False
DESY3RM-127097,500.0,407.6867395256572,715.6305344703231,250.1800390706207,,,,,,,,False
DESY3RM-127210,500.0,38.108842850338306,,,,,,,,,,False
DESY3RM-127653,500.0,451.5022392486549,427.9213144274141,,,,,,,,,False
DESY3RM-127831,500.0,85.05098051271115,,,,,,,,,,False
DESY3RM-127865,500.0,121.81783540451036,,,,,,,,,,False
DESY3RM-128108,500.0,1419.3675698328182,557.933646642939,613.0271872186654,246.17009862166339,351.53237332382656,2181.1987495687235,482.12430652665375,272.16940048429626,351.6077272913124,318.99415799380796,True
DESY3RM-128383,500.0,196.259651811806,,,,,,,,,,False
DESY3RM-128792,500.0,316.48694309672237,,,,,,,,,,False
DESY3RM-129512,500.0,392.7277760608599,408.0298666559362,382.3574005666787,444.90431026157984,389.6676242895965,407.98070012295494,407.98070012295494,407.98070012295494,407.98070012295494,407.98070012295494,True
DESY3RM-129540,500.0,26.15833704023704,,,,,,,,,,False
DESY3RM-129562,500.0,,,,,,,,,,,False
DESY3RM-129930,500.0,416.0185853204569,101.78523102693394,,,,,,,,,False
DESY3RM-130134,500.0,403.2521729511814,401.92699378884544,404.85489647814126,401.08835920935803,401.08835920935815,401.08835920935815,401.08835920935815,401.08835920935815,401.08835920935815,401.08835920935815,True
DESY3RM-130153,500.0,1520.5269806087495,,,,,,,,,,False
DESY3RM-130399,500.0,388.52555525092896,305.9236577621177,367.5968349560445,333.467564946825,333.467564946825,333.467564946825,333.467564946825,333.467564946825,333.467564946825,333.467564946825,True
DESY3RM-131021,500.0,351.892117941703,432.66678716935303,375.37370898747974,424.1491519017319,378.39936741676956,421.08622007861067,380.0134652904728,380.0134652904728,380.0134652904728,380.0134652904728,True
DESY3RM-131217,500.0,1046.0647591946213,1089.6775718032352,1103.452808647632,1112.8489469724302,1112.8489469724302,1112.8489469724302,1112.8489469724302,1112.8489469724302,1112.8489469724302,1112.8489469724302,True
DESY3RM-131269,500.0,,,,,,,,,,,False
DESY3RM-131291,500.0,,,,,,,,,,,False
DESY3RM-131903,500.0,,,,,,,,,,,False
DESY3RM-132021,500.0,401.8985950764929,461.18421009338596,395.6481650884739,413.8629602850353,413.8629602850353,413.8629602850353,413.8629602850353,413.8629602850353,413.8629602850353,413.8629602850353,True
DESY3RM-132272,500.0,486.289203563692,486.25711873359245,485.7521681384387,486.0683204826052,486.06832048260526,486.0683204826053,486.0683204826053,486.0683204826053,486.0683204826053,486.0683204826053,True
DESY3RM-132333,500.0,400.4907795748116,383.820360676084,385.3298618566901,384.45008287915005,384.45008287915005,384.45008287915005,384.45008287915005,384.45008287915005,384.45008287915005,384.45008287915005,True
DESY3RM-132386,500.0,518.8511160620722,517.7889790026031,518.1745008252631,517.7732244007243,517.7732244007244,517.7732244007244,517.7732244007244,517.7732244007244,517.7732244007244,517.7732244007244,True
DESY3RM-132794,500.0,183.34416833355422,372.2734101753257,2582.6521572492047,394.2121871877046,219.72992827698326,1366.6672091480125,195.07600318938526,155.62131461817637,,,False
DESY3RM-132980,500.0,139.6573080809989,,,,,,,,,,False
DESY3RM-132991,500.0,400.54212802034596,,,,,,,,,,False
DESY3RM-133319,500.0,963.111435875447,,,,,,,,,,False
DESY3RM-133863,500.0,,,,,,,,,,,False
DESY3RM-133893,500.0,68.307831652439,,,,,,,,,,False
DESY3RM-133994,500.0,59.366001050324634,,,,,,,,,,False
DESY3RM-134001,500.0,186.88963019438577,340.85315906577324,566.8534586830887,254.12946582084106,255.07678571625163,,,,,,False
DESY3RM-134040,500.0,1478.9578500214614,,,,,,,,,,False
DESY3RM-134380,500.0,559.6719857950405,323.9478856136063,338.0705065000887,336.39251992372067,336.39251992372067,336.39251992372067,336.39251992372067,336.39251992372067,336.39251992372067,336.39251992372067,True
DESY3RM-134453,500.0,660.3457484134312,147.33523264206073,,,,,,,,,False
DESY3RM-134572,500.0,461.1530676750465,476.69777573696814,462.7232602804212,481.28350292263025,481.2835029226303,481.28350292263036,481.28350292263036,481.28350292263036,481.28350292263036,481.28350292263036,True
DESY3RM-134747,500.0,519.247513711452,522.3868218823355,523.0389730983733,522.8753353431657,522.8753353431657,522.8753353431657,522.8753353431657,522.8753353431657,522.8753353431657,522.8753353431657,True
DESY3RM-134825,500.0,190.32047668934013,,,,,,,,,,False
DESY3RM-134953,500.0,,,,,,,,,,,False
DESY3RM-135135,500.0,141.95107696504255,,,,,,,,,,False
DESY3RM-135283,500.0,598.1025932019378,682.6901907949998,596.9870792436744,682.0495138534574,596.3189616334803,682.2459339036558,596.6460149325609,682.7588287361834,596.4367707783996,682.4395827924942,False
DESY3RM-135431,500.0,,,,,,,,,,,False
DESY3RM-135475,500.0,283.3627012234454,25.802152854172267,,,,,,,,,False
DESY3RM-135837,500.0,305.9591136358532,264.46432039474297,,,,,,,,,False
DESY3RM-136156,500.0,561.3644016105283,641.9233245462772,612.6995102727906,488.0571408475883,605.1979216272748,610.975614107525,610.9756141075251,610.9756141075251,610.9756141075251,610.9756141075251,True
DESY3RM-136182,500.0,64.55663889714079,,,,,,,,,,False
DESY3RM-137081,500.0,45.0680250944874,,,,,,,,,,False
DESY3RM-137331,500.0,296.6262180947627,395.48268725835516,371.53090329821106,294.9919255939804,392.8184565292804,382.3551235510961,382.3551235510961,382.3551235510961,382.3551235510961,382.3551235510961,True
DESY3RM-137461,500.0,209.17571310317913,153.58097406254217,72.63965709285465,500.5234891849644,209.31391153288817,153.89859631375944,71.18906176423737,566.0989763078098,219.51267495458802,1648.4540566690684,False
DESY3RM-138373,500.0,409.2502976515104,460.40051991058044,410.8499830640744,455.39320781140077,411.72706995954724,411.72706995954724,411.72706995954724,411.72706995954724,411.72706995954724,411.72706995954724,True
DESY3RM-138499,500.0,,,,,,,,,,,False
DESY3RM-138516,500.0,337.24684030296464,462.60461201678703,761.2024384477322,120.9760751388845,,,,,,,False
DESY3RM-138919,500.0,624.4366258041701,559.4859205074299,616.728674403874,568.9180071526645,568.9180071526645,568.9180071526645,568.9180071526645,568.9180071526645,568.9180071526645,568.9180071526645,True
DESY3RM-139395,500.0,344.88518613351795,351.72234175885615,396.66688883382227,415.1325853959642,415.1325853959642,415.1325853959642,415.1325853959642,415.1325853959642,415.1325853959642,415.1325853959642,True
DESY3RM-139424,500.0,606.1526347097301,606.029301413233,605.1896120416321,604.6980202964027,604.6980202964027,604.6980202964027,604.6980202964027,604.6980202964027,604.6980202964027,604.6980202964027,True
DESY3RM-139486,500.0,,,,,,,,,,,False
DESY3RM-139570,500.0,80.34028059692177,,,,,,,,,,False
DESY3RM-139851,500.0,1997.459086363461,,,,,,,,,,False
DESY3RM-140363,500.0,,,,,,,,,,,False
DESY3RM-140672,500.0,,,,,,,,,,,False
DESY3RM-140771,500.0,36.19018613817395,,,,,,,,,,False
DESY3RM-140834,500.0,58.31701240369047,,,,,,,,,,False
DESY3RM-140983,500.0,733.811809328156,51.142585496345006,,,,,,,,,False
DESY3RM-141007,500.0,507.9417541349399,451.48561431703644,514.4964173074816,447.1223854737364,517.3257250156004,447.84940277242094,515.4383133168177,447.8812052316151,514.8009670416767,448.94618281876046,False
DESY3RM-141217,500.0,410.4258801683158,481.77643730351855,430.57758035160293,452.2102141659923,452.2102141659923,452.2102141659923,452.2102141659923,452.2102141659923,452.2102141659923,452.2102141659923,True
DESY3RM-141420,500.0,,,,,,,,,,,False
DESY3RM-141573,500.0,405.2950895756884,4139.154204192644,854.0146468345207,4139.092711637349,853.7634892217242,28.886222537565917,,,,,False
DESY3RM-141608,500.0,49.13809414302954,,,,,,,,,,False
DESY3RM-142066,500.0,174.7839027526211,241.68293438230373,411.90153356598364,50.492133253361196,,,,,,,False
DESY3RM-142430,500.0,450.5838023470219,434.60494695639585,419.32297521322494,427.55204612396807,427.5520461239681,427.5520461239681,427.5520461239681,427.5520461239681,427.5520461239681,427.5520461239681,True
DESY3RM-142510,500.0,143.34648839598114,,,,,,,,,,False
DESY3RM-142775,500.0,374.3970280367745,416.3962841349637,411.1753580483245,405.3341057520567,405.3341057520567,405.3341057520567,405.3341057520567,405.3341057520567,405.3341057520567,405.3341057520567,True
DESY3RM-143025,500.0,429.15629180943955,390.2371205294645,,,,,,,,,False
DESY3RM-143599,500.0,,,,,,,,,,,False
DESY3RM-143950,500.0,2670.209011844212,652.5672857407033,283.6276413089011,354.68304938068724,370.3562860375495,370.3562860375496,370.35628603754964,370.35628603754975,370.35628603754975,370.35628603754975,True
DESY3RM-144054,500.0,339.69698717765283,87.65864081952303,,,,,,,,,False
DESY3RM-144648,500.0,351.84591713840365,,,,,,,,,,False
DESY3RM-145993,500.0,399.821061029113,403.980361077789,403.50829162256076,403.9054241691155,403.9054241691155,403.9054241691155,403.9054241691155,403.9054241691155,403.9054241691155,403.9054241691155,True
DESY3RM-146457,500.0,209.07365549802046,472.6162119234543,,,,,,,,,False
DESY3RM-146870,500.0,767.5010096688704,888.8342284473616,1472.569019245176,645.2837214860691,771.6640499514443,896.8469854715684,1517.7764207489167,603.6779666329068,809.1732789397549,865.4825438789309,True
DESY3RM-147261,500.0,569.1250124622958,446.15855631432856,456.1222113600705,462.5639475135426,462.5639475135426,462.5639475135426,462.5639475135426,462.5639475135426,462.5639475135426,462.5639475135426,True
DESY3RM-147270,500.0,258.97235915519667,,,,,,,,,,False
DESY3RM-147357,500.0,,,,,,,,,,,False
DESY3RM-147598,500.0,52.809428228920446,,,,,,,,,,False
DESY3RM-148023,500.0,494.9834638691965,489.1862672094117,529.4210855641547,524.9738846498743,524.9738846498744,524.9738846498745,524.9738846498745,524.9738846498745,524.9738846498745,524.9738846498745,True
DESY3RM-148055,500.0,,,,,,,,,,,False
DESY3RM-148381,500.0,37.55944544836144,,,,,,,,,,False
DESY3RM-148787,500.0,936.1316994410769,26.962964979446742,,,,,,,,,False
DESY3RM-148811,500.0,59.30419203572515,,,,,,,,,,False
DESY3RM-149469,500.0,456.3746872026293,441.06639721215424,424.5237932585404,424.148407126834,424.148407126834,424.148407126834,424.148407126834,424.148407126834,424.148407126834,424.148407126834,True
DESY3RM-149722,500.0,401.7586284427976,400.7834968089207,399.7034736863395,396.8682389679626,396.8682389679626,396.8682389679626,396.8682389679626,396.8682389679626,396.8682389679626,396.8682389679626,True
DESY3RM-150075,500.0,310.2238985110694,329.6752283846886,406.5915262163202,524.2240807940948,952.1149584650909,829.7689124705533,1430.6714975733225,113.95286459231316,,,False
DESY3RM-150416,500.0,72.7054467734602,,,,,,,,,,False
DESY3RM-150557,500.0,483.335064934112,486.1351948279162,488.9772863055856,484.46877818996853,484.46877818996853,484.46877818996853,484.46877818996853,484.46877818996853,484.46877818996853,484.46877818996853,True
DESY3RM-150766,500.0,124.53173232869014,,,,,,,,,,False
DESY3RM-152606,500.0,687.275080514629,738.2696939513361,446.2792254659588,1233.8203156158802,698.6334191753916,897.0945727621969,108.7400755555684,1489.0435320118772,,,False
DESY3RM-152892,500.0,,,,,,,,,,,False
DESY3RM-153492,500.0,359.40693505124835,244.6384099173776,,,,,,,,,False
DESY3RM-153493,500.0,,,,,,,,,,,False
DESY3RM-153705,500.0,107.94934831122487,442.9605863020843,308.3261568048621,,,,,,,,False
DESY3RM-154812,500.0,,,,,,,,,,,False
DESY3RM-155128,500.0,199.02020074115185,,,,,,,,,,False
DESY3RM-155267,500.0,595.595293633487,442.349760083486,522.4043235299047,38.04001142507909,,,,,,,False
DESY3RM-155560,500.0,94.25944030957577,,,,,,,,,,False
DESY3RM-155740,500.0,483.56725251651216,512.2075022413198,546.985962441954,468.18689149350826,547.657189481484,478.91868013124554,485.54753179673975,485.54753179673975,485.54753179673975,485.54753179673975,True
DESY3RM-155791,500.0,326.4683113858094,73.34561746834517,,,,,,,,,False
DESY3RM-156740,500.0,459.85032708349706,381.92819732325324,292.01601018685557,235.43833565729696,254.4960627194885,254.4960627194885,254.4960627194885,254.4960627194885,254.4960627194885,254.4960627194885,True
DESY3RM-156852,500.0,,,,,,,,,,,False
DESY3RM-157080,500.0,,,,,,,,,,,False
DESY3RM-157687,500.0,,,,,,,,,,,False
DESY3RM-157968,500.0,210.89366207407213,705.2249493355105,,,,,,,,,False
DESY3RM-158256,500.0,251.7467216383375,166.5484539249491,25.92201619428403,,,,,,,,False
DESY3RM-158656,500.0,,,,,,,,,,,False
DESY3RM-158761,500.0,207.0143970901872,429.0083686226678,210.45794202658172,428.40601172952046,210.1798862606253,428.1807820120191,304.87708134703007,342.1787650065101,360.1676971473966,360.1676971473966,True
DESY3RM-159137,500.0,350.9399837601325,307.3629978405166,,,,,,,,,False
DESY3RM-159601,500.0,455.6728683857775,513.8447994055964,455.64037440625754,514.5517399476181,455.76033270055353,513.3138347379441,455.68405141501364,517.1479853995022,456.0087016716563,518.774617357721,False
DESY3RM-160224,500.0,122.81524927111278,,,,,,,,,,False
DESY3RM-160449,500.0,,,,,,,,,,,False
DESY3RM-160617,500.0,852.4167629506185,,,,,,,,,,False
DESY3RM-161241,500.0,168.60143306622436,129.0333542354933,,,,,,,,,False
DESY3RM-161294,500.0,465.3234214587321,464.96102412600777,465.13766611467537,464.1584933327171,464.1584933327171,464.1584933327171,464.1584933327171,464.1584933327171,464.1584933327171,464.1584933327171,True
DESY3RM-161489,500.0,841.2630154286193,,,,,,,,,,False
DESY3RM-161663,500.0,353.5938626306198,124.5815546908803,247.81845796439399,442.65218524441275,287.41798986422356,265.57511268099216,265.57511268099216,265.57511268099216,265.57511268099216,265.57511268099216,True
DESY3RM-161908,500.0,988.8663976239174,897.8909583597869,,,,,,,,,False
DESY3RM-162162,500.0,413.18809417901616,,,,,,,,,,False
DESY3RM-162656,500.0,483.3443619142474,482.0420810082572,481.0004157925089,481.50394294486466,481.50394294486466,481.50394294486466,481.50394294486466,481.50394294486466,481.50394294486466,481.50394294486466,True
DESY3RM-163056,500.0,282.9249924535817,327.2866107095034,517.1450853114276,469.87843177502384,469.87843177502384,469.87843177502384,469.87843177502384,469.87843177502384,469.87843177502384,469.87843177502384,True
DESY3RM-163643,500.0,188.96862612001303,678.9819740594277,,,,,,,,,False
DESY3RM-163695,500.0,309.6041903235705,,,,,,,,,,False
DESY3RM-163895,500.0,222.0929848636673,,,,,,,,,,False
DESY3RM-163956,500.0,430.1799616943278,,,,,,,,,,False
DESY3RM-164556,500.0,,,,,,,,,,,False
DESY3RM-164636,500.0,,,,,,,,,,,False
DESY3RM-165122,500.0,24.628083930735745,,,,,,,,,,False
DESY3RM-166465,500.0,274.90800575199216,328.527882156252,,,,,,,,,False
DESY3RM-166594,500.0,247.58763916853084,163.25288614371036,308.9907618571753,460.41196738137546,260.88370695386936,,,,,,False
DESY3RM-167039,500.0,,,,,,,,,,,False
DESY3RM-167152,500.0,534.1879133194072,,,,,,,,,,False
DESY3RM-167194,500.0,32.519974490471995,,,,,,,,,,False
DESY3RM-167307,500.0,51.30066149896854,,,,,,,,,,False
DESY3RM-167533,500.0,259.7765605333818,428.3493569120428,335.94148765454435,26.59686532984998,,,,,,,False
DESY3RM-167595,500.0,31.369972882565648,,,,,,,,,,False
DESY3RM-167854,500.0,,,,,,,,,,,False
DESY3RM-168922,500.0,336.34860989646285,394.79858173056965,396.3694530045849,398.1263071063305,398.1263071063305,398.1263071063305,398.1263071063305,398.1263071063305,398.1263071063305,398.1263071063305,True
DESY3RM-170422,500.0,,,,,,,,,,,False
DESY3RM-170528,500.0,,,,,,,,,,,False
DESY3RM-170542,500.0,351.92068112170574,81.35803616212475,,,,,,,,,False
DESY3RM-170759,500.0,,,,,,,,,,,False
DESY3RM-170835,500.0,24.62479798631561,,,,,,,,,,False
DESY3RM-171188,500.0,403.08252720057413,315.664978781074,198.15626159668545,468.3039786035504,411.9772837266188,296.68016699653083,362.2678997799991,138.23636776651585,399.3082498010646,244.8092289237816,False
DESY3RM-171332,500.0,215.68963490012433,,,,,,,,,,False
DESY3RM-171630,500.0,,,,,,,,,,,False
DESY3RM-171986,500.0,25.84837780811515,,,,,,,,,,False
DESY3RM-172126,500.0,,,,,,,,,,,False
DESY3RM-172433,500.0,1163.0962468300875,279.6930192101005,,,,,,,,,False
DESY3RM-172496,500.0,,,,,,,,,,,False
DESY3RM-172756,500.0,,,,,,,,,,,False
DESY3RM-172852,500.0,,,,,,,,,,,False
DESY3RM-172882,500.0,213.00919367726104,56.55308273514337,,,,,,,,,False
DESY3RM-172991,500.0,,,,,,,,,,,False
DESY3RM-173043,500.0,26.192919357447558,,,,,,,,,,False
DESY3RM-173174,500.0,456.95498640183865,459.76396078118313,459.74926204597983,459.8127485504789,459.8127485504789,459.8127485504789,459.8127485504789,459.8127485504789,459.8127485504789,459.8127485504789,True
DESY3RM-173325,500.0,379.5536419916458,254.50200870777545,642.8476982305444,203.45884750801756,291.514751435422,475.17646156343585,,,,,False
DESY3RM-173340,500.0,,,,,,,,,,,False
DESY3RM-173600,500.0,,,,,,,,,,,False
DESY3RM-173911,500.0,409.21402987358584,565.6535398473408,393.36726317778323,615.3716695837029,428.5682090352741,551.4169963192988,338.35525288934394,948.0610400144897,53.070059631898204,,False
DESY3RM-174081,500.0,504.6546396639047,282.29643740408073,174.48110431962385,25.481551182997283,,,,,,,False
DESY3RM-174219,500.0,830.9362989164738,872.9479232900053,866.3637189454007,854.162167398477,854.162167398477,854.162167398477,854.162167398477,854.162167398477,854.162167398477,854.162167398477,True
DESY3RM-174484,500.0,,,,,,,,,,,False
DESY3RM-175599,500.0,,,,,,,,,,,False
DESY3RM-175762,500.0,603.8962495932007,39.51309626284155,,,,,,,,,False
DESY3RM-176489,500.0,396.0266146343169,310.0434616638877,66.87388358074605,,,,,,,,False
DESY3RM-176643,500.0,192.0315726289725,,,,,,,,,,False
DESY3RM-177326,500.0,,,,,,,,,,,False
DESY3RM-177542,500.0,408.7286115010515,429.2973472833999,411.1090496252838,413.5513708244,413.5513708244,413.5513708244,413.5513708244,413.5513708244,413.5513708244,413.5513708244,True
DESY3RM-178050,500.0,503.79713148771066,526.1718572723821,531.2322123164563,541.7235468080961,541.7235468080961,541.7235468080961,541.7235468080961,541.7235468080961,541.7235468080961,541.7235468080961,True
DESY3RM-178418,500.0,120.50007935073182,157.12635050445763,313.4614367284945,239.2452838239213,1109.9421243536426,306.76921969217955,236.829172533297,498.26374115709353,121.95193400884523,145.19720156192585,False
DESY3RM-178432,500.0,600.9465862768568,576.5618267251937,520.7109576831484,518.8241095963475,518.8241095963475,518.8241095963475,518.8241095963475,518.8241095963475,518.8241095963475,518.8241095963475,True
DESY3RM-178652,500.0,902.1015241521682,1153.3945215778165,71.16944424291404,391.1249906763944,,,,,,,False
DESY3RM-178776,500.0,164.22371298617773,,,,,,,,,,False
DESY3RM-179009,500.0,391.9401331426748,344.10335932378035,270.2779261591779,2139.3238132862994,,,,,,,False
DESY3RM-179069,500.0,367.40811697888864,249.68185013219286,75.77076115205557,,,,,,,,False
DESY3RM-179192,500.0,550.1271741396752,,,,,,,,,,False
DESY3RM-179700,500.0,466.82509544891093,467.3206576943964,467.0092547741119,467.01110874056127,467.01110874056127,467.01110874056127,467.01110874056127,467.01110874056127,467.01110874056127,467.01110874056127,True
DESY3RM-180086,500.0,210.87075387756846,762.7383479540579,144.67496637691505,461.3846639340178,,,,,,,False
DESY3RM-180217,500.0,308.278221178373,500.5495085903356,307.6958042844028,502.77310823469,307.4322886323015,503.8821287931914,351.19304062218947,375.9040601801289,375.9040601801289,375.9040601801289,True
DESY3RM-180278,500.0,,,,,,,,,,,False
DESY3RM-180548,500.0,247.80428040240182,,,,,,,,,,False
DESY3RM-181416,500.0,32.271434041152276,,,,,,,,,,False
DESY3RM-181615,500.0,,,,,,,,,,,False
DESY3RM-181627,500.0,924.9801861644071,661.6250225888984,470.00651665111525,876.7658373352415,733.1551302938749,,,,,,False
DESY3RM-181941,500.0,206.1477246270974,595.2560430313407,391.10473353796937,185.4722700329655,382.66403529880193,189.5705170189529,213.30219822660297,658.2662062012591,287.5530860734055,356.6803326336886,False
DESY3RM-181987,500.0,450.0442949448007,444.79369369770296,398.744607169802,451.71770148601746,409.2997318457214,409.2997318457214,409.2997318457214,409.2997318457214,409.2997318457214,409.2997318457214,True
DESY3RM-182091,500.0,397.2829969231102,,,,,,,,,,False
DESY3RM-182237,500.0,,,,,,,,,,,False
DESY3RM-182708,500.0,413.05178264206137,50.50991281666136,,,,,,,,,False
DESY3RM-182767,500.0,429.2251583986437,587.0796738264376,429.0377947571221,404.7340976031628,404.7340976031628,404.7340976031628,404.7340976031628,404.7340976031628,404.7340976031628,404.7340976031628,True
DESY3RM-183153,500.0,1266.9000511496881,1409.0025305000981,1460.553249646102,1459.1366073296424,1459.1366073296424,1459.1366073296424,1459.1366073296424,1459.1366073296424,1459.1366073296424,1459.1366073296424,True
DESY3RM-183265,500.0,411.04698250611807,202.72868209868264,1019.86380906815,,,,,,,,False
DESY3RM-183581,500.0,162.90695804085843,,,,,,,,,,False
DESY3RM-183603,500.0,682.141207759766,,,,,,,,,,False
DESY3RM-184280,500.0,1945.8184963143062,206.58086809544648,325.0461143703797,329.27852721414723,329.27852721414723,329.27852721414723,329.27852721414723,329.27852721414723,329.27852721414723,329.27852721414723,True
DESY3RM-184540,500.0,,,,,,,,,,,False
DESY3RM-184689,500.0,,,,,,,,,,,False
DESY3RM-184833,500.0,,,,,,,,,,,False
DESY3RM-185194,500.0,474.1431633768921,42.46206349877506,,,,,,,,,False
DESY3RM-185735,500.0,,,,,,,,,,,False
DESY3RM-185737,500.0,541.9911966568098,533.0561657192098,504.34121709667625,541.514689977949,541.514689977949,541.514689977949,541.514689977949,541.514689977949,541.514689977949,541.514689977949,True
DESY3RM-185928,500.0,95.51507550203972,706.0733082820864,,,,,,,,,False
DESY3RM-186117,500.0,,,,,,,,,,,False
DESY3RM-186494,500.0,1354.534958722248,,,,,,,,,,False
DESY3RM-186577,500.0,471.46049334706277,432.05069402146967,414.9518913983886,412.90307699984805,412.90307699984805,412.90307699984805,412.90307699984805,412.90307699984805,412.90307699984805,412.90307699984805,True
DESY3RM-186758,500.0,213.54867423151993,434.26815863342,357.55548092900233,183.13105521635515,408.55283355707144,186.17238056185263,408.54889722019334,186.17938582864195,408.5599038523729,185.82643753303878,False
DESY3RM-186954,500.0,,,,,,,,,,,False
DESY3RM-187351,500.0,635.4969929315688,554.8169146362776,312.24137815765795,292.6921037486631,292.6921037486631,292.6921037486631,292.6921037486631,292.6921037486631,292.6921037486631,292.6921037486631,True
DESY3RM-187573,500.0,412.64145839928045,,,,,,,,,,False
DESY3RM-187842,500.0,766.5406687196693,,,,,,,,,,False
DESY3RM-188230,500.0,,,,,,,,,,,False
DESY3RM-188347,500.0,881.8783422690008,1416.0872465682853,1572.3979478980314,1406.449229119114,1546.2255974149443,1546.2255974149443,1546.2255974149443,1546.2255974149443,1546.2255974149443,1546.2255974149443,True
DESY3RM-188464,500.0,155.62178821395744,388.3324041281207,187.11477127614455,518.8991526458706,155.9642637803801,387.78175707131544,,,,,False
DESY3RM-188509,500.0,395.06294418309443,142.50181861606637,696.4932865130532,317.001730573053,156.48773091438898,696.4543587975476,317.8183730885505,155.6609497332574,164.79325355968265,,False
DESY3RM-188582,500.0,590.7765928095102,1485.7984678111159,4071.765659362234,518.8907746027162,38.085617797805874,,,,,,False
DESY3RM-188940,500.0,200.21638768972684,,,,,,,,,,False
DESY3RM-189440,500.0,53.294547379873315,,,,,,,,,,False
DESY3RM-189746,500.0,537.328112376316,555.5359233856947,605.980416264399,728.8150664192402,196.045805923528,374.9618523041704,112.63310051652859,,,,False
DESY3RM-189803,500.0,,,,,,,,,,,False
DESY3RM-190461,500.0,246.1924307343142,39.72424838258305,,,,,,,,,False
DESY3RM-190528,500.0,,,,,,,,,,,False
DESY3RM-190837,500.0,30.079671625460307,,,,,,,,,,False
DESY3RM-191274,500.0,,,,,,,,,,,False
DESY3RM-191728,500.0,35.27190613839971,,,,,,,,,,False
DESY3RM-191744,500.0,276.71599118406823,1144.6750592741355,685.7628365655985,575.8878277056249,278.5911385832269,317.29790923830024,60.32379645763241,,,,False
DESY3RM-191939,500.0,539.4999394408391,941.770988996007,646.6555797867866,416.69651689011675,319.8153154043632,536.892415944871,685.7931553331274,468.80097530269256,50.95234338112985,,False
DESY3RM-192013,500.0,464.46055580275026,209.68041099588396,25.199470268096537,,,,,,,,False
DESY3RM-192144,500.0,130.5679461153771,389.3550067898022,,,,,,,,,False
DESY3RM-192516,500.0,473.88458647222564,438.79189895654775,472.72630137611554,437.82154096012357,437.8215409601236,437.8215409601237,437.8215409601237,437.8215409601237,437.8215409601237,437.8215409601237,True
DESY3RM-192545,500.0,34.105284210621015,,,,,,,,,,False
DESY3RM-192578,500.0,44.70356240697566,,,,,,,,,,False
DESY3RM-192915,500.0,615.8361912916381,571.6462603765605,491.56972454418707,58.05002531592936,,,,,,,False
DESY3RM-192939,500.0,283.0122162877835,597.9703147902798,46.701147375464224,,,,,,,,False
DESY3RM-192966,500.0,26.220760526604185,,,,,,,,,,False
DESY3RM-193006,500.0,,,,,,,,,,,False
DESY3RM-193178,500.0,339.2105238029121,347.1707003998697,350.3298267850496,370.52551695023664,370.5255169502367,370.52551695023675,370.52551695023675,370.52551695023675,370.52551695023675,370.52551695023675,True
DESY3RM-193595,500.0,217.22675769372233,40.86818027114792,,,,,,,,,False
DESY3RM-193769,500.0,214.32729501296444,658.0987860775358,396.94304627584313,121.83553262715405,,,,,,,False
DESY3RM-193822,500.0,410.4074292363894,400.905497736345,401.17716533534144,400.99637338990755,400.99637338990755,400.99637338990755,400.99637338990755,400.99637338990755,400.99637338990755,400.99637338990755,True
DESY3RM-194269,500.0,,,,,,,,,,,False
DESY3RM-194376,500.0,,,,,,,,,,,False
DESY3RM-194687,500.0,515.7889125052867,550.2786051210447,509.3846231181877,539.9389841303927,539.9389841303927,539.9389841303927,539.9389841303927,539.9389841303927,539.9389841303927,539.9389841303927,True
DESY3RM-195036,500.0,61.82855993563689,,,,,,,,,,False
DESY3RM-195075,500.0,572.6272353758526,567.7931639534403,559.994407779587,567.3960423766163,567.3960423766163,567.3960423766163,567.3960423766163,567.3960423766163,567.3960423766163,567.3960423766163,True
DESY3RM-195079,500.0,239.8546027418288,300.4227757987824,162.20098383818413,,,,,,,,False
DESY3RM-195088,500.0,,,,,,,,,,,False
DESY3RM-195239,500.0,,,,,,,,,,,False
DESY3RM-195559,500.0,274.4730375233131,,,,,,,,,,False
DESY3RM-195920,500.0,842.649224985508,241.64281253235018,598.5908681458956,504.6314723776946,808.4557392851553,254.93628926515106,573.2341213105818,500.9015951155754,676.644514892357,726.3114375761371,True
DESY3RM-196188,500.0,455.8772057037803,450.3133981172133,432.2922601264459,269.2660518741397,561.638468344357,24.331514457465023,,,,,False
DESY3RM-196574,500.0,214.06528683022597,,,,,,,,,,False
DESY3RM-196761,500.0,534.2564168189031,469.33600251467203,546.6346068676698,915.1224442691756,567.5534966998969,276.7232914929413,439.07707591106504,534.4960504857283,467.84019536531247,544.9983296852099,False
DESY3RM-197007,500.0,55.560727768126064,,,,,,,,,,False
DESY3RM-198256,500.0,,,,,,,,,,,False
DESY3RM-198391,500.0,580.2144244565994,613.6861580789172,444.6410094399588,513.7390518007542,592.6861510005439,560.3204005277015,560.3204005277015,560.3204005277015,560.3204005277015,560.3204005277015,True
DESY3RM-198412,500.0,498.45001765723697,493.56756048062414,525.1281055134453,501.3721605584094,501.3721605584094,501.3721605584094,501.3721605584094,501.3721605584094,501.3721605584094,501.3721605584094,True
DESY3RM-198836,500.0,29.932635817974642,,,,,,,,,,False
DESY3RM-199136,500.0,195.93501815334176,174.10405680481202,71.10382136948162,,,,,,,,False
DESY3RM-199204,500.0,,,,,,,,,,,False
DESY3RM-199328,500.0,488.9957706088515,490.76418015506545,490.52477301532593,490.45123405686127,490.45123405686127,490.45123405686127,490.45123405686127,490.45123405686127,490.45123405686127,490.45123405686127,True
DESY3RM-199795,500.0,289.9813324794162,24.946886867724817,,,,,,,,,False
DESY3RM-200238,500.0,805.685052044771,,,,,,,,,,False
DESY3RM-200239,500.0,,,,,,,,,,,False
DESY3RM-200828,500.0,878.9542030629395,762.8374998955094,813.5104575519291,808.710203224637,808.7102032246373,808.7102032246373,808.7102032246373,808.7102032246373,808.7102032246373,808.7102032246373,True
DESY3RM-200987,500.0,50.03878009480495,,,,,,,,,,False
DESY3RM-201346,500.0,324.0910701847917,113.37834302561441,350.3243949859928,107.2547321019751,336.02735965619013,96.603760232133,308.104962280652,,,,False
DESY3RM-201525,500.0,66.77849122395996,,,,,,,,,,False
DESY3RM-201609,500.0,564.1793154052441,677.4822674694739,715.5235782101489,738.5937751226031,738.5937751226031,738.5937751226031,738.5937751226031,738.5937751226031,738.5937751226031,738.5937751226031,True
DESY3RM-201784,500.0,42.21735987399571,,,,,,,,,,False
DESY3RM-201955,500.0,273.7912482323176,528.8470774144331,464.16222411131423,148.26983716588032,,,,,,,False
DESY3RM-202089,500.0,,,,,,,,,,,False
DESY3RM-202647,500.0,,,,,,,,,,,False
DESY3RM-202679,500.0,388.299228509382,157.3893865366058,,,,,,,,,False
DESY3RM-202781,500.0,332.4691177788008,485.526417286401,,,,,,,,,False
DESY3RM-203013,500.0,4322.075753689154,,,,,,,,,,False
DESY3RM-203345,500.0,383.77736183628576,323.49097419591664,184.93781649192763,71.90154234787367,,,,,,,False
DESY3RM-204481,500.0,143.10061901766156,,,,,,,,,,False
DESY3RM-205067,500.0,429.1572246229189,428.4835733174947,,,,,,,,,False
DESY3RM-205175,500.0,945.1493638448902,156.60131241408092,689.6306271816072,25.202710415721015,,,,,,,False
DESY3RM-205213,500.0,,,,,,,,,,,False
DESY3RM-205399,500.0,49.75776926818756,,,,,,,,,,False
DESY3RM-205498,500.0,298.238211749347,,,,,,,,,,False
DESY3RM-205567,500.0,4209.082373167645,628.2988877700733,609.5336489256416,664.1617896454663,664.1617896454663,664.1617896454663,664.1617896454663,664.1617896454663,664.1617896454663,664.1617896454663,True
DESY3RM-205762,500.0,289.5784170004975,259.89770234713177,259.9687910272175,259.8057086677364,259.8057086677364,259.8057086677364,259.8057086677364,259.8057086677364,259.8057086677364,259.8057086677364,True
DESY3RM-205896,500.0,128.76672074393477,,,,,,,,,,False
DESY3RM-206018,500.0,732.168255846464,365.2242284286673,744.0604811743187,723.3481028200772,723.3481028200772,723.3481028200772,723.3481028200772,723.3481028200772,723.3481028200772,723.3481028200772,True
DESY3RM-206534,500.0,754.7285857137331,107.292499431316,,,,,,,,,False
DESY3RM-206935,500.0,185.20485871875883,153.71620162905862,4169.011865589464,1001.3898121512997,40.67503472880379,,,,,,False
DESY3RM-207366,500.0,194.60959636975264,696.1335611091293,103.91823208617967,740.4653425247332,103.57492932587263,741.5111163483089,,,,,False
DESY3RM-209180,500.0,191.0397728632684,25.456942343727818,,,,,,,,,False
DESY3RM-209537,500.0,551.4912027815,,,,,,,,,,False
DESY3RM-209630,500.0,,,,,,,,,,,False
DESY3RM-209934,500.0,485.63644015264066,486.6795775177567,488.907481622373,487.38233492812714,487.38233492812714,487.38233492812714,487.38233492812714,487.38233492812714,487.38233492812714,487.38233492812714,True
DESY3RM-211234,500.0,,,,,,,,,,,False
DESY3RM-211688,500.0,70.6682289648196,,,,,,,,,,False
DESY3RM-211905,500.0,41.11782885247051,,,,,,,,,,False
DESY3RM-212004,500.0,374.9327730745266,394.7499997154602,395.56583007878703,400.688597433693,400.688597433693,400.688597433693,400.688597433693,400.688597433693,400.688597433693,400.688597433693,True
DESY3RM-212078,500.0,244.0540590488124,381.2231814005388,338.3170438725572,293.7184034694994,337.77238835351807,340.1360929905249,340.1360929905249,340.1360929905249,340.1360929905249,340.1360929905249,True
DESY3RM-212619,500.0,475.8224298434324,476.1965426658881,476.194170993149,476.20829249226955,476.20829249226955,476.20829249226955,476.20829249226955,476.20829249226955,476.20829249226955,476.20829249226955,True
DESY3RM-212629,500.0,296.0553808482788,602.4264228776658,299.9609033582082,392.93152134601456,411.39903566119017,411.39903566119017,411.39903566119017,411.39903566119017,411.39903566119017,411.39903566119017,True
DESY3RM-212846,500.0,,,,,,,,,,,False
DESY3RM-212865,500.0,178.71640256172492,,,,,,,,,,False
DESY3RM-212901,500.0,1201.5257807127934,287.29910408247014,288.7583245255803,327.06741554558187,263.7993051597979,,,,,,False
DESY3RM-214383,500.0,70.61611341474175,,,,,,,,,,False
DESY3RM-214406,500.0,567.3611005315764,476.5096928216577,134.55322554043937,,,,,,,,False
DESY3RM-214560,500.0,,,,,,,,,,,False
DESY3RM-214672,500.0,254.04397774055366,89.69479579775523,,,,,,,,,False
DESY3RM-214806,500.0,476.63555618872346,259.2806480150234,446.5323165378659,542.376137724079,476.8437772781896,516.4627422681533,516.4627422681533,516.4627422681533,516.4627422681533,516.4627422681533,True
DESY3RM-215100,500.0,,,,,,,,,,,False
DESY3RM-215113,500.0,124.7853276353666,,,,,,,,,,False
DESY3RM-215554,500.0,60.368780847156806,,,,,,,,,,False
DESY3RM-215785,500.0,188.70941099266855,196.7282799203074,191.98673135001675,191.70088128327106,191.70088128327106,191.70088128327106,191.70088128327106,191.70088128327106,191.70088128327106,191.70088128327106,True
DESY3RM-215891,500.0,,,,,,,,,,,False
DESY3RM-216543,500.0,178.19441473161268,,,,,,,,,,False
DESY3RM-216769,500.0,,,,,,,,,,,False
DESY3RM-216885,500.0,793.2132293064024,875.9667488947174,520.1325912935865,364.00600658122937,887.4467896654123,579.766515513628,353.12210468203926,694.7657605370422,374.2519813687644,826.9044360974398,False
DESY3RM-217086,500.0,376.92162615462047,788.1478147274154,896.268881643166,944.7955939800108,944.7955939800111,944.7955939800112,944.7955939800112,944.7955939800112,944.7955939800112,944.7955939800112,True
DESY3RM-219780,500.0,418.8213036028219,434.5035499146137,432.58194566964517,439.6824168137388,439.6824168137388,439.6824168137388,439.6824168137388,439.6824168137388,439.6824168137388,439.6824168137388,True
DESY3RM-220200,500.0,1221.3564711186498,460.169395843335,32.516709148607546,,,,,,,,False
DESY3RM-220341,500.0,,,,,,,,,,,False
DESY3RM-220372,500.0,457.8537475611597,279.96900581345704,,,,,,,,,False
DESY3RM-220739,500.0,527.239975008658,1355.4640952247519,535.8264799672972,1178.3426831382328,430.7951616773453,515.9183836606834,497.789799911473,497.789799911473,497.789799911473,497.789799911473,True
DESY3RM-220822,500.0,,,,,,,,,,,False
DESY3RM-221567,500.0,910.4588411453933,365.3932603879936,291.35112983738435,66.86871373597587,,,,,,,False
DESY3RM-221833,500.0,596.9227865570253,458.93429054858086,699.2492781763834,237.91088877531726,458.78317584880915,699.085600405683,238.2258223593094,459.226555616899,702.7673306572959,,False
DESY3RM-222225,500.0,574.9065981087169,1391.3676708355542,,,,,,,,,False
DESY3RM-222367,500.0,66.26405225915494,,,,,,,,,,False
DESY3RM-222560,500.0,49.96217096455193,,,,,,,,,,False
DESY3RM-222794,500.0,42.78447119062314,,,,,,,,,,False
DESY3RM-223451,500.0,,,,,,,,,,,False
DESY3RM-223711,500.0,467.5585047392006,467.0640827563988,,,,,,,,,False
DESY3RM-223894,500.0,686.8592297479935,776.3621010444105,793.0136639279029,719.0968992727555,719.0968992727555,719.0968992727555,719.0968992727555,719.0968992727555,719.0968992727555,719.0968992727555,True
DESY3RM-224144,500.0,359.8092986067063,1067.3618597948434,108.91544708922838,,,,,,,,False
DESY3RM-224467,500.0,480.904929483516,422.47858122446695,481.1269397172627,34.16227467123393,,,,,,,False
DESY3RM-224806,500.0,357.9221300116661,702.7181347966829,335.2095091305096,1963.5533836091658,426.41572486926134,464.8942000366019,464.8942000366019,464.8942000366019,464.8942000366019,464.8942000366019,True
DESY3RM-224872,500.0,1350.97130717633,,,,,,,,,,False
DESY3RM-225316,500.0,425.33039737920836,485.15582365595304,372.85879573468344,131.0570917343562,,,,,,,False
DESY3RM-225511,500.0,254.26141834720568,489.5420409174685,725.8494969825974,,,,,,,,False
DESY3RM-225582,500.0,385.7213480267427,379.04384440642,375.90283486764633,376.52984085190747,376.52984085190747,376.52984085190747,376.52984085190747,376.52984085190747,376.52984085190747,376.52984085190747,True
DESY3RM-225773,500.0,,,,,,,,,,,False
DESY3RM-225963,500.0,955.9060477443865,313.6513736333472,1030.2359741256473,291.1524162906,161.84806952130407,220.30072625652963,3443.116984592881,680.0890380812348,411.48493366207805,290.28522310393754,False
DESY3RM-226023,500.0,362.2702688518053,,,,,,,,,,False
DESY3RM-226024,500.0,160.25352188252248,,,,,,,,,,False
DESY3RM-226173,500.0,37.01524193445529,,,,,,,,,,False
DESY3RM-226500,500.0,555.2225010715065,,,,,,,,,,False
DESY3RM-226709,500.0,,,,,,,,,,,False
DESY3RM-226916,500.0,472.4391087817734,405.7675508138563,342.35583275389655,326.29475871797257,326.29475871797257,326.29475871797257,326.29475871797257,326.29475871797257,326.29475871797257,326.29475871797257,True
DESY3RM-227123,500.0,515.6116585046587,37.640336832718354,,,,,,,,,False
DESY3RM-227323,500.0,74.7890144427915,805.4831399682844,425.95151880080886,28.246823660819405,,,,,,,False
DESY3RM-227618,500.0,,,,,,,,,,,False
DESY3RM-227790,500.0,148.6010824142493,413.81845128153935,174.54976788253236,414.85840620888337,414.96271707261246,414.96271707261246,414.96271707261246,414.96271707261246,414.96271707261246,414.96271707261246,True
DESY3RM-228216,500.0,408.501244971586,429.79813416933195,414.29155398099294,426.49547315012927,426.49547315012927,426.49547315012927,426.49547315012927,426.49547315012927,426.49547315012927,426.49547315012927,True
DESY3RM-228284,500.0,51.293408587432836,,,,,,,,,,False
DESY3RM-228287,500.0,57.99235274496803,,,,,,,,,,False
DESY3RM-228300,500.0,386.5492400402065,727.1637676084207,405.43704119301293,401.34915558353237,401.34915558353237,401.34915558353237,401.34915558353237,401.34915558353237,401.34915558353237,401.34915558353237,True
DESY3RM-228308,500.0,,,,,,,,,,,False
DESY3RM-228384,500.0,208.80794860353063,,,,,,,,,,False
DESY3RM-229835,500.0,464.6200990409172,335.01229633196374,163.2148008918533,,,,,,,,False
DESY3RM-229879,500.0,806.2028456597892,611.484678919712,693.2815282854986,67.20858207465237,,,,,,,False
DESY3RM-230283,500.0,383.47849386982074,184.14876870175158,,,,,,,,,False
DESY3RM-230431,500.0,,,,,,,,,,,False
DESY3RM-231838,500.0,168.93071330169403,687.2191790114146,,,,,,,,,False
DESY3RM-232082,500.0,,,,,,,,,,,False
DESY3RM-232858,500.0,34.522564964877915,,,,,,,,,,False
DESY3RM-232860,500.0,549.0262516685316,434.98392089258243,1180.6873015039819,356.0207572832146,165.82419459081652,,,,,,False
DESY3RM-232901,500.0,,,,,,,,,,,False
DESY3RM-233252,500.0,38.20418593947196,780.8319310932417,2510.203161021501,849.4263307032724,1426.8654784788375,1006.3699261265899,1732.4499967454874,853.4912247289305,1430.9302522935075,1001.7370730534283,False
DESY3RM-233330,500.0,,,,,,,,,,,False
DESY3RM-233621,500.0,525.0004138272773,523.619411838243,526.509659690601,524.4438457565864,524.4438457565864,524.4438457565864,524.4438457565864,524.4438457565864,524.4438457565864,524.4438457565864,True
DESY3RM-233622,500.0,60.7719144573056,,,,,,,,,,False
DESY3RM-233694,500.0,24.613484458533495,,,,,,,,,,False
DESY3RM-233941,500.0,,,,,,,,,,,False
DESY3RM-234071,500.0,768.948907430609,563.9971633214535,680.0768011170115,516.6005210295434,207.06819582550807,847.7343089003499,615.1485400938321,500.68117035934466,783.2203122353892,533.2035358824475,False
DESY3RM-234365,500.0,,,,,,,,,,,False
DESY3RM-234905,500.0,1745.642238413029,,,,,,,,,,False
DESY3RM-234957,500.0,826.2313945838335,312.6187482667372,266.5032491033455,688.6670319477339,109.31493727358833,,,,,,False
DESY3RM-235299,500.0,,,,,,,,,,,False
DESY3RM-237015,500.0,186.48365111980712,360.9664074102763,,,,,,,,,False
DESY3RM-237098,500.0,180.53649849583655,444.2266113002907,189.72259790808766,422.9575327376895,197.90065547772528,405.98473797203667,75.20360806368441,,,,False
DESY3RM-237469,500.0,25.70685622244484,,,,,,,,,,False
DESY3RM-237895,500.0,,,,,,,,,,,False
DESY3RM-239244,500.0,,,,,,,,,,,False
DESY3RM-239455,500.0,428.3770160529191,312.2632625191822,313.98143873997117,61.79326020519567,,,,,,,False
DESY3RM-239637,500.0,30.211348940761994,,,,,,,,,,False
DESY3RM-240276,500.0,362.41353150311716,186.2766012316052,,,,,,,,,False
DESY3RM-240596,500.0,,,,,,,,,,,False
DESY3RM-240698,500.0,359.4416291456064,472.81134612039716,329.2569157844953,414.10496974319574,346.2643456170617,474.4843870834645,362.0099918418295,473.3032405470423,50.89873101329709,,False
DESY3RM-240795,500.0,1071.106034268024,65.65870447888341,,,,,,,,,False
DESY3RM-241173,500.0,,,,,,,,,,,False
DESY3RM-241902,500.0,688.2772093677476,382.9670849327398,375.1419958543308,296.6574100426129,290.47204892290097,290.47204892290097,290.47204892290097,290.47204892290097,290.47204892290097,290.47204892290097,True
DESY3RM-241941,500.0,163.8427449178697,1904.3337695375733,918.2357805623309,197.27038665344557,26.684020455113252,,,,,,False
DESY3RM-242071,500.0,731.3271821093167,552.1646269420988,713.8657247997846,574.1199614821489,672.1294528427629,581.476028739745,736.1030360104658,584.373210082862,747.1565581520782,591.9687268018322,False
DESY3RM-242278,500.0,,,,,,,,,,,False
DESY3RM-242737,500.0,74.90094162860598,,,,,,,,,,False
DESY3RM-243147,500.0,790.2159844337226,209.4226185734639,448.69265623421774,487.87391107359184,487.87391107359184,487.87391107359184,487.87391107359184,487.87391107359184,487.87391107359184,487.87391107359184,True
DESY3RM-243263,500.0,420.6209591523575,494.14051932651483,423.05190482504656,494.5313732928387,423.67381268875874,465.44832456655996,465.44832456655996,465.44832456655996,465.44832456655996,465.44832456655996,True
DESY3RM-243310,500.0,179.93916756475798,,,,,,,,,,False
DESY3RM-243557,500.0,306.31234079408443,268.6281492741721,268.8180934034836,268.3363173115076,268.3363173115076,268.3363173115076,268.3363173115076,268.3363173115076,268.3363173115076,268.3363173115076,True
DESY3RM-243566,500.0,,,,,,,,,,,False
DESY3RM-243661,500.0,,,,,,,,,,,False
DESY3RM-245121,500.0,435.63388498341175,421.4557247944502,414.6579255793364,417.38046083276066,417.38046083276066,417.38046083276066,417.38046083276066,417.38046083276066,417.38046083276066,417.38046083276066,True
DESY3RM-245475,500.0,,,,,,,,,,,False
DESY3RM-246513,500.0,378.5795452105396,372.81595628487986,369.60874587384177,370.0654369807745,370.0654369807745,370.0654369807745,370.0654369807745,370.0654369807745,370.0654369807745,370.0654369807745,True
DESY3RM-246761,500.0,322.7166910483679,382.7716253220284,384.4189509487866,398.29201987563823,398.29201987563823,398.29201987563823,398.29201987563823,398.29201987563823,398.29201987563823,398.29201987563823,True
DESY3RM-246920,500.0,987.3785551266187,,,,,,,,,,False
DESY3RM-246941,500.0,,,,,,,,,,,False
DESY3RM-247013,500.0,317.5612219729197,591.9926590278451,55.47937969698282,,,,,,,,False
DESY3RM-248385,500.0,65.5873362057477,,,,,,,,,,False
DESY3RM-248670,500.0,636.5379562211501,332.7315364927693,350.20813510692824,346.2188532448345,346.2188532448345,346.2188532448345,346.2188532448345,346.2188532448345,346.2188532448345,346.2188532448345,True
DESY3RM-248882,500.0,348.17526430190264,872.3639164998391,267.8054979476005,655.1880819339726,452.6729366442733,516.3064426758975,396.7854854744141,55.5596324802208,,,False
DESY3RM-248916,500.0,1497.508656591599,821.7730516637234,,,,,,,,,False
DESY3RM-248926,500.0,522.8553727973456,33.975642392728005,,,,,,,,,False
DESY3RM-249077,500.0,211.62151181300763,187.8307241301505,128.39964751454946,540.5321276742302,,,,,,,False
DESY3RM-249086,500.0,746.168075693244,744.6329165853222,759.4991496757598,753.264004101327,753.2640041013271,753.2640041013274,753.2640041013275,753.2640041013276,753.2640041013276,753.2640041013276,True
DESY3RM-250039,500.0,444.63580105172605,466.8958027413385,462.40964891304213,462.7701201926443,462.7701201926444,462.7701201926444,462.7701201926444,462.7701201926444,462.7701201926444,462.7701201926444,True
DESY3RM-250091,500.0,,,,,,,,,,,False
DESY3RM-250310,500.0,456.8947788518873,394.5529639795578,339.7174843037255,647.776333650671,365.7703762786535,699.2881291697299,166.17999364298083,155.40563514430156,155.40563514430156,155.40563514430156,True
DESY3RM-250367,500.0,655.7983136048719,252.51143840993478,,,,,,,,,False
DESY3RM-250897,500.0,767.3313797500138,760.2007018055688,752.444342279829,746.4897115958134,746.4897115958134,746.4897115958134,746.4897115958134,746.4897115958134,746.4897115958134,746.4897115958134,True
DESY3RM-251382,500.0,737.9816151023609,432.8680930582097,,,,,,,,,False
DESY3RM-252049,500.0,61.88689042411393,,,,,,,,,,False
DESY3RM-252110,500.0,,,,,,,,,,,False
DESY3RM-252199,500.0,1373.2310192073962,904.8691667644548,648.684585962352,653.4829698097337,653.4829698097338,653.4829698097338,653.4829698097338,653.4829698097338,653.4829698097338,653.4829698097338,True
DESY3RM-252203,500.0,632.0632261256534,,,,,,,,,,False
DESY3RM-252317,500.0,134.07966750836013,843.6404352722824,326.1650772184564,1583.2819985411381,966.7627402350828,153.56848136263505,1030.7677406580074,175.27074321776877,557.3973103358829,223.3911295679024,False
DESY3RM-252894,500.0,,,,,,,,,,,False
DESY3RM-253076,500.0,204.92842293583604,499.47134799361345,382.1417595842357,418.960801513917,418.960801513917,418.960801513917,418.960801513917,418.960801513917,418.960801513917,418.960801513917,True
DESY3RM-253108,500.0,81.60077673702612,,,,,,,,,,False
DESY3RM-253710,500.0,224.00838922656402,132.7677307699524,78.38555264556985,,,,,,,,False
DESY3RM-253780,500.0,,,,,,,,,,,False
DESY3RM-253814,500.0,396.08253982329967,157.8722845632056,,,,,,,,,False
DESY3RM-253974,500.0,29.279667758663653,,,,,,,,,,False
DESY3RM-254172,500.0,293.64470677560644,349.3921987842845,,,,,,,,,False
DESY3RM-254825,500.0,,,,,,,,,,,False
DESY3RM-255122,500.0,,,,,,,,,,,False
DESY3RM-255268,500.0,,,,,,,,,,,False
DESY3RM-255549,500.0,196.23331905689184,,,,,,,,,,False
DESY3RM-256193,500.0,336.2411518287878,182.1488360037503,26.647356574152905,,,,,,,,False
DESY3RM-256635,500.0,495.0768091365622,568.3303348583565,496.15857658401717,547.5725858623388,593.1444068845908,593.1444068845908,593.1444068845908,593.1444068845908,593.1444068845908,593.1444068845908,True
DESY3RM-256697,500.0,465.699424884549,363.1838264789117,397.4124814948184,355.3008566067655,,,,,,,False
DESY3RM-257876,500.0,110.22918450676468,,,,,,,,,,False
DESY3RM-258292,500.0,,,,,,,,,,,False
DESY3RM-258609,500.0,242.66893073569187,547.2152605651675,408.638277456907,40.08159907747781,,,,,,,False
DESY3RM-258912,500.0,597.9175555503184,618.496352036184,,,,,,,,,False
DESY3RM-259187,500.0,1336.3748118269737,203.8771394016992,1199.5291040260006,25.104257617789816,,,,,,,False
DESY3RM-259193,500.0,203.04821059612038,188.03778603249276,186.43394317548177,201.61691463087936,201.61691463087936,201.61691463087936,201.61691463087936,201.61691463087936,201.61691463087936,201.61691463087936,True
DESY3RM-259552,500.0,225.305436341188,37.773816334167755,,,,,,,,,False
DESY3RM-259714,500.0,45.157109297005064,,,,,,,,,,False
DESY3RM-259854,500.0,,,,,,,,,,,False
DESY3RM-259865,500.0,315.2343031752015,,,,,,,,,,False
DESY3RM-259891,500.0,520.1707960799766,523.5759176133639,515.854910499165,524.1401906127702,524.1401906127702,524.1401906127702,524.1401906127702,524.1401906127702,524.1401906127702,524.1401906127702,True
DESY3RM-260029,500.0,120.11887532803483,,,,,,,,,,False
DESY3RM-260206,500.0,581.0866587449582,144.10459736710922,,,,,,,,,False
DESY3RM-260336,500.0,1153.6192452581956,72.82130768459167,,,,,,,,,False
DESY3RM-260804,500.0,,,,,,,,,,,False
DESY3RM-261016,500.0,164.03249813531713,,,,,,,,,,False
DESY3RM-262040,500.0,400.4133896784256,396.3626522719997,392.42119662385255,399.3070089275158,399.3070089275158,399.3070089275158,399.3070089275158,399.3070089275158,399.3070089275158,399.3070089275158,True
DESY3RM-262342,500.0,413.01278757862224,390.6077822503783,337.27122471780524,390.7873135195716,334.6760679468842,453.6935645898551,414.0057236238005,414.0057236238005,414.0057236238005,414.0057236238005,True
DESY3RM-262814,500.0,534.4859098230054,124.10783537711961,,,,,,,,,False
DESY3RM-263113,500.0,405.9971686563738,361.9039141556911,491.145778517413,397.67504924434763,412.71406965767136,412.7140696576715,412.7140696576715,412.7140696576715,412.7140696576715,412.7140696576715,True
DESY3RM-263183,500.0,207.93259893541463,384.18463102464887,188.29589049221573,436.923092307686,413.7444159823742,413.7444159823742,413.7444159823742,413.7444159823742,413.7444159823742,413.7444159823742,True
DESY3RM-263224,500.0,48.85726010635119,,,,,,,,,,False
DESY3RM-263619,500.0,364.8888274191223,377.3306632552807,372.11533317741544,370.775832918843,370.775832918843,370.775832918843,370.775832918843,370.775832918843,370.775832918843,370.775832918843,True
DESY3RM-263825,500.0,722.2075263267602,797.502084855265,688.6283104340424,834.1447870332389,682.6891792102723,829.1738605972629,684.2068460692177,847.9471057540089,682.3707888493543,826.1474059232168,False
DESY3RM-264322,500.0,168.79227613533072,,,,,,,,,,False
DESY3RM-264810,500.0,,,,,,,,,,,False
DESY3RM-265996,500.0,528.5625827512943,566.8663992058931,576.3934684861513,574.8297679051115,574.8297679051115,574.8297679051115,574.8297679051115,574.8297679051115,574.8297679051115,574.8297679051115,True
DESY3RM-266854,500.0,365.0620815135087,39.92525027753035,,,,,,,,,False
DESY3RM-267111,500.0,393.6759414221713,2896.4046909212702,340.5576641691202,143.322542228325,,,,,,,False
DESY3RM-267134,500.0,,,,,,,,,,,False
DESY3RM-267894,500.0,384.9817302873065,600.3857889090795,389.8089614041255,595.7457852194866,400.7417833202013,608.0705457573562,404.47331718581734,618.7990324049371,396.3774173906237,601.8656831272416,False
DESY3RM-268339,500.0,36.798281445322544,,,,,,,,,,False
DESY3RM-269027,500.0,435.95336828596845,500.70670588588985,438.297963128395,503.5195532494653,436.79247381212355,500.9731445634495,437.9666590124986,502.3298435123822,438.3072461990294,502.660467978408,False
DESY3RM-269333,500.0,,,,,,,,,,,False
DESY3RM-269486,500.0,42.866800058085026,,,,,,,,,,False
DESY3RM-270061,500.0,396.7274492484938,137.89383399221524,,,,,,,,,False
DESY3RM-270144,500.0,642.3990817298984,401.0544908486641,159.61345408375456,400.1198039279559,677.284776959169,430.6001329677085,160.39165228548697,398.96008082191315,159.71265003687986,400.3263013286124,False
DESY3RM-270366,500.0,547.2483749721973,830.6055230673372,322.6365031236271,280.47584223102405,330.1048816901343,297.5018876487433,297.5018876487433,297.5018876487433,297.5018876487433,297.5018876487433,True
DESY3RM-270688,500.0,457.6402864143794,455.4897585243376,458.52231450088,450.10253406639436,450.10253406639447,450.1025340663945,450.1025340663945,450.1025340663945,450.1025340663945,450.1025340663945,True
DESY3RM-270814,500.0,386.25826240167936,274.3085522885105,,,,,,,,,False
DESY3RM-270833,500.0,483.408439407359,,,,,,,,,,False
DESY3RM-271286,500.0,105.6258323801099,266.7383845070931,,,,,,,,,False
DESY3RM-271751,500.0,1361.7861314925756,1362.2872728163838,1375.9847844328417,417.9654921649173,344.35771512243593,196.51937688665186,,,,,False
DESY3RM-272031,500.0,1100.423062474544,1100.2561272871494,1100.5987690584568,1100.163257232107,1100.163257232107,1100.163257232107,1100.163257232107,1100.163257232107,1100.163257232107,1100.163257232107,True
DESY3RM-272168,500.0,422.24207178590945,421.2030712554993,421.0634520435508,416.53691491091456,416.53691491091456,416.53691491091456,416.53691491091456,416.53691491091456,416.53691491091456,416.53691491091456,True
DESY3RM-272482,500.0,1010.9973861479377,,,,,,,,,,False
DESY3RM-272618,500.0,145.7423415698942,,,,,,,,,,False
DESY3RM-272682,500.0,87.25725585695022,,,,,,,,,,False
DESY3RM-272940,500.0,402.0999996895647,,,,,,,,,,False
DESY3RM-273226,500.0,,,,,,,,,,,False
DESY3RM-273488,500.0,1074.2587898112583,1194.726589902395,1171.1942949587392,1174.4752863457184,1174.4752863457184,1174.4752863457184,1174.4752863457184,1174.4752863457184,1174.4752863457184,1174.4752863457184,True
DESY3RM-273518,500.0,,,,,,,,,,,False
DESY3RM-274144,500.0,794.5668072726137,159.15496470184556,541.7496702983058,544.0015584954963,544.0015584954963,544.0015584954963,544.0015584954963,544.0015584954963,544.0015584954963,544.0015584954963,True
DESY3RM-274326,500.0,148.49639894745505,,,,,,,,,,False
DESY3RM-274354,500.0,1005.12340510703,,,,,,,,,,False
DESY3RM-274622,500.0,404.8380926869074,24.645194975838987,,,,,,,,,False
DESY3RM-274768,500.0,271.2983747122626,,,,,,,,,,False
DESY3RM-275098,500.0,,,,,,,,,,,False
DESY3RM-275644,500.0,,,,,,,,,,,False
DESY3RM-275698,500.0,,,,,,,,,,,False
DESY3RM-275869,500.0,,,,,,,,,,,False
DESY3RM-276321,500.0,598.3092700983673,123.14355672201341,,,,,,,,,False
DESY3RM-276641,500.0,63.16435861645536,,,,,,,,,,False
DESY3RM-277029,500.0,180.94136342956872,,,,,,,,,,False
DESY3RM-277276,500.0,322.70995849377493,220.22058322892764,171.3655124594113,309.4766407155633,310.1648362820129,310.1648362820129,310.1648362820129,310.1648362820129,310.1648362820129,310.1648362820129,True
DESY3RM-277560,500.0,342.29435955197897,445.51560483332423,339.8078885354781,441.8083574190021,337.15081644069875,439.00620656637784,338.44591841238775,439.63260315585677,339.2926874794579,439.6409696027004,False
DESY3RM-277648,500.0,775.4237755960556,751.8976136603351,836.8088934770651,677.7112892227946,762.1121817818397,775.7052921584021,775.7052921584021,775.7052921584021,775.7052921584021,775.7052921584021,True
DESY3RM-277692,500.0,,,,,,,,,,,False
DESY3RM-277695,500.0,,,,,,,,,,,False
DESY3RM-277784,500.0,621.1633871470306,246.4026843050978,416.9049958070151,127.75487586514797,,,,,,,False
DESY3RM-277792,500.0,196.80850770091584,920.7810999126033,,,,,,,,,False
DESY3RM-278360,500.0,25.14992190648185,,,,,,,,,,False
DESY3RM-278606,500.0,636.2975871695866,,,,,,,,,,False
DESY3RM-278711,500.0,340.89701492127125,191.98753782013733,519.2107789186352,326.22134914663576,192.93742332797797,460.95367671116975,46.604046689601304,,,,False
DESY3RM-278772,500.0,68.54696009133976,,,,,,,,,,False
DESY3RM-278971,500.0,430.37152821264334,356.95124258387426,462.72991343338066,355.7401171010404,462.91112523851365,355.7827880466822,465.65502157613156,356.6446923243027,472.2896567644016,355.3152008378086,False
DESY3RM-279609,500.0,25.179019541767573,,,,,,,,,,False
DESY3RM-280014,500.0,55.22306750727726,,,,,,,,,,False
DESY3RM-280413,500.0,457.4402308229114,1232.4280581140056,,,,,,,,,False
DESY3RM-280499,500.0,213.89183918834266,235.17738206185984,180.95460064158567,107.63816960347742,452.8130143826662,181.74985024426903,372.3818536911787,167.52539936411696,731.2302713923455,293.82784568946215,False
DESY3RM-281763,500.0,1172.7797633718124,39.86997134260104,,,,,,,,,False
DESY3RM-281787,500.0,811.9326125842776,735.2744389014109,706.9321541898316,680.212507424323,680.212507424323,680.212507424323,680.212507424323,680.212507424323,680.212507424323,680.212507424323,True
DESY3RM-281880,500.0,404.7971530471157,318.99560688721704,237.96943938656682,456.8160324817768,457.28129992458685,457.28129992458685,457.28129992458685,457.28129992458685,457.28129992458685,457.28129992458685,True
DESY3RM-282052,500.0,229.67344460284693,486.6167649794871,228.11046576120376,486.64209733810293,227.98826359311852,486.67039161797595,230.14855434812262,485.78575926741087,223.7683105966404,485.92138674214755,False
DESY3RM-282328,500.0,,,,,,,,,,,False
DESY3RM-282953,500.0,27.526770929527245,,,,,,,,,,False
DESY3RM-283017,500.0,124.76314545112363,,,,,,,,,,False
DESY3RM-283174,500.0,,,,,,,,,,,False
DESY3RM-283301,500.0,99.17386010116141,,,,,,,,,,False
DESY3RM-283504,500.0,182.5795735907037,720.6820142291227,282.8606969438605,,,,,,,,False
DESY3RM-284244,500.0,292.7712754059619,419.8323387895631,402.8966204170663,400.0820049668657,400.0820049668657,400.0820049668657,400.0820049668657,400.0820049668657,400.0820049668657,400.0820049668657,True
DESY3RM-284331,500.0,1323.2010034328657,,,,,,,,,,False
DESY3RM-284584,500.0,426.3549128576106,473.23977228401895,473.8150631010017,516.5446997034179,516.5446997034179,516.5446997034179,516.5446997034179,516.5446997034179,516.5446997034179,516.5446997034179,True
DESY3RM-284678,500.0,,,,,,,,,,,False
DESY3RM-285511,500.0,223.6785343932676,259.15536470215915,357.11594397454394,312.61625157596404,393.0923531070665,240.34412165909686,336.52492551587403,356.2366361560273,356.2366361560273,356.2366361560273,True
DESY3RM-285524,500.0,,,,,,,,,,,False
DESY3RM-285879,500.0,455.251645067711,213.79270932590117,252.7701964380325,245.66394022748014,245.66394022748014,245.66394022748014,245.66394022748014,245.66394022748014,245.66394022748014,245.66394022748014,True
DESY3RM-286941,500.0,1922.083758775524,235.83563273777324,526.9859704012397,,,,,,,,False
DESY3RM-286943,500.0,245.93821739491943,,,,,,,,,,False
DESY3RM-287393,500.0,370.4930069252688,,,,,,,,,,False
DESY3RM-287741,500.0,1094.1702876027,958.6319002189612,379.9738077481218,815.2815140437287,26.604612518597992,506.43074234048527,763.7611811776219,491.9603051986417,420.9599419308076,620.8956004108462,False
DESY3RM-287820,500.0,,,,,,,,,,,False
DESY3RM-287838,500.0,198.70414766453018,113.88251808587697,,,,,,,,,False
DESY3RM-288470,500.0,440.5654409569628,526.8255439404605,414.24225954315284,214.56999322282635,527.7848336188789,406.12857172469205,527.71560469216,405.92310673983076,356.0482373843872,404.16749713128206,False
DESY3RM-288642,500.0,410.7896430622774,456.00064762250463,450.80664287925447,453.165580732295,453.16558073229504,453.16558073229504,453.16558073229504,453.16558073229504,453.16558073229504,453.16558073229504,True
DESY3RM-289255,500.0,1168.3516817245825,24.70491075220729,,,,,,,,,False
DESY3RM-289453,500.0,,,,,,,,,,,False
DESY3RM-289629,500.0,,,,,,,,,,,False
DESY3RM-290159,500.0,,,,,,,,,,,False
DESY3RM-290319,500.0,,,,,,,,,,,False
DESY3RM-290471,500.0,676.5246682052071,178.51164300689712,425.8756170983818,666.1674618894273,676.5400607909045,676.5400607909045,676.5400607909045,676.5400607909045,676.5400607909045,676.5400607909045,True
DESY3RM-290552,500.0,470.58472203658266,1564.7805004763247,47.49203003310602,,,,,,,,False
DESY3RM-290579,500.0,,,,,,,,,,,False
DESY3RM-290582,500.0,159.0679769362321,,,,,,,,,,False
DESY3RM-290676,500.0,159.9520078718473,,,,,,,,,,False
DESY3RM-290851,500.0,64.7490960034304,,,,,,,,,,False
DESY3RM-291339,500.0,147.56382180726416,,,,,,,,,,False
DESY3RM-291644,500.0,163.54364182611505,304.2500330741718,1960.6673702023531,224.030393227733,676.2125271580003,503.36344570291635,163.34935062812522,307.8967501141892,289.23184597048163,289.23184597048163,True
DESY3RM-292453,500.0,438.64526789094526,708.7530156100789,65.29361199082365,,,,,,,,False
DESY3RM-292987,500.0,,,,,,,,,,,False
DESY3RM-294558,500.0,106.7563431514724,,,,,,,,,,False
DESY3RM-295178,500.0,128.75078548741703,,,,,,,,,,False
DESY3RM-295784,500.0,314.2289112735615,241.4114084048323,283.8946322118764,809.7773864759913,440.69095952931326,275.90156578869994,261.7536504850727,261.7536504850727,261.7536504850727,261.7536504850727,True
DESY3RM-296141,500.0,463.53618010127326,525.1620055729438,,,,,,,,,False
DESY3RM-296273,500.0,,,,,,,,,,,False
DESY3RM-296293,500.0,799.8455446245537,299.2409247465764,1403.657025630161,52.19970373944589,,,,,,,False
DESY3RM-296460,500.0,25.56403979800777,,,,,,,,,,False
DESY3RM-296542,500.0,935.6248517923599,51.38376720864008,,,,,,,,,False
DESY3RM-296556,500.0,887.091860360626,716.6205591779268,1160.5592574083912,311.38695991532575,196.757396996592,467.1163371148425,716.4673727257266,1116.3469787895085,,,False
DESY3RM-296735,500.0,49.6396692618983,,,,,,,,,,False
DESY3RM-296748,500.0,75.86731707498856,,,,,,,,,,False
DESY3RM-296815,500.0,614.0560745102983,,,,,,,,,,False
DESY3RM-296975,500.0,,,,,,,,,,,False
DESY3RM-297478,500.0,497.363701767013,494.9473378883833,477.9036389974927,197.77540590315937,204.5025619883676,204.5025619883676,204.5025619883676,204.5025619883676,204.5025619883676,204.5025619883676,True
DESY3RM-297638,500.0,,,,,,,,,,,False
DESY3RM-298095,500.0,,,,,,,,,,,False
DESY3RM-298167,500.0,,,,,,,,,,,False
DESY3RM-298487,500.0,394.11389236569727,362.2053570923268,395.7204715545419,364.0928635715181,364.0928635715181,364.0928635715181,364.0928635715181,364.0928635715181,364.0928635715181,364.0928635715181,True
DESY3RM-298547,500.0,,,,,,,,,,,False
DESY3RM-298639,500.0,428.1262055498478,147.642281928823,,,,,,,,,False
DESY3RM-299093,500.0,400.4951187166687,397.88509269723113,397.7626242165411,397.6844201625328,397.68442016253283,397.68442016253283,397.68442016253283,397.68442016253283,397.68442016253283,397.68442016253283,True
DESY3RM-299271,500.0,183.148219736203,,,,,,,,,,False
DESY3RM-300552,500.0,109.75064833600365,,,,,,,,,,False
DESY3RM-300595,500.0,,,,,,,,,,,False
DESY3RM-300615,500.0,269.9864919101263,,,,,,,,,,False
DESY3RM-300790,500.0,,,,,,,,,,,False
DESY3RM-300828,500.0,445.9427360642767,598.4275863174909,,,,,,,,,False
DESY3RM-300856,500.0,132.99863830012467,380.5625746008726,35.91508197931667,,,,,,,,False
DESY3RM-301970,500.0,,,,,,,,,,,False
DESY3RM-302111,500.0,126.48674693598946,,,,,,,,,,False
DESY3RM-302152,500.0,474.51868357395574,474.069917040786,709.6829948650093,944.3255745182274,432.054922204128,499.3768687469239,474.57800144430763,474.57800144430763,474.57800144430763,474.57800144430763,True
DESY3RM-302643,500.0,31.378315759711928,,,,,,,,,,False
DESY3RM-302664,500.0,47.595855658911475,,,,,,,,,,False
DESY3RM-302934,500.0,407.1449869315014,,,,,,,,,,False
DESY3RM-303147,500.0,61.18879399007748,,,,,,,,,,False
DESY3RM-303234,500.0,,,,,,,,,,,False
DESY3RM-303445,500.0,158.50853579814898,535.5340484817026,956.9956598906124,544.2035125176172,738.4020892007561,168.42154998019205,555.9528317127217,174.20791482054847,566.7379146875826,173.32857526767796,False
DESY3RM-304339,500.0,,,,,,,,,,,False
DESY3RM-304393,500.0,,,,,,,,,,,False
DESY3RM-305365,500.0,447.471702761429,418.95310319192623,424.3309491851332,429.6091963464823,429.6091963464823,429.6091963464823,429.6091963464823,429.6091963464823,429.6091963464823,429.6091963464823,True
DESY3RM-305820,500.0,,,,,,,,,,,False
DESY3RM-306896,500.0,,,,,,,,,,,False
DESY3RM-307400,500.0,488.25895742069713,519.3034213057593,456.62067858945386,,,,,,,,False
DESY3RM-307493,500.0,851.6704684640604,528.040297912823,223.41565658658837,468.0718422122654,187.42406006121763,,,,,,False
DESY3RM-307760,500.0,37.72152007156377,,,,,,,,,,False
DESY3RM-308087,500.0,,,,,,,,,,,False
DESY3RM-309554,500.0,,,,,,,,,,,False
DESY3RM-309824,500.0,53.14058849162832,,,,,,,,,,False
DESY3RM-309866,500.0,76.01425228035639,,,,,,,,,,False
DESY3RM-310210,500.0,447.77757779811185,483.1582367810842,447.2328262790432,484.02521558968607,484.02521558968607,484.02521558968607,484.02521558968607,484.02521558968607,484.02521558968607,484.02521558968607,True
DESY3RM-310469,500.0,595.01206637209,216.29860019118559,60.571660073561155,491.4722852973998,607.1559537332215,318.7636931779458,378.1805882156182,32.82731313037929,,,False
DESY3RM-312287,500.0,,,,,,,,,,,False
DESY3RM-313549,500.0,848.2362881417982,748.4483147394443,24.70011252988744,,,,,,,,False
DESY3RM-313677,500.0,84.95138684219228,,,,,,,,,,False
DESY3RM-314398,500.0,,,,,,,,,,,False
DESY3RM-314905,500.0,368.76564865826083,373.8308916316525,169.42896011727245,,,,,,,,False
DESY3RM-314949,500.0,152.251639812271,,,,,,,,,,False
DESY3RM-315004,500.0,,,,,,,,,,,False
DESY3RM-315801,500.0,,,,,,,,,,,False
DESY3RM-316717,500.0,214.20665269781847,,,,,,,,,,False
DESY3RM-318357,500.0,,,,,,,,,,,False
DESY3RM-318368,500.0,348.9177461440652,49.708863628256005,,,,,,,,,False
DESY3RM-318659,500.0,,,,,,,,,,,False
DESY3RM-318697,500.0,,,,,,,,,,,False
DESY3RM-318788,500.0,28.40396010872943,,,,,,,,,,False
DESY3RM-319899,500.0,719.1745286895932,726.0776290550958,725.4931917160419,725.510867570905,725.510867570905,725.510867570905,725.510867570905,725.510867570905,725.510867570905,725.510867570905,True
DESY3RM-320196,500.0,,,,,,,,,,,False
DESY3RM-320212,500.0,52.28868052947897,,,,,,,,,,False
DESY3RM-320257,500.0,337.9789634383718,,,,,,,,,,False
DESY3RM-320292,500.0,1485.8185430361627,140.11588001000638,,,,,,,,,False
DESY3RM-320464,500.0,369.47149522554264,52.4222270967411,1122.956848439591,191.70691803451194,192.4506690194945,192.4506690194945,192.4506690194945,192.4506690194945,192.4506690194945,192.4506690194945,True
DESY3RM-320474,500.0,360.4381180585848,280.58649533982395,128.47151458765808,154.3750577131784,149.12546681971364,149.12546681971364,149.12546681971364,149.12546681971364,149.12546681971364,149.12546681971364,True
DESY3RM-320861,500.0,43.18404552264062,,,,,,,,,,False
DESY3RM-321229,500.0,79.27581731114459,204.46803972511566,26.37318417515199,,,,,,,,False
DESY3RM-321290,500.0,40.74585417375858,,,,,,,,,,False
DESY3RM-321415,500.0,48.85448301892653,,,,,,,,,,False
DESY3RM-321468,500.0,794.2638287471999,313.0201045390368,336.4874996844238,328.3986142323976,328.3986142323976,328.3986142323976,328.3986142323976,328.3986142323976,328.3986142323976,328.3986142323976,True
DESY3RM-321561,500.0,520.6779067711949,540.3090003493144,516.5122656454583,515.0077445284984,515.0077445284984,515.0077445284984,515.0077445284984,515.0077445284984,515.0077445284984,515.0077445284984,True
DESY3RM-322012,500.0,147.8067839798407,30.53684188762692,,,,,,,,,False
DESY3RM-322118,500.0,429.01336691720456,219.68460887034172,177.09885855959212,389.524140393654,,,,,,,False
DESY3RM-322338,500.0,,,,,,,,,,,False
DESY3RM-323046,500.0,384.44270004144107,,,,,,,,,,False
DESY3RM-324005,500.0,274.8144096641028,45.480061003553814,,,,,,,,,False
DESY3RM-324045,500.0,471.67380938639917,515.3363136538215,470.7230396499351,507.9637715212839,507.9637715212839,507.9637715212839,507.9637715212839,507.9637715212839,507.9637715212839,507.9637715212839,True
DESY3RM-324078,500.0,,,,,,,,,,,False
DESY3RM-324231,500.0,26.22312610592492,,,,,,,,,,False
DESY3RM-324775,500.0,194.29618232895152,257.667980963688,335.1844002480622,,,,,,,,False
DESY3RM-324855,500.0,154.1948957267872,,,,,,,,,,False
DESY3RM-325044,500.0,508.40132400000095,558.5694292270989,424.6442436467634,782.6115292838023,263.7805784632186,1138.4864589545139,217.4174685172392,42.788405420740425,,,False
DESY3RM-325616,500.0,436.6770422681329,449.51593860637234,447.6238433841046,451.89033000897643,451.89033000897643,451.89033000897643,451.89033000897643,451.89033000897643,451.89033000897643,451.89033000897643,True
DESY3RM-325769,500.0,520.5388633613437,901.3444325433669,72.75363827254436,,,,,,,,False
DESY3RM-325865,500.0,716.970520971098,741.4514938429384,741.449651694171,741.4505064131795,741.4505064131796,741.4505064131797,741.4505064131798,741.4505064131799,741.45050641318,741.4505064131802,True
DESY3RM-326020,500.0,,,,,,,,,,,False
DESY3RM-326397,500.0,4076.4738765066913,712.4311740978727,543.2835083722827,454.499710143984,251.154130779416,430.5239621421284,,,,,False
DESY3RM-327182,500.0,225.33438210849923,24.518834132394815,,,,,,,,,False
DESY3RM-327768,500.0,,,,,,,,,,,False
DESY3RM-328730,500.0,642.305863548126,,,,,,,,,,False
DESY3RM-329036,500.0,320.06578431837414,348.02566760884736,440.7254216110038,456.1848319114456,456.1848319114456,456.1848319114456,456.1848319114456,456.1848319114456,456.1848319114456,456.1848319114456,True
DESY3RM-329587,500.0,,,,,,,,,,,False
DESY3RM-329620,500.0,610.0561337362501,180.39574441471675,,,,,,,,,False
DESY3RM-329703,500.0,169.2099527333176,702.057640958151,679.961883520926,1028.1629596732878,113.90329456469445,228.74177537374263,1793.8428349087544,359.45025167654495,280.46725173751474,983.0079547285037,False
DESY3RM-329743,500.0,668.4007655282965,397.37119132594745,398.49131166307257,397.4716987918671,397.4716987918671,397.4716987918671,397.4716987918671,397.4716987918671,397.4716987918671,397.4716987918671,True
DESY3RM-330001,500.0,406.79836310008477,257.2048948819138,376.38201637176377,227.0455850427689,493.3045351352949,367.36146731175234,226.64356346434857,494.1037619534875,366.64487860985895,77.6589924526582,False
DESY3RM-330144,500.0,,,,,,,,,,,False
DESY3RM-330726,500.0,,,,,,,,,,,False
DESY3RM-330990,500.0,,,,,,,,,,,False
DESY3RM-331892,500.0,862.1381120088129,157.47931339350038,,,,,,,,,False
DESY3RM-332344,500.0,,,,,,,,,,,False
DESY3RM-332998,500.0,1264.7740397216337,1142.6201602708243,1124.0874405790196,1123.950210982593,1123.950210982593,1123.950210982593,1123.950210982593,1123.950210982593,1123.950210982593,1123.950210982593,True
DESY3RM-333001,500.0,1035.4636972515764,,,,,,,,,,False
DESY3RM-333107,500.0,407.59734240051205,623.1769875847334,30.597897803170365,,,,,,,,False
DESY3RM-333909,500.0,,,,,,,,,,,False
DESY3RM-335426,500.0,,,,,,,,,,,False
DESY3RM-335758,500.0,42.70694151203596,,,,,,,,,,False
DESY3RM-335771,500.0,68.04232019879959,,,,,,,,,,False
DESY3RM-335821,500.0,333.3279428239803,246.79008372195872,401.21926537482113,247.54327924143152,397.94506263267925,294.1024084759379,179.21297284199312,411.8804325921077,58.42638525690759,,False
DESY3RM-336238,500.0,495.6322480089621,495.95894936690513,492.52942324431643,478.9387361131125,478.9387361131125,478.9387361131125,478.9387361131125,478.9387361131125,478.9387361131125,478.9387361131125,True
DESY3RM-336534,500.0,1262.2787581595405,,,,,,,,,,False
DESY3RM-337052,500.0,,,,,,,,,,,False
DESY3RM-337159,500.0,124.9034368729677,,,,,,,,,,False
DESY3RM-337171,500.0,,,,,,,,,,,False
DESY3RM-337472,500.0,77.0320423599305,,,,,,,,,,False
DESY3RM-338223,500.0,133.47257921256127,,,,,,,,,,False
DESY3RM-339096,500.0,1112.8479553936472,1067.4941083512515,1067.323760541306,1067.2130441042948,1067.2130441042948,1067.2130441042948,1067.2130441042948,1067.2130441042948,1067.2130441042948,1067.2130441042948,True
DESY3RM-339445,500.0,497.6187665528542,496.7469226412971,485.6302742315618,497.7977562762715,497.7977562762715,497.7977562762715,497.7977562762715,497.7977562762715,497.7977562762715,497.7977562762715,True
DESY3RM-340000,500.0,200.39115809731769,29.998244526199006,,,,,,,,,False
DESY3RM-341210,500.0,529.2398206667254,528.8852694483725,529.3874226900159,528.6351479602605,528.6351479602605,528.6351479602605,528.6351479602605,528.6351479602605,528.6351479602605,528.6351479602605,True
DESY3RM-341690,500.0,57.449048336156224,,,,,,,,,,False
DESY3RM-341870,500.0,167.54213681462164,170.6305160097557,294.07569252133965,76.5072561210882,,,,,,,False
DESY3RM-342019,500.0,311.8302389436458,644.1932474244101,,,,,,,,,False
DESY3RM-342067,500.0,62.74687897181806,580.9425658774252,188.5065141081888,1421.386515290043,485.36339090211686,34.804725040289945,605.9480359479949,192.58478082201916,1490.5625077641375,632.0709399341943,False
DESY3RM-342348,500.0,364.8055286564573,415.1618316366358,415.4299511385902,415.79961214008944,415.79961214008944,415.79961214008944,415.79961214008944,415.79961214008944,415.79961214008944,415.79961214008944,True
DESY3RM-342561,500.0,242.94077148781219,56.569407519594876,,,,,,,,,False
DESY3RM-342961,500.0,93.15466609197136,,,,,,,,,,False
DESY3RM-343245,500.0,456.77050231944764,450.3169754904774,449.10710578486487,443.6054193992541,443.6054193992542,443.6054193992542,443.6054193992542,443.6054193992542,443.6054193992542,443.6054193992542,True
DESY3RM-343701,500.0,139.60573879131704,,,,,,,,,,False
DESY3RM-343749,500.0,195.4368972713397,,,,,,,,,,False
DESY3RM-343751,500.0,330.69991823241685,,,,,,,,,,False
DESY3RM-344383,500.0,25.74518750603647,,,,,,,,,,False
DESY3RM-344391,500.0,706.8666690461544,176.56814384743424,,,,,,,,,False
DESY3RM-344482,500.0,470.3173183337819,,,,,,,,,,False
DESY3RM-344616,500.0,491.77668519561786,474.30807693833503,483.36295313281926,497.33344919933177,497.33344919933177,497.33344919933177,497.33344919933177,497.33344919933177,497.33344919933177,497.33344919933177,True
DESY3RM-344673,500.0,465.23408678134274,514.8872316392673,461.5256020096891,515.7836932118589,458.2021358674725,460.35504412426485,460.35504412426485,460.35504412426485,460.35504412426485,460.35504412426485,True
DESY3RM-344928,500.0,656.0631591950854,188.2112191581665,216.86455624439168,,,,,,,,False
DESY3RM-345299,500.0,,,,,,,,,,,False
DESY3RM-345372,500.0,627.6596203229421,314.5601895530415,241.8989826086198,195.99004214874827,,,,,,,False
DESY3RM-345409,500.0,974.689014032297,109.02930882188248,1029.4341614762648,1402.9234574988266,221.28517293623736,870.1385016043741,899.3502049947087,899.3502049947087,899.3502049947087,899.3502049947087,True
DESY3RM-345413,500.0,313.39395819866235,246.9694648829724,298.4995379576957,406.9411985574717,613.0591213869303,275.1594689731947,361.1530930655041,479.1456876968397,1061.9231160209565,357.3882425209469,False
DESY3RM-345608,500.0,173.78476872738898,,,,,,,,,,False
DESY3RM-345865,500.0,53.41015073327985,,,,,,,,,,False
DESY3RM-346082,500.0,,,,,,,,,,,False
DESY3RM-346399,500.0,585.9107486334746,601.5819644759167,548.4720408687681,599.9835449690904,599.9835449690904,599.9835449690904,599.9835449690904,599.9835449690904,599.9835449690904,599.9835449690904,True
DESY3RM-346525,500.0,47.939335802776434,,,,,,,,,,False
DESY3RM-346586,500.0,,,,,,,,,,,False
DESY3RM-346727,500.0,358.378108467184,397.64025612373985,318.87953968379594,364.12804504434223,360.8127192412587,360.8127192412587,360.8127192412587,360.8127192412587,360.8127192412587,360.8127192412587,True
DESY3RM-346996,500.0,390.90751921029,609.4953752401508,457.0431507278171,456.12414304531274,456.12414304531274,456.12414304531274,456.12414304531274,456.12414304531274,456.12414304531274,456.12414304531274,True
DESY3RM-347034,500.0,775.4453292750862,,,,,,,,,,False
DESY3RM-347722,500.0,421.507828467877,166.4055658399208,,,,,,,,,False
DESY3RM-348431,500.0,,,,,,,,,,,False
DESY3RM-348760,500.0,200.03943833956677,,,,,,,,,,False
DESY3RM-350048,500.0,169.09269356511538,861.5205518027457,32.32909733351079,,,,,,,,False
DESY3RM-350522,500.0,267.0470635968539,,,,,,,,,,False
DESY3RM-351481,500.0,,,,,,,,,,,False
DESY3RM-351981,500.0,637.2191137442045,349.2632587866897,330.87099535391,314.35100751723377,314.35100751723377,314.35100751723377,314.35100751723377,314.35100751723377,314.35100751723377,314.35100751723377,True
DESY3RM-352290,500.0,581.7793980634194,593.8947637135889,211.78408767246503,543.8661211658302,593.8922091944806,593.8922091944806,593.8922091944806,593.8922091944806,593.8922091944806,593.8922091944806,True
DESY3RM-352326,500.0,208.64993332211384,,,,,,,,,,False
DESY3RM-352415,500.0,,,,,,,,,,,False
DESY3RM-352591,500.0,,,,,,,,,,,False
DESY3RM-352677,500.0,436.40130864055135,234.51426017344636,,,,,,,,,False
DESY3RM-352720,500.0,1550.9305056912415,,,,,,,,,,False
DESY3RM-352871,500.0,200.14080982551565,650.0312247891777,,,,,,,,,False
DESY3RM-352933,500.0,717.1434279929533,138.25682445466325,,,,,,,,,False
DESY3RM-353706,500.0,310.7015268812406,272.08975295112845,238.58173421516204,176.1743176171555,403.7630114940421,551.7133052158894,525.33350334046,525.3335033404601,525.3335033404602,525.3335033404602,True
DESY3RM-353963,500.0,,,,,,,,,,,False
DESY3RM-354166,500.0,366.3235649215435,440.64861544074904,144.8728998250069,,,,,,,,False
DESY3RM-354635,500.0,,,,,,,,,,,False
DESY3RM-354660,500.0,536.6325081811558,481.0151851369669,527.26505303568,481.93292041501275,481.93292041501275,481.93292041501275,481.93292041501275,481.93292041501275,481.93292041501275,481.93292041501275,True
DESY3RM-354760,500.0,,,,,,,,,,,False
DESY3RM-355224,500.0,403.62301417715116,519.8025916421929,380.4047807635479,169.02914614197806,,,,,,,False
DESY3RM-355298,500.0,596.4229688667004,419.1462543834951,306.0632334346297,203.1327032024944,,,,,,,False
DESY3RM-355802,500.0,124.75234935038296,316.616898876392,125.60589041684061,314.0332801414582,126.89423723857225,,,,,,False
DESY3RM-355962,500.0,,,,,,,,,,,False
DESY3RM-356471,500.0,355.0135306240173,,,,,,,,,,False
DESY3RM-356664,500.0,310.81708589097644,,,,,,,,,,False
DESY3RM-357041,500.0,670.840932406628,269.84726281973917,208.17851465377368,,,,,,,,False
DESY3RM-357480,500.0,1470.5580528014768,,,,,,,,,,False
DESY3RM-358077,500.0,137.12741799117813,,,,,,,,,,False
DESY3RM-358252,500.0,,,,,,,,,,,False
DESY3RM-358446,500.0,351.5672676459811,202.94787046319703,207.13422076356275,202.21039906384738,202.21039906384738,202.21039906384738,202.21039906384738,202.21039906384738,202.21039906384738,202.21039906384738,True
DESY3RM-358553,500.0,,,,,,,,,,,False
DESY3RM-359273,500.0,26.425238373995178,,,,,,,,,,False
DESY3RM-359364,500.0,,,,,,,,,,,False
DESY3RM-359477,500.0,409.7189511036718,,,,,,,,,,False
DESY3RM-360933,500.0,262.0752614909834,408.24448469096717,185.38069826779625,336.7577474136262,77.94296103578864,,,,,,False
DESY3RM-361014,500.0,167.45680519034377,162.436915509676,1500.1608104199615,445.46241701253496,4117.433816822754,215.47193116522297,,,,,False
DESY3RM-361516,500.0,138.2644948506447,,,,,,,,,,False
DESY3RM-361617,500.0,767.3536962827868,,,,,,,,,,False
DESY3RM-361734,500.0,312.8626366517506,790.0786262604969,448.22859289641156,353.1400200859795,163.54526158135567,48.824698240978364,,,,,False
DESY3RM-361795,500.0,42.40644296798817,,,,,,,,,,False
DESY3RM-362775,500.0,,,,,,,,,,,False
DESY3RM-362998,500.0,469.286839962684,523.1874845912812,534.6650000751182,536.1670197393365,536.1670197393365,536.1670197393365,536.1670197393365,536.1670197393365,536.1670197393365,536.1670197393365,True
DESY3RM-364533,500.0,745.6914286316737,,,,,,,,,,False
DESY3RM-364678,500.0,456.68927160708284,270.5716805357078,49.227818561341955,,,,,,,,False
DESY3RM-364925,500.0,,,,,,,,,,,False
DESY3RM-365307,500.0,210.89032276225066,212.7695918424303,216.05868371253808,211.42295881441936,211.42295881441936,211.42295881441936,211.42295881441936,211.42295881441936,211.42295881441936,211.42295881441936,True
DESY3RM-365442,500.0,66.00363343746704,,,,,,,,,,False
DESY3RM-365565,500.0,308.1150899712657,,,,,,,,,,False
DESY3RM-365568,500.0,159.1522215913493,,,,,,,,,,False
DESY3RM-366148,500.0,128.48816891401836,,,,,,,,,,False
DESY3RM-366261,500.0,,,,,,,,,,,False
DESY3RM-366529,500.0,861.0424938621443,623.1098719699146,453.87951545735285,757.567317902404,636.3073940565863,897.5393544118149,344.8478726230156,455.09671809065867,744.2401783143094,1191.9949676267724,False
DESY3RM-366592,500.0,,,,,,,,,,,False
DESY3RM-366893,500.0,43.10639740914412,,,,,,,,,,False
DESY3RM-367908,500.0,,,,,,,,,,,False
DESY3RM-367944,500.0,604.0023498655213,,,,,,,,,,False
DESY3RM-368269,500.0,54.81007187013431,,,,,,,,,,False
DESY3RM-368401,500.0,,,,,,,,,,,False
DESY3RM-368413,500.0,538.448466883481,610.5260435201557,631.192809674516,218.78696716035896,306.3079478275674,719.3724223530431,212.8129659204602,327.25835324276,144.87875632665296,228.89358662596484,False
DESY3RM-368539,500.0,615.8240992140022,490.1474571188556,648.6589440575655,443.2617579291829,606.763106044409,451.14021494814574,653.2864746386228,499.44186344084665,619.6927937990282,430.2619499693782,False
DESY3RM-368769,500.0,,,,,,,,,,,False
DESY3RM-368809,500.0,2142.419027821547,,,,,,,,,,False
DESY3RM-369152,500.0,580.9655676752814,533.2402926153874,584.9720692404298,163.8964942841011,,,,,,,False
DESY3RM-369308,500.0,,,,,,,,,,,False
DESY3RM-369423,500.0,914.7706378518942,,,,,,,,,,False
DESY3RM-369873,500.0,335.62199997957293,384.03503410364436,365.33954736692743,435.17269151367736,361.9314997860657,384.03107093298087,384.0310709329809,384.0310709329809,384.0310709329809,384.0310709329809,True
DESY3RM-370109,500.0,1151.8452294804254,946.9605447399892,274.03558808984826,231.05483334220895,240.27819307701404,240.27819307701404,240.27819307701404,240.27819307701404,240.27819307701404,240.27819307701404,True
DESY3RM-370119,500.0,,,,,,,,,,,False
DESY3RM-370557,500.0,270.65104598951984,143.8304165016335,361.0527127882848,184.60743890463993,351.77626456118236,362.0292597288131,362.0292597288131,362.0292597288131,362.0292597288131,362.0292597288131,True
DESY3RM-371026,500.0,57.78318070705343,,,,,,,,,,False
DESY3RM-371602,500.0,307.8276263962296,47.828919096513175,,,,,,,,,False
DESY3RM-371605,500.0,49.066991245504994,,,,,,,,,,False
DESY3RM-371981,500.0,47.50822474536091,,,,,,,,,,False
DESY3RM-372165,500.0,337.1646746901972,393.59526900211404,389.9989496657036,387.0842790847774,387.08427908477745,387.08427908477745,387.08427908477745,387.08427908477745,387.08427908477745,387.08427908477745,True
DESY3RM-372756,500.0,337.25524687165426,311.1603782716982,77.89111569948543,,,,,,,,False
DESY3RM-372782,500.0,,,,,,,,,,,False
DESY3RM-372932,500.0,,,,,,,,,,,False
DESY3RM-373031,500.0,63.67286610501387,,,,,,,,,,False
DESY3RM-373231,500.0,,,,,,,,,,,False
DESY3RM-374198,500.0,,,,,,,,,,,False
DESY3RM-375767,500.0,28.383289873525246,,,,,,,,,,False
DESY3RM-375908,500.0,182.99489553650744,250.29651150439608,632.0644294035801,451.732555041651,211.88512900997233,185.2112021445872,364.648875692961,131.1815455198345,284.61935108285337,366.2389433354226,False
DESY3RM-376151,500.0,4051.0916270409048,198.54954905622057,,,,,,,,,False
DESY3RM-376342,500.0,341.437304337622,395.24432132143346,525.0435185961858,262.7830801015517,387.13187633236396,471.1697721285808,392.57974131211364,487.2087799329748,348.83886871261643,366.0908024982878,True
DESY3RM-377155,500.0,159.34606672634823,159.07246238507165,156.54517755987473,171.61760953687033,171.61760953687033,171.61760953687033,171.61760953687033,171.61760953687033,171.61760953687033,171.61760953687033,True
DESY3RM-377235,500.0,781.5505791885247,527.6020189979705,806.616018238997,464.23526496403986,781.6496786047576,527.9571464763548,816.6426690341669,500.30808355322574,782.8414929197181,531.4012586497456,False
DESY3RM-377397,500.0,,,,,,,,,,,False
DESY3RM-378628,500.0,,,,,,,,,,,False
DESY3RM-378631,500.0,,,,,,,,,,,False
DESY3RM-378838,500.0,753.5154659043206,765.940190605214,697.5073403789179,837.3811827667828,595.072179598263,882.8890739841778,618.6300864088405,838.0865971546493,618.9531596963019,946.5369434833507,False
DESY3RM-378966,500.0,173.41083362351455,532.1115994607445,272.61146950325906,184.5482514968556,522.8759271296605,246.559852954537,189.87480369678104,494.36063659732895,417.1213381350792,176.02483366373863,False
DESY3RM-380155,500.0,,,,,,,,,,,False
DESY3RM-380571,500.0,26.738257853098546,,,,,,,,,,False
DESY3RM-380582,500.0,,,,,,,,,,,False
DESY3RM-381186,500.0,194.9214669598322,825.5378625268028,826.9135518546661,833.0264327062414,833.0264327062414,833.0264327062414,833.0264327062414,833.0264327062414,833.0264327062414,833.0264327062414,True
DESY3RM-381325,500.0,399.7913131573173,42.108536427751844,,,,,,,,,False
DESY3RM-381903,500.0,351.52722238055577,,,,,,,,,,False
DESY3RM-383270,500.0,4367.185570984144,,,,,,,,,,False
DESY3RM-383757,500.0,,,,,,,,,,,False
DESY3RM-383962,500.0,145.54408044630821,213.6525826237278,58.90746784493013,,,,,,,,False
DESY3RM-384606,500.0,223.20649341647854,432.3538068037217,419.1797377420959,544.2541111719206,,,,,,,False
DESY3RM-386522,500.0,545.3594035331914,,,,,,,,,,False
DESY3RM-386644,500.0,33.41716995835542,,,,,,,,,,False
DESY3RM-386900,500.0,51.17927132247313,,,,,,,,,,False
DESY3RM-387582,500.0,183.23710504701026,,,,,,,,,,False
DESY3RM-387625,500.0,438.712954761797,1050.4560997543222,1854.1625949508386,211.84841883846383,408.71698515204963,134.79385277118035,366.14455338817686,,,,False
DESY3RM-387640,500.0,423.2695444954254,25.816505587779023,,,,,,,,,False
DESY3RM-387833,500.0,61.93924522938159,,,,,,,,,,False
DESY3RM-387874,500.0,342.26188469985226,214.55591072753404,,,,,,,,,False
DESY3RM-388237,500.0,,,,,,,,,,,False
DESY3RM-388691,500.0,60.65908376220157,,,,,,,,,,False
DESY3RM-388848,500.0,,,,,,,,,,,False
DESY3RM-388895,500.0,352.0408323413504,343.4291023028928,188.2504286779056,513.5271836431272,330.030382609489,360.7980946970426,360.7980946970426,360.7980946970426,360.7980946970426,360.7980946970426,True
DESY3RM-389007,500.0,167.66120858510934,73.18924999016686,,,,,,,,,False
DESY3RM-389202,500.0,35.05390293635424,,,,,,,,,,False
DESY3RM-389381,500.0,73.02232806961887,,,,,,,,,,False
DESY3RM-389608,500.0,402.49681647750475,462.9119812827954,395.9294214323948,462.0998773352144,396.48216987566434,462.8592831846767,396.03392150136006,461.9647033409846,396.8262960720741,461.9817630970974,False
DESY3RM-390047,500.0,391.1673460768472,210.71338097706078,,,,,,,,,False
DESY3RM-391191,500.0,,,,,,,,,,,False
DESY3RM-391552,500.0,,,,,,,,,,,False
DESY3RM-391565,500.0,559.1533425185809,703.710609014388,995.5463945924212,614.0643082935271,910.1085935787384,191.07488577678762,853.539057588179,700.3027346438746,1021.3803344289806,181.13532066789304,False
DESY3RM-392165,500.0,837.8820237645733,536.2207785523685,462.78093700116443,822.63274262092,536.2233120169585,462.7816210319321,822.5857137213151,535.707394230938,143.14404442663172,,False
DESY3RM-392440,500.0,,,,,,,,,,,False
DESY3RM-392604,500.0,516.6680016331851,515.8859391471965,,,,,,,,,False
DESY3RM-392760,500.0,279.5960036883761,57.163633637207,,,,,,,,,False
DESY3RM-392813,500.0,50.53696939608189,,,,,,,,,,False
DESY3RM-392857,500.0,431.2302382122709,865.3265867170144,377.68395891344164,350.6146896156675,350.6146896156675,350.6146896156675,350.6146896156675,350.6146896156675,350.6146896156675,350.6146896156675,True
DESY3RM-393064,500.0,114.70382048034281,25.464756084287654,,,,,,,,,False
DESY3RM-393819,500.0,78.89440160620518,496.64591480779336,83.12764038827945,435.5461962856159,37.91958347452694,,,,,,False
DESY3RM-394369,500.0,531.2820977305959,67.86849165172823,,,,,,,,,False
DESY3RM-394384,500.0,365.19350729881324,,,,,,,,,,False
DESY3RM-394947,500.0,,,,,,,,,,,False
DESY3RM-395339,500.0,,,,,,,,,,,False
DESY3RM-395563,500.0,1881.2199069464227,,,,,,,,,,False
DESY3RM-395847,500.0,159.99907911409778,,,,,,,,,,False
DESY3RM-396149,500.0,826.9225729629388,165.78110914953538,1330.2441360720952,622.3662823376775,680.7550625553084,680.7550625553085,680.7550625553087,680.7550625553088,680.7550625553088,680.7550625553088,True
DESY3RM-396636,500.0,541.6376618192132,475.30629733125716,616.4745602909813,335.4804684357068,818.1026627851754,44.51753029040919,,,,,False
DESY3RM-396833,500.0,125.28920107314917,513.2665007908197,115.44856571561827,66.64040467711504,,,,,,,False
DESY3RM-397238,500.0,,,,,,,,,,,False
DESY3RM-397351,500.0,,,,,,,,,,,False
DESY3RM-397883,500.0,971.1820866281394,961.2843512495308,954.7398475202127,952.180387052049,952.180387052049,952.180387052049,952.180387052049,952.180387052049,952.180387052049,952.180387052049,True
DESY3RM-397957,500.0,169.0294046447799,378.71109938247434,442.37542112565427,235.56463554355514,386.8755888609498,440.186520412672,333.7275778772116,453.853636684824,210.849502476795,398.2193960267266,False
DESY3RM-398337,500.0,,,,,,,,,,,False
DESY3RM-398613,500.0,455.5605372322901,549.4643401119253,194.10612351249668,284.88566324645353,195.61189595344018,,,,,,False
DESY3RM-399626,500.0,,,,,,,,,,,False
DESY3RM-399641,500.0,,,,,,,,,,,False
DESY3RM-399991,500.0,505.78733903167404,195.71208706420975,,,,,,,,,False
DESY3RM-401008,500.0,1036.6346217619755,307.13627907931715,33.483998569178546,,,,,,,,False
DESY3RM-401157,500.0,172.9724179563686,1398.4885036103058,,,,,,,,,False
DESY3RM-401415,500.0,1045.7105282285956,923.9319731359724,1403.2438596685872,949.3907120427273,911.1728016003765,911.1728016003765,911.1728016003765,911.1728016003765,911.1728016003765,911.1728016003765,True
DESY3RM-401860,500.0,208.2982387451973,425.93651594878224,376.2845671229892,438.10333935367834,384.0320556603076,476.51117519590264,343.23806322331643,410.0423306414151,374.2460089280352,374.2460089280352,True
DESY3RM-401992,500.0,674.3866747018751,,,,,,,,,,False
DESY3RM-402416,500.0,536.4464644763432,507.22066492665175,518.7545717874106,518.8271204207797,518.8271204207797,518.8271204207797,518.8271204207797,518.8271204207797,518.8271204207797,518.8271204207797,True
DESY3RM-402836,500.0,,,,,,,,,,,False
DESY3RM-402957,500.0,867.577339962122,802.8966695827482,804.6751274125941,803.3761091066491,803.3761091066491,803.3761091066491,803.3761091066491,803.3761091066491,803.3761091066491,803.3761091066491,True
DESY3RM-404160,500.0,129.10505190443465,,,,,,,,,,False
DESY3RM-404754,500.0,,,,,,,,,,,False
DESY3RM-405143,500.0,,,,,,,,,,,False
DESY3RM-405493,500.0,107.965499166166,,,,,,,,,,False
DESY3RM-405819,500.0,748.1668843806958,670.8954692910108,696.8039054927397,696.1456179319222,696.1456179319222,696.1456179319222,696.1456179319222,696.1456179319222,696.1456179319222,696.1456179319222,True
DESY3RM-406210,500.0,891.718350652786,373.6958490209039,,,,,,,,,False
DESY3RM-406821,500.0,465.8004366862532,379.3763303181264,479.9340258216044,473.90829795787084,473.90829795787084,473.90829795787084,473.90829795787084,473.90829795787084,473.90829795787084,473.90829795787084,True
DESY3RM-407490,500.0,191.6886347924353,53.89618857058474,,,,,,,,,False
DESY3RM-407887,500.0,165.7455560020865,,,,,,,,,,False
DESY3RM-407998,500.0,662.1307654470926,580.4063465650737,607.7622791826456,599.083756423187,599.083756423187,599.083756423187,599.083756423187,599.083756423187,599.083756423187,599.083756423187,True
DESY3RM-408008,500.0,,,,,,,,,,,False
DESY3RM-408415,500.0,,,,,,,,,,,False
DESY3RM-408667,500.0,186.14070211931923,148.85977173943175,942.0638118956031,465.62429135123386,356.70544575256366,1731.4763795838198,1014.9393605348729,226.0496538874149,,,False
DESY3RM-409881,500.0,305.59038271132795,537.9729292361795,293.72995704256834,284.52470868316834,284.52470868316834,284.52470868316834,284.52470868316834,284.52470868316834,284.52470868316834,284.52470868316834,True
DESY3RM-411055,500.0,279.15380641170117,74.11501578232959,,,,,,,,,False
DESY3RM-411299,500.0,505.0153151363095,529.5157443854414,143.4046298884427,597.4573254693889,65.02418328584456,,,,,,False
DESY3RM-411660,500.0,,,,,,,,,,,False
DESY3RM-412621,500.0,323.5471993074671,625.8212238277422,271.0538039441026,913.6592803682992,,,,,,,False
DESY3RM-413121,500.0,319.63588240662574,474.28465887469514,319.35390231087877,473.57381969500506,327.8013446954374,501.06533131672114,317.9490671342337,475.1835318011231,319.05863999043737,476.2006659255231,False
DESY3RM-413482,500.0,32.33905452786437,,,,,,,,,,False
DESY3RM-413488,500.0,184.69480802398036,,,,,,,,,,False
DESY3RM-414548,500.0,53.61263243041967,,,,,,,,,,False
DESY3RM-414877,500.0,640.388228087794,646.4508096818568,34.94634455083731,,,,,,,,False
DESY3RM-415266,500.0,160.2773436822774,24.179231391015698,,,,,,,,,False
DESY3RM-416356,500.0,133.84075977726224,146.04407869810817,101.82423873209525,,,,,,,,False
DESY3RM-416577,500.0,186.3458365398782,,,,,,,,,,False
DESY3RM-416980,500.0,528.2701110571617,293.40881330036177,,,,,,,,,False
DESY3RM-416997,500.0,,,,,,,,,,,False
DESY3RM-417464,500.0,,,,,,,,,,,False
DESY3RM-417593,500.0,,,,,,,,,,,False
DESY3RM-418575,500.0,,,,,,,,,,,False
DESY3RM-419106,500.0,4108.238501618422,308.6016403345551,,,,,,,,,False
DESY3RM-419806,500.0,60.91753216665287,,,,,,,,,,False
DESY3RM-420028,500.0,213.59181731524447,,,,,,,,,,False
DESY3RM-420132,500.0,,,,,,,,,,,False
DESY3RM-420294,500.0,712.4955311723288,457.3349022559663,588.1093558453978,669.1853610527463,245.32282906144982,671.1209149243622,249.59217808292152,686.830629740637,248.82792863002467,627.4534555292239,False
DESY3RM-420503,500.0,519.4502602088593,442.2283089178862,404.40232382902866,378.5076849863529,378.5076849863529,378.5076849863529,378.5076849863529,378.5076849863529,378.5076849863529,378.5076849863529,True
DESY3RM-420649,500.0,477.9655779053496,479.50895991355384,50.913997151887166,,,,,,,,False
DESY3RM-421187,500.0,,,,,,,,,,,False
DESY3RM-422577,500.0,977.5112531176222,,,,,,,,,,False
DESY3RM-422739,500.0,132.4561845652671,,,,,,,,,,False
DESY3RM-422787,500.0,,,,,,,,,,,False
DESY3RM-423021,500.0,1466.7354371040037,399.5461864644017,49.4378603746058,,,,,,,,False
DESY3RM-423577,500.0,198.25107613073928,41.87141193009478,,,,,,,,,False
DESY3RM-424368,500.0,,,,,,,,,,,False
DESY3RM-426419,500.0,,,,,,,,,,,False
DESY3RM-426445,500.0,38.88758099721859,,,,,,,,,,False
DESY3RM-426556,500.0,524.9805702421394,80.32805810647857,,,,,,,,,False
DESY3RM-426714,500.0,726.990644895588,964.2397824074235,926.0882125108171,923.2241220131015,923.2241220131015,923.2241220131015,923.2241220131015,923.2241220131015,923.2241220131015,923.2241220131015,True
DESY3RM-427044,500.0,871.2746030907986,,,,,,,,,,False
DESY3RM-427089,500.0,,,,,,,,,,,False
DESY3RM-427771,500.0,,,,,,,,,,,False
DESY3RM-429372,500.0,,,,,,,,,,,False
DESY3RM-431503,500.0,142.99480620798982,,,,,,,,,,False
DESY3RM-431878,500.0,34.3872807859062,,,,,,,,,,False
DESY3RM-432124,500.0,,,,,,,,,,,False
DESY3RM-432375,500.0,161.55668099164618,,,,,,,,,,False
DESY3RM-432486,500.0,208.79242534187918,25.711917025668743,,,,,,,,,False
DESY3RM-432517,500.0,308.66456930429365,207.39201343797325,,,,,,,,,False
DESY3RM-432583,500.0,49.51305195276283,,,,,,,,,,False
DESY3RM-432805,500.0,500.7401925570013,510.20812637231637,529.0474911030582,515.2604258578232,515.2604258578232,515.2604258578232,515.2604258578232,515.2604258578232,515.2604258578232,515.2604258578232,True
DESY3RM-433058,500.0,374.4199181512285,434.2730565958034,387.7785556217757,1298.8764703188472,109.27427752896114,,,,,,False
DESY3RM-433060,500.0,1550.837541063862,473.75243291631926,1398.2957103211265,34.5232021358289,,,,,,,False
DESY3RM-433355,500.0,88.15623128032148,,,,,,,,,,False
DESY3RM-433546,500.0,472.8584399777585,495.0585603205061,417.8534416469758,312.47741507635124,366.66666052009157,202.26861746672293,376.65459563257065,155.11807464579877,334.579103328042,414.6519653148479,False
DESY3RM-434258,500.0,472.2261061510294,456.5907544604195,456.5949008372813,456.2168068298446,456.2168068298446,456.2168068298446,456.2168068298446,456.2168068298446,456.2168068298446,456.2168068298446,True
DESY3RM-434437,500.0,678.6839922478166,,,,,,,,,,False
DESY3RM-435276,500.0,385.1780417218262,1288.686930728277,37.70088186594205,,,,,,,,False
DESY3RM-435406,500.0,,,,,,,,,,,False
DESY3RM-436544,500.0,117.53174298254103,,,,,,,,,,False
DESY3RM-436721,500.0,469.6473327365248,470.8859606502815,480.4712017380597,475.3321244354246,475.33212443542465,475.33212443542465,475.33212443542465,475.33212443542465,475.33212443542465,475.33212443542465,True
DESY3RM-436851,500.0,391.42885865009254,423.3784566707035,400.82226925051884,424.6554148926827,424.6554148926827,424.6554148926827,424.6554148926827,424.6554148926827,424.6554148926827,424.6554148926827,True
DESY3RM-437424,500.0,402.37611964012643,729.6992454753275,513.9751985144537,397.213078368637,702.3365391573786,181.8962732294043,336.79659744453187,911.2404122945723,406.37533415885366,582.6528815482787,False
DESY3RM-438219,500.0,72.78536250887885,,,,,,,,,,False
DESY3RM-438308,500.0,190.02650240487958,224.6261224689447,33.37396745801449,,,,,,,,False
DESY3RM-438360,500.0,,,,,,,,,,,False
DESY3RM-438567,500.0,255.19646646040795,719.5927633307073,255.41326721690132,676.5495114295442,291.7649807046132,208.70833528100576,416.8922588784322,214.89278933194072,486.6502427801257,211.0563596775501,False
DESY3RM-439179,500.0,527.4793561631604,531.3179899802545,532.7814540284174,530.3505732518992,530.3505732518992,530.3505732518992,530.3505732518992,530.3505732518992,530.3505732518992,530.3505732518992,True
DESY3RM-439297,500.0,691.1943447577784,597.2834044564427,698.8568392747947,202.12932846713872,,,,,,,False
DESY3RM-439321,500.0,,,,,,,,,,,False
DESY3RM-439732,500.0,607.5083942837083,1317.3104204713215,649.7152300162008,128.4914072189214,202.00592268419499,158.31466158082597,1716.379138207266,228.33314292909773,176.9859240862742,463.29184185919723,False
DESY3RM-440002,500.0,337.31392799952874,520.26552201784,110.03015204529417,352.7196124293615,489.6133117109287,63.83202922937986,,,,,False
DESY3RM-440219,500.0,396.20884856191816,37.66129434522993,,,,,,,,,False
DESY3RM-440739,500.0,588.9913795416455,1195.4594974494767,27.39104951422263,,,,,,,,False
DESY3RM-441921,500.0,,,,,,,,,,,False
DESY3RM-442795,500.0,206.0215993393479,408.99779961152706,194.73663131213922,438.93025447506335,178.30668478728418,86.0938889090816,,,,,False
DESY3RM-442818,500.0,476.926673581291,476.53129766391373,476.31023566308795,478.04746570000447,478.04746570000447,478.04746570000447,478.04746570000447,478.04746570000447,478.04746570000447,478.04746570000447,True
DESY3RM-442863,500.0,904.3140966402074,172.46573990790162,599.9315908564986,377.6318345796,205.86619620455764,643.4598931997785,396.7614524224087,880.1380624361512,,,False
DESY3RM-442872,500.0,573.2911605999418,32.727153418444374,,,,,,,,,False
DESY3RM-443041,500.0,475.0692270685157,459.4304975549221,147.90851471697746,,,,,,,,False
DESY3RM-443996,500.0,613.501567615,475.2979488282303,4241.786506670992,,,,,,,,False
DESY3RM-444329,500.0,50.466395979862575,,,,,,,,,,False
DESY3RM-444630,500.0,463.2374021301931,460.2698190367198,441.300752110504,403.3480185359821,403.3480185359821,403.3480185359821,403.3480185359821,403.3480185359821,403.3480185359821,403.3480185359821,True
DESY3RM-445643,500.0,,,,,,,,,,,False
DESY3RM-446038,500.0,393.96865156706554,361.6306129283998,372.7022324480567,370.73296123575494,370.73296123575494,370.73296123575494,370.73296123575494,370.73296123575494,370.73296123575494,370.73296123575494,True
DESY3RM-446406,500.0,403.0228427960315,422.83654674199977,410.2857340885661,427.8835564970903,427.8835564970903,427.8835564970903,427.8835564970903,427.8835564970903,427.8835564970903,427.8835564970903,True
DESY3RM-446966,500.0,553.6044849664644,532.9838393956709,607.4668843014208,513.0615709160082,536.4727242095878,536.4727242095878,536.4727242095878,536.4727242095878,536.4727242095878,536.4727242095878,True
DESY3RM-448272,500.0,25.72368191745982,,,,,,,,,,False
DESY3RM-448302,500.0,381.1475582395617,373.638075254951,313.58999820890284,836.0542289352343,,,,,,,False
DESY3RM-449436,500.0,,,,,,,,,,,False
DESY3RM-449821,500.0,216.22313001175044,,,,,,,,,,False
DESY3RM-449922,500.0,431.0412829459567,1362.521083568681,530.9363433024556,4393.991652971892,,,,,,,False
DESY3RM-449993,500.0,57.96005223408884,,,,,,,,,,False
DESY3RM-450253,500.0,587.9873520073229,721.5029815938119,724.9271628059187,726.4303463631356,726.4303463631356,726.4303463631356,726.4303463631356,726.4303463631356,726.4303463631356,726.4303463631356,True
DESY3RM-450437,500.0,35.54191482877578,,,,,,,,,,False
DESY3RM-450764,500.0,4015.7500906855353,,,,,,,,,,False
DESY3RM-451155,500.0,243.55564348124537,989.9615831726895,50.2577121024737,,,,,,,,False
DESY3RM-452070,500.0,321.0791636488188,526.0107034556909,312.4961573708674,527.6728757725809,311.8602558103922,601.0575542132012,291.5895406341937,586.2633917584986,310.8001454944753,526.0060985395328,False
DESY3RM-454198,500.0,216.71114921456305,,,,,,,,,,False
DESY3RM-454819,500.0,162.83374399440248,,,,,,,,,,False
DESY3RM-455940,500.0,2071.182982681838,449.61801091463906,590.787676585797,,,,,,,,False
DESY3RM-456460,500.0,,,,,,,,,,,False
DESY3RM-456585,500.0,405.5063253948315,450.3066910056091,407.7118503026229,448.797819386135,416.6520902169431,416.6520902169431,416.6520902169431,416.6520902169431,416.6520902169431,416.6520902169431,True
DESY3RM-457017,500.0,438.4057921382835,369.0142564001854,444.5305001343541,474.30876864520127,474.30876864520127,474.30876864520127,474.30876864520127,474.30876864520127,474.30876864520127,474.30876864520127,True
DESY3RM-459298,500.0,,,,,,,,,,,False
DESY3RM-460079,500.0,,,,,,,,,,,False
DESY3RM-462477,500.0,522.7391075879355,877.3581209274068,,,,,,,,,False
DESY3RM-462749,500.0,,,,,,,,,,,False
DESY3RM-462875,500.0,,,,,,,,,,,False
DESY3RM-463059,500.0,881.1894247993962,810.3529002137739,792.6070827148806,811.2390005672562,811.2390005672562,811.2390005672562,811.2390005672562,811.2390005672562,811.2390005672562,811.2390005672562,True
DESY3RM-463421,500.0,,,,,,,,,,,False
DESY3RM-463975,500.0,315.4254749849054,1148.3453660114599,,,,,,,,,False
DESY3RM-464146,500.0,24.80551853908858,,,,,,,,,,False
DESY3RM-464372,500.0,52.225812806571255,,,,,,,,,,False
DESY3RM-464758,500.0,272.1549581208486,456.2678975251153,336.7144604798686,737.51634711633,,,,,,,False
DESY3RM-466117,500.0,424.8993842877928,46.12919554038539,,,,,,,,,False
DESY3RM-466311,500.0,311.9270762512295,,,,,,,,,,False
DESY3RM-467057,500.0,711.328041537812,,,,,,,,,,False
DESY3RM-467872,500.0,69.17751980542545,,,,,,,,,,False
DESY3RM-468215,500.0,,,,,,,,,,,False
DESY3RM-468637,500.0,,,,,,,,,,,False
DESY3RM-469223,500.0,277.21425102298963,1330.0805215430885,1026.563720138882,,,,,,,,False
DESY3RM-469671,500.0,58.76452458450238,,,,,,,,,,False
DESY3RM-470099,500.0,290.3906974031289,78.81040124491192,,,,,,,,,False
DESY3RM-470568,500.0,56.12508879022654,,,,,,,,,,False
DESY3RM-470874,500.0,,,,,,,,,,,False
DESY3RM-471671,500.0,43.306570138826196,330.13057325504957,349.54838123344666,377.7878148693898,377.7878148693898,377.7878148693898,377.7878148693898,377.7878148693898,377.7878148693898,377.7878148693898,True
DESY3RM-471903,500.0,303.40170607616255,,,,,,,,,,False
DESY3RM-472259,500.0,267.13489736227365,,,,,,,,,,False
DESY3RM-472528,500.0,3016.5206249918574,,,,,,,,,,False
DESY3RM-473046,500.0,,,,,,,,,,,False
DESY3RM-473402,500.0,126.52078261152846,316.6397833800115,611.1085107737846,202.73732885401574,536.5175027240526,412.5863146539904,,,,,False
DESY3RM-474475,500.0,49.11283320123092,,,,,,,,,,False
DESY3RM-474947,500.0,,,,,,,,,,,False
DESY3RM-475037,500.0,312.3326761212155,355.99820920122585,39.35413043303958,,,,,,,,False
DESY3RM-475099,500.0,110.8855545352629,,,,,,,,,,False
DESY3RM-475238,500.0,662.5342514779304,877.190904724383,605.4168607618439,880.5668675025843,605.2017178225894,880.47689313553,605.3160647736267,880.6040455826884,232.59582802956797,,False
DESY3RM-476709,500.0,,,,,,,,,,,False
DESY3RM-478444,500.0,,,,,,,,,,,False
DESY3RM-478692,500.0,332.5067787832731,345.1153152429714,155.90191342976033,375.91946688075404,237.72701704704446,479.05575302935574,360.4276147179246,166.3555154051065,370.7821858547757,174.22663882024887,False
DESY3RM-479482,500.0,359.0851291438282,377.1584779916203,457.4457411096488,467.41458676498223,467.4145867649823,467.4145867649824,467.41458676498246,467.41458676498246,467.41458676498246,467.41458676498246,True
DESY3RM-480368,500.0,238.71822486370743,403.92663888388944,143.24507581483473,,,,,,,,False
DESY3RM-480477,500.0,410.83536490591155,,,,,,,,,,False
DESY3RM-480721,500.0,370.71913294547375,63.454127712499265,,,,,,,,,False
DESY3RM-481132,500.0,465.3836506225493,460.7831590032458,457.48491890272504,417.4396296416875,417.4396296416875,417.4396296416875,417.4396296416875,417.4396296416875,417.4396296416875,417.4396296416875,True
DESY3RM-482080,500.0,201.770516040893,,,,,,,,,,False
DESY3RM-482995,500.0,711.1565297395907,884.7254593333106,620.0812646082007,366.66970729745356,812.766801342498,806.4130724177502,806.4130724177502,806.4130724177502,806.4130724177502,806.4130724177502,True
DESY3RM-483294,500.0,,,,,,,,,,,False
DESY3RM-483448,500.0,,,,,,,,,,,False
DESY3RM-483589,500.0,392.842463872205,140.86703768192967,159.74074692054808,93.75770276209174,,,,,,,False
DESY3RM-483763,500.0,,,,,,,,,,,False
DESY3RM-487046,500.0,,,,,,,,,,,False
DESY3RM-487685,500.0,,,,,,,,,,,False
DESY3RM-488800,500.0,,,,,,,,,,,False
DESY3RM-490138,500.0,147.43041097571032,,,,,,,,,,False
DESY3RM-490191,500.0,,,,,,,,,,,False
DESY3RM-490654,500.0,149.13522480601847,1211.918797256543,149.63395033981902,1076.6726281319786,119.11258001270073,241.59920149199183,326.06704682347464,510.10135088950506,,,False
DESY3RM-490697,500.0,106.79382551128394,,,,,,,,,,False
DESY3RM-490975,500.0,52.882029746286136,,,,,,,,,,False
DESY3RM-491232,500.0,563.4002058872993,,,,,,,,,,False
DESY3RM-492992,500.0,,,,,,,,,,,False
DESY3RM-493534,500.0,54.48936268593237,,,,,,,,,,False
DESY3RM-494193,500.0,,,,,,,,,,,False
DESY3RM-494463,500.0,57.94092983891463,,,,,,,,,,False
DESY3RM-496055,500.0,,,,,,,,,,,False
DESY3RM-497449,500.0,476.08105085668245,489.19462449602923,479.01584216280014,472.84684144969646,472.84684144969646,472.84684144969646,472.84684144969646,472.84684144969646,472.84684144969646,472.84684144969646,True
DESY3RM-499295,500.0,,,,,,,,,,,False
DESY3RM-499582,500.0,692.3664217293272,170.94744981756807,2309.9528646341187,585.149705527507,693.3947747664428,203.1843945647891,188.02432028153078,188.02432028153078,188.02432028153078,188.02432028153078,True
DESY3RM-500466,500.0,236.8360465960116,593.6369390774352,184.18479310090513,456.26613928938497,235.17775999692424,577.0316877260693,178.69305474896933,457.10858814640494,236.43527024177016,587.0640484198032,False
DESY3RM-500927,500.0,358.5075424668292,26.524948934574905,,,,,,,,,False
DESY3RM-501214,500.0,980.9731339972369,198.79656598826483,305.49403682631896,50.2373731987135,,,,,,,False
DESY3RM-501754,500.0,,,,,,,,,,,False
DESY3RM-502133,500.0,,,,,,,,,,,False
DESY3RM-502411,500.0,405.65729655644884,405.4169535743981,406.66329833266167,405.3518198189883,405.3518198189883,405.3518198189883,405.3518198189883,405.3518198189883,405.3518198189883,405.3518198189883,True
DESY3RM-502489,500.0,430.2899896999441,197.65055933866165,,,,,,,,,False
DESY3RM-503068,500.0,,,,,,,,,,,False
DESY3RM-503213,500.0,376.4478622587012,683.7830337774118,189.0387240828645,515.7115711858397,373.64155910801543,670.9559098535692,310.22010471863996,1134.151956036967,332.4029386103613,868.4297788897204,False
DESY3RM-503706,500.0,386.39583086251383,60.96620258198093,,,,,,,,,False
DESY3RM-504665,500.0,402.8524425429346,403.80421784029534,403.77356057605004,124.57786412403728,,,,,,,False
DESY3RM-505158,500.0,392.7430709425683,347.16593000239254,1131.3444894915178,,,,,,,,False
DESY3RM-505666,500.0,311.3199218053326,344.3970004272908,335.8493795780164,322.2984623585852,322.2984623585852,322.2984623585852,322.2984623585852,322.2984623585852,322.2984623585852,322.2984623585852,True
DESY3RM-505872,500.0,104.37154806754442,,,,,,,,,,False
DESY3RM-507626,500.0,766.7864656504182,43.8432144607318,,,,,,,,,False
DESY3RM-507702,500.0,,,,,,,,,,,False
DESY3RM-510723,500.0,41.57924014826476,,,,,,,,,,False
DESY3RM-511050,500.0,,,,,,,,,,,False
DESY3RM-511543,500.0,,,,,,,,,,,False
DESY3RM-511588,500.0,43.31140204369493,,,,,,,,,,False
DESY3RM-511999,500.0,322.3185078778178,39.71296147701681,,,,,,,,,False
DESY3RM-512122,500.0,189.91055281520292,39.86874499715684,,,,,,,,,False
DESY3RM-514396,500.0,,,,,,,,,,,False
DESY3RM-515077,500.0,314.48473895052285,373.8445925543725,358.74756046977706,358.418963201438,358.418963201438,358.418963201438,358.418963201438,358.418963201438,358.418963201438,358.418963201438,True
DESY3RM-517856,500.0,173.26742180300602,,,,,,,,,,False
DESY3RM-518813,500.0,557.8553843952732,437.3106301414771,539.9326783317031,307.01259236149883,432.16634854147264,539.5096111828058,2286.085878935573,171.33816067435254,298.2897615004111,473.55380388062645,False
DESY3RM-520168,500.0,495.5574696060992,517.8217137165161,504.06894948292035,499.07737978766556,499.07737978766556,499.07737978766556,499.07737978766556,499.07737978766556,499.07737978766556,499.07737978766556,True
DESY3RM-521866,500.0,373.91648162748356,374.6358367751876,374.09103393831117,374.1968971419683,374.1968971419683,374.1968971419683,374.1968971419683,374.1968971419683,374.1968971419683,374.1968971419683,True
DESY3RM-524169,500.0,181.15489367367363,,,,,,,,,,False
DESY3RM-525035,500.0,614.5593047196465,473.4832205496026,909.8100344139589,253.85968650476005,410.93499470025654,804.8952027013609,242.64464639052804,515.7010274369993,1493.2559771023937,392.17378898037407,False
DESY3RM-526581,500.0,710.6381695583394,62.940048452220246,129.2302710483274,44.762443537603865,,,,,,,False
DESY3RM-526727,500.0,1693.1065905830374,,,,,,,,,,False
DESY3RM-527941,500.0,,,,,,,,,,,False
DESY3RM-528255,500.0,1061.0465353957231,530.3034278726917,848.6411433111601,452.9913131546713,1066.9890967977683,529.7597877489409,835.0899419852548,435.8285941805685,755.7982921387965,389.26138743372275,False
DESY3RM-528617,500.0,190.08753696907974,495.76572146552286,311.7347587393893,192.5633455335792,194.8015027814844,194.8015027814844,194.8015027814844,194.8015027814844,194.8015027814844,194.8015027814844,True
DESY3RM-529728,500.0,,,,,,,,,,,False
DESY3RM-530387,500.0,529.1943285551919,557.8995257322662,133.76544277926018,284.80950824103513,343.34122061175447,,,,,,False
DESY3RM-531019,500.0,25.104629198915127,,,,,,,,,,False
DESY3RM-531211,500.0,915.0100006731318,186.41239838114058,71.62254582554115,,,,,,,,False
DESY3RM-531614,500.0,934.2116176286887,215.5108133687527,280.58643202783634,352.09928841930275,514.1400930666825,,,,,,False
DESY3RM-532462,500.0,245.50357857051634,59.53139382044946,,,,,,,,,False
DESY3RM-532916,500.0,612.5670099383843,1259.1647327146347,60.32564358752289,,,,,,,,False
DESY3RM-533012,500.0,412.8936354971928,164.52424552722096,,,,,,,,,False
DESY3RM-533448,500.0,266.43234569552146,1474.8433626473804,260.9137741522917,214.23134535175257,211.50972411260827,211.50972411260827,211.50972411260827,211.50972411260827,211.50972411260827,211.50972411260827,True
DESY3RM-533529,500.0,,,,,,,,,,,False
DESY3RM-535302,500.0,,,,,,,,,,,False
DESY3RM-536316,500.0,345.2793600982972,,,,,,,,,,False
DESY3RM-536748,500.0,121.37197545012361,,,,,,,,,,False
DESY3RM-537340,500.0,,,,,,,,,,,False
DESY3RM-537347,500.0,33.114028214382856,,,,,,,,,,False
DESY3RM-538623,500.0,1049.4491774527105,25.81486498350387,,,,,,,,,False
DESY3RM-538857,500.0,308.494958474747,153.87335931507747,,,,,,,,,False
DESY3RM-539296,500.0,,,,,,,,,,,False
DESY3RM-539673,500.0,413.5710975329681,436.8740843392726,449.0835101462731,466.6805060998893,466.6805060998893,466.6805060998893,466.6805060998893,466.6805060998893,466.6805060998893,466.6805060998893,True
DESY3RM-539769,500.0,,,,,,,,,,,False
DESY3RM-540131,500.0,,,,,,,,,,,False
DESY3RM-540206,500.0,619.6112135542893,669.1896965089185,659.4491322055616,660.60937515548,660.60937515548,660.60937515548,660.60937515548,660.60937515548,660.60937515548,660.60937515548,True
DESY3RM-540268,500.0,521.2243241877003,522.805765782889,523.1059956482733,525.1434489062821,525.1434489062821,525.1434489062821,525.1434489062821,525.1434489062821,525.1434489062821,525.1434489062821,True
DESY3RM-541108,500.0,181.90073993162142,,,,,,,,,,False
DESY3RM-541260,500.0,762.8003778167722,,,,,,,,,,False
DESY3RM-544132,500.0,39.59604128799872,,,,,,,,,,False
DESY3RM-544267,500.0,499.5274037945893,499.27538227717037,500.34733241796556,500.83585785357667,500.83585785357667,500.83585785357667,500.83585785357667,500.83585785357667,500.83585785357667,500.83585785357667,True
DESY3RM-545969,500.0,397.91851022082506,387.16328099673245,304.13220278077705,267.3627109858291,235.0143543753785,267.2907920371472,235.6842976614129,,,,False
DESY3RM-546791,500.0,179.3604239204002,596.6865911424525,506.0472768709424,193.97975091856182,596.2440167281943,505.4507934729885,193.61121960124157,591.0847383721863,513.0600357064449,191.05871868505665,False
DESY3RM-550452,500.0,63.86501111569583,,,,,,,,,,False
DESY3RM-552492,500.0,311.46684055285203,420.64229160504345,988.5795481773907,353.5256593287578,342.6617291439005,,,,,,False
DESY3RM-552602,500.0,,,,,,,,,,,False
DESY3RM-553133,500.0,804.8879949515133,323.3999662073385,387.9028101519275,370.12347364157534,370.1234736415754,370.1234736415754,370.1234736415754,370.1234736415754,370.1234736415754,370.1234736415754,True
DESY3RM-553251,500.0,,,,,,,,,,,False
DESY3RM-554187,500.0,710.3233456157823,,,,,,,,,,False
DESY3RM-555110,500.0,171.61465843987554,470.8554454018793,840.2010693735893,,,,,,,,False
DESY3RM-556136,500.0,24.57847590322011,,,,,,,,,,False
DESY3RM-558944,500.0,465.8671884632127,,,,,,,,,,False
DESY3RM-562050,500.0,275.8820178605666,165.53186500310326,,,,,,,,,False
DESY3RM-562244,500.0,,,,,,,,,,,False
DESY3RM-563408,500.0,156.30726815883116,263.13844589872355,335.1632094021243,940.5513410702291,,,,,,,False
DESY3RM-564809,500.0,490.1856781682886,2379.5005622741987,935.9648351725828,1298.8252970713706,1064.018997070674,1207.632758350513,1165.5195285333991,1165.5195285333991,1165.5195285333991,1165.5195285333991,True
DESY3RM-566423,500.0,541.2006290261376,,,,,,,,,,False
DESY3RM-566448,500.0,902.177931855137,1544.5822983468317,,,,,,,,,False
DESY3RM-569224,500.0,3453.654746916237,212.87326214317176,209.22186327266533,357.19035242234503,313.3770803921855,313.8842339727309,313.8842339727309,313.8842339727309,313.8842339727309,313.8842339727309,True
DESY3RM-570226,500.0,500.4123317524588,507.9499556334095,501.72963550269765,506.71085281870876,506.71085281870876,506.71085281870876,506.71085281870876,506.71085281870876,506.71085281870876,506.71085281870876,True
DESY3RM-570230,500.0,39.28645402484761,,,,,,,,,,False
DESY3RM-571844,500.0,693.5380087420272,681.9641462952846,685.6497025888345,687.3222782842868,687.3222782842869,687.3222782842869,687.3222782842869,687.3222782842869,687.3222782842869,687.3222782842869,True
DESY3RM-573849,500.0,401.4627593556091,812.5011540113715,883.3364990999065,924.9719578922825,924.9719578922825,924.9719578922825,924.9719578922825,924.9719578922825,924.9719578922825,924.9719578922825,True
DESY3RM-574012,500.0,640.9392063843034,622.8208877849609,229.2033272330365,,,,,,,,False
DESY3RM-575048,500.0,,,,,,,,,,,False
DESY3RM-575240,500.0,220.24455665231403,,,,,,,,,,False
DESY3RM-577434,500.0,192.64578832212524,553.486938978313,977.0242463266417,62.37973591075913,,,,,,,False
DESY3RM-579179,500.0,815.7379577601156,758.9984384870382,782.5863172467284,816.4463966120766,816.4463966120766,816.4463966120766,816.4463966120766,816.4463966120766,816.4463966120766,816.4463966120766,True
DESY3RM-580919,500.0,205.72723228558732,548.9294737769764,1145.0295141362003,63.73286820666077,,,,,,,False
DESY3RM-581502,500.0,433.9210609444953,416.0333424787312,410.29272199528737,422.7502074671808,422.7502074671808,422.7502074671808,422.7502074671808,422.7502074671808,422.7502074671808,422.7502074671808,True
DESY3RM-582159,500.0,737.9811688298305,981.1608144814428,967.394739094617,984.7794862671113,984.7794862671113,984.7794862671113,984.7794862671113,984.7794862671113,984.7794862671113,984.7794862671113,True
DESY3RM-584254,500.0,39.162112681634206,,,,,,,,,,False
DESY3RM-585558,500.0,395.59835509401256,270.74097832179547,935.9924099700672,,,,,,,,False
DESY3RM-585560,500.0,144.43922266664927,,,,,,,,,,False
DESY3RM-587686,500.0,237.0027158560122,172.765553868102,802.8036078782811,,,,,,,,False
DESY3RM-588093,500.0,442.11865068272016,402.24474934871694,207.76968760472192,243.20254678621782,449.6046092287306,402.17435702654245,206.7671879644861,381.68243831480333,201.49154529813168,363.42265267351695,False
DESY3RM-588363,500.0,,,,,,,,,,,False
DESY3RM-588565,500.0,468.11716270378224,387.26483086019596,584.5648231375463,142.88177855048266,57.44151553514706,,,,,,False
DESY3RM-590394,500.0,1027.2041665675406,157.23232278859388,,,,,,,,,False
DESY3RM-590743,500.0,973.6677140543654,1212.2254917603902,805.8050730774329,174.45792291466668,182.8541010294165,182.8541010294165,182.8541010294165,182.8541010294165,182.8541010294165,182.8541010294165,True
DESY3RM-592661,500.0,,,,,,,,,,,False
DESY3RM-593102,500.0,425.48654671114883,339.935768683925,373.97770695575565,358.4701867089536,358.4701867089536,358.4701867089536,358.4701867089536,358.4701867089536,358.4701867089536,358.4701867089536,True
DESY3RM-594429,500.0,872.0510799265217,,,,,,,,,,False
DESY3RM-597217,500.0,332.90741750753614,,,,,,,,,,False
DESY3RM-598217,500.0,,,,,,,,,,,False
DESY3RM-598386,500.0,305.7510663857092,1081.3982863212857,,,,,,,,,False
DESY3RM-599356,500.0,183.85955542817157,,,,,,,,,,False
DESY3RM-600963,500.0,196.30640088449627,,,,,,,,,,False
DESY3RM-601481,500.0,487.87144039303325,484.1858335168355,485.1663333532985,483.4481648217081,483.4481648217081,483.4481648217081,483.4481648217081,483.4481648217081,483.4481648217081,483.4481648217081,True
DESY3RM-601581,500.0,404.2744882960751,425.46242131009404,430.483525899642,436.37000174345343,436.37000174345343,436.37000174345343,436.37000174345343,436.37000174345343,436.37000174345343,436.37000174345343,True
DESY3RM-604442,500.0,691.5152809428071,397.82377022093135,166.64744247454172,541.3184606136374,428.4639127541881,612.006376302058,392.7588793368828,25.23306617342669,,,False
DESY3RM-605794,500.0,35.19889118632779,,,,,,,,,,False
DESY3RM-605827,500.0,466.0570105600102,333.5174192030524,71.22467095592583,,,,,,,,False
DESY3RM-605869,500.0,446.89143964787144,365.50046578623704,461.3874741614406,540.7296370304332,441.84355898692314,575.9873892642245,240.40178308880206,585.3523762396336,457.28988863075637,509.65136935488744,False
DESY3RM-607927,500.0,,,,,,,,,,,False
DESY3RM-608421,500.0,300.20025337165265,408.06757619452566,464.7463740818545,33.88565547563292,,,,,,,False
DESY3RM-609035,500.0,277.98799518508554,,,,,,,,,,False
DESY3RM-609157,500.0,208.90436038635522,436.77048565928044,442.3888390087049,,,,,,,,False
DESY3RM-612474,500.0,367.06410154479977,,,,,,,,,,False
DESY3RM-612577,500.0,353.7870052100277,244.43460052731808,458.7928712630913,351.70040563945986,255.4167687721473,579.7045012223936,262.6361832105576,613.7895659226133,145.0055745988679,,False
DESY3RM-613803,500.0,541.9367827181893,618.1688115388648,427.1983028898835,271.77616336648225,63.72066508917647,,,,,,False
DESY3RM-615730,500.0,,,,,,,,,,,False
DESY3RM-616058,500.0,408.11534225504806,98.1000515667708,,,,,,,,,False
DESY3RM-617839,500.0,,,,,,,,,,,False
DESY3RM-617936,500.0,539.54347472879,534.0788395153364,598.0518291756626,668.3533534857189,574.3232783969606,38.25363859449076,,,,,False
DESY3RM-619971,500.0,513.4137490077559,91.35081421423543,,,,,,,,,False
DESY3RM-622194,500.0,145.43644631929942,,,,,,,,,,False
DESY3RM-623661,500.0,,,,,,,,,,,False
DESY3RM-625974,500.0,56.5048441591029,,,,,,,,,,False
DESY3RM-628215,500.0,25.80932384684936,,,,,,,,,,False
DESY3RM-631485,500.0,,,,,,,,,,,False
DESY3RM-633482,500.0,999.1892831050701,960.7574260988082,942.5970826206313,944.2447584437238,944.2447584437238,944.2447584437238,944.2447584437238,944.2447584437238,944.2447584437238,944.2447584437238,True
DESY3RM-638002,500.0,306.3904295298274,337.0997125771271,154.04161471321478,826.0143346636708,,,,,,,False
DESY3RM-638284,500.0,324.6469670750955,53.324185076165456,,,,,,,,,False
DESY3RM-641812,500.0,1690.6617001335442,422.0807728013674,47.790155085561594,,,,,,,,False
DESY3RM-642803,500.0,757.5363631918144,569.6232126193787,764.3959302431814,171.66947807590654,324.93300738932675,962.6218185597771,1151.5526569715248,1054.2910423481799,1054.2910423481799,1054.2910423481799,True
DESY3RM-642906,500.0,193.423627081923,,,,,,,,,,False
DESY3RM-646285,500.0,465.62957185983845,708.6905608019498,,,,,,,,,False
DESY3RM-648199,500.0,1328.0090452458858,397.14865755375376,,,,,,,,,False
DESY3RM-648211,500.0,232.54216069304934,,,,,,,,,,False
DESY3RM-652639,500.0,243.39516633715152,1029.2613267391978,39.14554780896122,,,,,,,,False
DESY3RM-653455,500.0,81.02825964101477,,,,,,,,,,False
DESY3RM-655461,500.0,,,,,,,,,,,False
DESY3RM-660925,500.0,,,,,,,,,,,False
DESY3RM-662866,500.0,,,,,,,,,,,False
DESY3RM-666564,500.0,650.1424146141344,618.2771236545206,2127.111287751152,742.3289367531089,404.8834816030847,110.57054049732612,261.05025318052566,51.51948134336669,,,False
DESY3RM-666721,500.0,124.49518934180567,,,,,,,,,,False
DESY3RM-667328,500.0,,,,,,,,,,,False
DESY3RM-670467,500.0,,,,,,,,,,,False
DESY3RM-673603,500.0,158.66602545673766,50.266160740389644,,,,,,,,,False
DESY3RM-676632,500.0,128.356060997004,,,,,,,,,,False
DESY3RM-678383,500.0,1661.5873633906915,637.2424496632138,761.1618232593963,34.781378628545674,,,,,,,False
DESY3RM-678675,500.0,32.14054036852931,,,,,,,,,,False
DESY3RM-680351,500.0,95.65097798272753,,,,,,,,,,False
DESY3RM-684293,500.0,400.39808807715974,474.9117579091117,446.12453342415864,,,,,,,,False
DESY3RM-687499,500.0,425.62030937893013,427.17119044891217,443.3289590490733,442.333717720422,442.333717720422,442.333717720422,442.333717720422,442.333717720422,442.333717720422,442.333717720422,True
DESY3RM-689147,500.0,,,,,,,,,,,False
DESY3RM-692137,500.0,,,,,,,,,,,False
DESY3RM-693094,500.0,469.89534800646965,422.10304104287746,66.36106499215872,,,,,,,,False
DESY3RM-694053,500.0,530.2526481341085,,,,,,,,,,False
DESY3RM-701800,500.0,327.16616054306667,100.53666863911923,,,,,,,,,False
DESY3RM-702269,500.0,398.28902832214834,,,,,,,,,,False
DESY3RM-706059,500.0,,,,,,,,,,,False
DESY3RM-707923,500.0,,,,,,,,,,,False
DESY3RM-714435,500.0,50.40920510559153,,,,,,,,,,False
DESY3RM-716032,500.0,669.7203991078854,,,,,,,,,,False
DESY3RM-721175,500.0,279.0231397815989,363.79845568914675,52.056419598301204,,,,,,,,False
DESY3RM-721193,500.0,,,,,,,,,,,False
DESY3RM-729563,500.0,,,,,,,,,,,False
DESY3RM-733274,500.0,522.7658720508438,501.53498076109224,537.1862820351976,127.51240350680807,800.6954655541188,318.7404726269157,364.5039118471234,415.2571923880383,127.29822123744563,800.8312889847779,False
DESY3RM-741220,500.0,,,,,,,,,,,False
DESY3RM-745368,500.0,874.2066562829528,56.05457791434947,,,,,,,,,False
DESY3RM-748271,500.0,444.56053925333333,174.64196961526432,126.28971018746873,,,,,,,,False
DESY3RM-751287,500.0,307.8886703624579,,,,,,,,,,False
DESY3RM-751849,500.0,408.33787570957423,589.2899573731954,1217.5209249096808,,,,,,,,False
DESY3RM-753724,500.0,56.651314017129465,,,,,,,,,,False
DESY3RM-756703,500.0,,,,,,,,,,,False
DESY3RM-760600,500.0,226.87235935060025,,,,,,,,,,False
DESY3RM-763402,500.0,346.7424148102954,453.77978981926395,812.778866656479,,,,,,,,False
DESY3RM-764977,500.0,57.58284617632267,,,,,,,,,,False
DESY3RM-769648,500.0,100.18553809583526,456.91893307761296,64.74705625679364,,,,,,,,False
DESY3RM-772841,500.0,461.23113610182645,471.526928861086,508.37237869700147,418.1491182057186,27.334511546831067,,,,,,False
DESY3RM-774251,500.0,123.05649356494773,,,,,,,,,,False
DESY3RM-784479,500.0,455.04648956897285,454.01753764501177,453.1394991151542,,,,,,,,False
DESY3RM-795904,500.0,471.52520095028535,25.17135318688463,,,,,,,,,False
DESY3RM-799817,500.0,903.6732172332529,473.5794928191412,31.460108784372444,,,,,,,,False
DESY3RM-801570,500.0,168.97708401242494,3759.9951273183824,373.62142819783077,,,,,,,,False
DESY3RM-802650,500.0,312.4596869859217,157.79263490440786,220.24601856599045,,,,,,,,False
DESY3RM-804216,500.0,126.81342344885047,,,,,,,,,,False
DESY3RM-812416,500.0,,,,,,,,,,,False
DESY3RM-822556,500.0,393.4709876124162,,,,,,,,,,False
DESY3RM-828810,500.0,718.4955269042194,535.628219108134,25.08843665427519,,,,,,,,False
DESY3RM-833318,500.0,,,,,,,,,,,False
DESY3RM-834682,500.0,190.19180812459877,,,,,,,,,,False
DESY3RM-839955,500.0,194.59003657530715,,,,,,,,,,False
DESY3RM-843093,500.0,234.10074099612942,,,,,,,,,,False
DESY3RM-860449,500.0,175.67249397371458,453.4727780315418,234.64126415490776,244.39193163897596,244.39193163897596,244.39193163897596,244.39193163897596,244.39193163897596,244.39193163897596,244.39193163897596,True
DESY3RM-861872,500.0,,,,,,,,,,,False
DESY3RM-883714,500.0,456.02447605573036,504.80588744256784,456.10178898071615,504.6584738374057,455.9426052151226,455.9426052151226,455.9426052151226,455.9426052151226,455.9426052151226,455.9426052151226,True
DESY3RM-907295,500.0,389.3434077197481,,,,,,,,,,False
DESY3RM-911302,500.0,628.4948519002064,483.04343782492214,94.22373880907702,,,,,,,,False
DESY3RM-920438,500.0,,,,,,,,,,,False
DESY3RM-924512,500.0,598.5927558183015,229.03628826228174,158.56589712014897,250.21980363601264,256.6998039516591,256.6998039516591,256.6998039516591,256.6998039516591,256.6998039516591,256.6998039516591,True
DESY3RM-934340,500.0,111.91441224984777,364.9095165015279,113.77833687964117,280.0009152785375,4243.981728808983,1146.6997132392853,,,,,False
DESY3RM-947544,500.0,230.30700995726602,24.524483689412953,,,,,,,,,False
DESY3RM-948870,500.0,,,,,,,,,,,False
DESY3RM-951568,500.0,989.8627849936125,697.0553445189906,683.3957033686158,686.7259146564392,686.7259146564392,686.7259146564392,686.7259146564392,686.7259146564392,686.7259146564392,686.7259146564392,True
DESY3RM-961858,500.0,,,,,,,,,,,False
DESY3RM-975391,500.0,,,,,,,,,,,False
DESY3RM-992461,500.0,427.06404924430524,433.12404020086285,427.2048337080055,431.12125814123027,431.12125814123027,431.12125814123027,431.12125814123027,431.12125814123027,431.12125814123027,431.12125814123027,True
DESY3RM-996850,500.0,296.8224558687536,268.45656535510835,206.04212651307978,205.77303043221454,205.77303043221454,205.77303043221454,205.77303043221454,205.77303043221454,205.77303043221454,205.77303043221454,True
DESY3RM-1063297,500.0,461.5566775626617,459.6766158763565,462.0553286928154,459.73834806575087,459.73834806575087,459.73834806575087,459.73834806575087,459.73834806575087,459.73834806575087,459.73834806575087,True
DESY3RM-1124111,500.0,,,,,,,,,,,False
DESY3RM-1138652,500.0,,,,,,,,,,,False
DESY3RM-1139880,500.0,30.521575197474373,,,,,,,,,,False
DESY3RM-1156405,500.0,,,,,,,,,,,False
DESY3RM-1184957,500.0,,,,,,,,,,,False
DESY3RM-1193908,500.0,221.64612177181033,,,,,,,,,,False
DESY3RM-1227847,500.0,1025.8469292379843,,,,,,,,,,False
DESY3RM-1347093,500.0,479.174884199169,,,,,,,,,,False
DESY3RM-1350243,500.0,,,,,,,,,,,False
