name,ra,dec,redshift,nH,r500,r500+-,Tx500,Tx500-,Tx500+,Lx500_0.5-2.0,Lx500_0.5-2.0-,Lx500_0.5-2.0+,Lx500_0.01-100.0,Lx500_0.01-100.0-,Lx500_0.01-100.0+,Tx500ce,Tx500ce-,Tx500ce+,Lx500ce_0.5-2.0,Lx500ce_0.5-2.0-,Lx500ce_0.5-2.0+,Lx500ce_0.01-100.0,Lx500ce_0.01-100.0-,Lx500ce_0.01-100.0+
DESY3RM-27,323.831479350347,1.48400164513876,0.22846876,0.0384,1332.4314367009104,81.26670086372249,9.6228852,1.3691001620000005,1.7322264499999989,6.434167899e+43,2.7015109512514002e+42,2.7868993094074202e+42,2.8642909030000005e+44,2.2029898068621952e+43,2.1889082259847583e+43,10.2897375,1.6989292579999995,2.0034892600000003,5.923744129000001e+43,2.82388677722014e+42,2.78986401534403e+42,2.717688969e+44,2.328471731976616e+43,1.6470368575765711e+43
DESY3RM-124,355.920050374072,0.312481674300852,0.27604622,0.0311,1022.475897698899,28.047127124850157,5.647372016,0.2398235470000003,0.2393005809999993,1.5713019320000001e+44,1.7553708104326002e+42,2.3621193734754102e+42,5.4593344300000005e+44,1.652206782555471e+43,1.1345376151045422e+43,5.74603796,0.2507363599999994,0.2515149130000003,1.453094002e+44,1.8728956514891602e+42,2.1416906506367104e+42,5.0898699940000004e+44,1.1568267312748102e+43,1.2381746743160212e+43
DESY3RM-880,36.6607627531203,-41.8262969334665,0.2259729,,,,,,,,,,,,,,,,,,,,,
DESY3RM-1850,83.0355685565286,-37.0149571363532,0.29119852,,,,,,,,,,,,,,,,,,,,,
DESY3RM-1882,323.883542721422,-63.1858841832278,0.23307721,0.031,802.8227552422522,221.2423584037312,6.804454814,4.937110518999999,-6.804454814,2.9333200260000004e+42,2.9333200260000004e+42,7.506477693202e+41,1.1022699270000001e+43,5.905623029463541e+42,7.526019049745961e+42,7.099385342,5.455022403999999,-7.099385342,2.1859961800000003e+42,2.1859961800000003e+42,4.0923835945724e+41,8.342475182000001e+42,7.24339117574855e+42,7.14730082946809e+42
DESY3RM-3005,359.789971740121,-60.750088001354,0.11711919,0.012,1005.8962344551745,76.50282943746222,4.903042892,0.7082267060000005,0.9815195149999996,1.8279569040000001e+43,8.8195782437356e+41,8.1663709256434e+41,5.908149223e+43,6.732267273629032e+42,4.561664469833371e+42,4.702863992,0.7394405230000003,0.991960756,1.730160505e+43,7.9573511848408e+41,7.607474417943901e+41,5.483574798000001e+43,3.6990615729142506e+42,5.72750632265023e+42
DESY3RM-3023,81.4524972979355,-47.1116158399567,0.17435376,,,,,,,,,,,,,,,,,,,,,
DESY3RM-3492,94.1494392228313,-39.9416648440053,0.15498638,,,,,,,,,,,,,,,,,,,,,
DESY3RM-4771,40.7187605743301,-50.5360014526669,0.27141485,0.0234,894.7243822754609,222.60622019087052,2.121778257,0.5287990869999999,2.910811719,2.2949032280000004e+43,3.76995160138462e+42,7.58229827263275e+42,5.211377985e+43,1.191289925071965e+43,1.523188237720656e+43,1.726277676,0.246274045,1.152974947,1.9381636460000004e+43,6.998894434629011e+42,7.96062438896093e+42,4.1245119920000006e+43,1.0712270576862001e+43,1.715051335397054e+43
DESY3RM-5835,41.9555442345886,-3.6123058451022,0.21454494,,,,,,,,,,,,,,,,,,,,,
DESY3RM-7588,41.9446341945101,-3.40703778567728,0.13498561,0.0302,499.7638041708611,16.79901426693879,1.539440068,0.146215334,0.1294137129999999,2.578091078e+42,3.4571651364398002e+41,3.2787272761197e+41,5.301719439000001e+42,1.14348379715112e+42,7.867119483678802e+41,1.563298941,0.157273977,0.136878112,2.162461785e+42,5.372786371732101e+41,3.3828713627749e+41,4.4699295810000005e+42,8.944232967357601e+41,7.957433423072101e+41
DESY3RM-7862,16.7603574813219,-0.379999860683843,0.23833096,0.0382,371.51378230035965,33.20266450412806,0.925347527,0.1233470196,0.079209891,5.662581478e+42,1.86608551376307e+42,1.56617318241449e+42,9.431934960000001e+42,1.9040813366032603e+42,1.9079729350386903e+42,0.7995247822,0.0746935129,0.1508199758999999,4.765447916e+42,2.30038509251047e+42,1.8440737895365303e+42,7.607160825000002e+42,2.79574334888401e+42,2.9926996961286104e+42
DESY3RM-8168,17.1746064740024,-15.5381420981738,0.15955333,,,,,,,,,,,,,,,,,,,,,
DESY3RM-9441,306.173484655581,-55.6548788563367,0.21801068,0.0455,614.944419729232,49.5348143641157,2.173099244,0.2674675799999999,0.5184813859999999,7.762480429000001e+42,1.7119698623092603e+42,1.9298544696083902e+42,1.7824896820000002e+43,6.13369413450832e+42,6.40534855201152e+42,2.325974788,0.3224889470000001,0.956480703,5.781738709e+42,4.3503964430881805e+42,4.2262621302389306e+42,1.3585740230000002e+43,9.150667550730152e+42,1.071293617397591e+43
DESY3RM-9780,28.3290179850577,-1.38599374803919,0.22968322,,,,,,,,,,,,,,,,,,,,,
DESY3RM-10885,47.6964596117072,-9.93507725859964,0.278303,,,,,,,,,,,,,,,,,,,,,
DESY3RM-12810,16.1001251651034,-0.423109638720204,0.27495998,,,,,,,,,,,,,,,,,,,,,
DESY3RM-13563,10.896056907125,1.01976527285491,0.19313447,0.0169,533.2531968388993,31.91046941141614,2.010648468,0.2594504679999998,0.3210914650000003,6.757289119e+42,1.11751239014912e+42,7.5771389834714e+41,1.5115820420000003e+43,2.1362832878690303e+42,1.7805016309677303e+42,2.200917731,0.2847146420000002,0.5796468629999998,5.3916305790000006e+42,9.8247337678596e+41,7.3056885187459e+41,1.2437618100000002e+43,3.18506939166692e+42,1.9890626130240004e+42
DESY3RM-13982,33.6694131671545,-6.3103506018419,0.2362817,0.0194,488.2782368444034,31.585680991846818,1.481876505,0.1543453839999999,0.270614935,4.066766768e+42,1.3546618209197001e+42,1.2614033274284302e+42,8.204035331e+42,2.88033664480555e+42,3.77456999106804e+42,1.513618698,0.1849409149999998,0.2677863060000001,3.8228043100000004e+42,1.22708883301528e+42,1.3030599406746902e+42,7.763628461000001e+42,2.36430055643506e+42,2.7204893897549403e+42
DESY3RM-15135,322.486295942261,-0.230528844789192,0.12806974,0.0338,515.2850329521891,31.878542700438043,1.465204541,0.1747745740000001,0.153661123,3.038779348e+42,2.6152428593521003e+41,3.4505083127697005e+41,6.153133952000001e+42,8.715342525311601e+41,7.8270813037973e+41,1.453850632,0.1918253969999999,0.1588911129999999,2.926544885e+42,2.9011066245583004e+41,3.4095259130354e+41,5.911981396000001e+42,7.576503318552e+41,8.2083113476126e+41
DESY3RM-15769,41.4065352420037,-52.9014789097912,0.29780343,,,,,,,,,,,,,,,,,,,,,
DESY3RM-15788,33.749599714787,-3.9064948741266,0.14753744,0.0203,555.392959244826,31.003357356679302,1.636053231,0.1454767809999999,0.310178061,3.1018727510000004e+42,5.7313702602689e+41,5.6199104872721005e+41,6.508320315e+42,1.64907965791553e+42,1.0607023631138401e+42,1.971713739,0.3675472819999998,0.5880646470000002,2.453875102e+42,2.453875102e+42,3.3920826832543586e+45,5.467655881e+42,5.467655881e+42,9.46162499291271e+45
DESY3RM-17138,16.6512713096144,0.272144249281864,0.24009746,0.0303,531.3764793425843,108.53675068461472,1.069091688,0.2695701340000001,2.9602001479999998,3.205159444e+42,1.6335950058688902e+42,1.23796225214729e+42,5.686829394000001e+42,3.60054206962045e+42,2.87710801269332e+42,1.063786498,0.37457661,0.382121809,3.1033921610000005e+42,3.1033921610000005e+42,4.29161986882713e+42,5.492296063000001e+42,5.492296063000001e+42,8.696994811815461e+42
DESY3RM-18419,76.5230863936708,-28.6732634914227,0.13612653,0.0103,559.718763009967,34.01074525326316,0.8616510732,0.1788569287,0.1628553247999999,2.601944265e+42,2.6019442649999905e+42,-2.4822852553734e+41,4.247074829e+42,4.247074829e+42,-3.1030412982174e+41,0.6902058104,0.1005822638999999,0.1917139847,2.1520741800000002e+42,2.1520741800000002e+42,-2.1520741800000002e+42,3.3489234090000005e+42,3.3489234090000005e+42,5.225561838853361e+47
DESY3RM-18464,37.0509272312404,-10.0928474267402,0.15822335,0.0217,578.605775863552,64.04643281845178,1.429206029,0.1690634689999999,0.2082147629999999,9.807078757e+42,1.07428736264621e+42,2.0382959551008404e+42,1.967228609e+43,3.18924500661548e+42,6.239103381104941e+42,1.094676267,0.085290193,0.1890999179999999,7.381579225e+42,1.9643629133450702e+42,1.49000283194473e+42,1.328350343e+43,4.70461735714616e+42,2.44885645948582e+42
DESY3RM-18474,9.0533234033778,-44.5662472166188,0.15344752,0.0406,533.0382601708724,17.568029994716007,1.586229499,0.0572635830000001,0.0544259659999999,8.529983726e+42,3.0263673219710004e+41,3.6551575233936005e+41,1.769357074e+43,1.05254797903498e+42,1.0587294290193501e+42,1.602599872,0.07446277,0.0695317039999998,6.166027824e+42,4.4463536333385e+41,4.0701288085671e+41,1.283635051e+43,7.729169249501e+41,9.3390616699653e+41
DESY3RM-18701,349.197332048535,-42.710484675403,0.110933,,,,,,,,,,,,,,,,,,,,,
DESY3RM-18707,77.6638026874339,-45.087220874506,0.20937401,0.0247,471.89894855002996,25.931908014151354,1.520677545,0.182260389,0.2342134059999998,4.4278575950000004e+42,2.07872537111268e+42,6.796196426299601e+41,9.625141201e+42,5.5919244144982e+42,1.51863526972851e+42,1.511105684,0.1810413419999998,0.262464148,3.7374597080000006e+42,3.48372509486663e+42,7.623813128662901e+41,8.108850289e+42,8.108850289e+42,-2.6387471756941003e+41
DESY3RM-18716,37.3278550889164,-10.0177308385265,0.19340347,0.0228,479.0703334411138,37.10347979703197,1.096675121,0.1142578844,0.1510201489999998,2.413085131e+42,7.158399100480701e+41,9.1497373297957e+41,4.3390527390000004e+42,1.73566481458169e+42,1.4159996920209002e+42,1.08304047,0.2022150729,0.147065148,2.304386768e+42,1.1638710186733002e+42,6.444614348586e+41,4.1254062850000004e+42,1.8906033114613702e+42,1.8100843343426504e+42
DESY3RM-19799,14.6273774305081,-36.3107446293196,0.1668534,0.0133,482.4588882513503,48.47099945581379,0.8931537654,0.1098653351,0.1179279156,5.558396756000001e+24,5.558396756000001e+24,1.7686991302319245e+56,9.172832111000001e+24,9.172832111000001e+24,-9.172832111000001e+24,0.9233561127,0.1495727130999999,0.1380997282999999,1.3971309660000004e+30,1.397130966e+30,-1.397130966e+30,2.3335179480000003e+30,2.3335179480000003e+30,8.758636759076282e+54
DESY3RM-20064,349.523488304913,-42.5974047021533,0.2015966,0.0111,579.3597672533032,36.94066800196102,2.125167564,0.1789298079999999,0.3220682130000001,1.592367984e+42,1.592367984e+42,1.53835204450833e+42,3.6195637080000005e+42,3.1607938505718804e+42,2.98232330445529e+42,2.207977558,0.2628145699999999,0.4465196859999998,2.201892602e+40,2.201892602e+40,2.4462915733596983e+43,5.071322013e+40,5.071322013e+40,5.096834369720113e+43
DESY3RM-20481,46.8192940880104,-28.4660321270861,0.26053974,,,,,,,,,,,,,,,,,,,,,
DESY3RM-20559,37.7715741075805,-10.1833164964645,0.15675753,,,,,,,,,,,,,,,,,,,,,
DESY3RM-20679,86.0523022895566,-25.9269611882188,0.26486236,0.0133,599.3782419087837,73.06867311270423,3.170987624,0.7906571979999999,1.6128244869999997,9.576261841e+42,2.1707085252592103e+42,1.0803447913910201e+42,2.62957442e+43,4.8123203400471703e+42,4.500015547892481e+42,3.775078389,1.240900923,3.246913674,5.4976573250000006e+42,1.48551139773899e+42,1.1420003829508301e+42,1.616837512e+43,5.556141461557751e+42,4.5371401365165705e+42
DESY3RM-21127,26.0488107155579,-60.4737310127639,0.2865136,,,,,,,,,,,,,,,,,,,,,
DESY3RM-21181,356.416745194039,-56.0506975374324,0.10620661,0.012,866.3170268820493,137.03469213411336,1.015822455,0.1753934999999998,0.1308809350000002,3.076619073e+42,3.076619073e+42,1.1916751977129237e+48,5.361887995e+42,5.361887995e+42,2.1495245791644772e+48,1.083192412,0.2843016174,0.1120068309999999,1.685383875e+42,1.685383875e+42,1.997106371001585e+55,3.031824943e+42,3.031824943e+42,2.790597832679164e+55
DESY3RM-21502,37.802842981658,-10.1057067343,0.1720265,,,,,,,,,,,,,,,,,,,,,
DESY3RM-21813,23.8864325863226,0.377471495315089,0.14518332,,,,,,,,,,,,,,,,,,,,,
DESY3RM-22770,351.777477968408,-0.399949988622782,0.29045698,0.041,462.67009401018777,138.45386758474237,1.730317886,0.4702869819999999,1.182529497,2.9693940190000005e+42,2.96939401899999e+42,4.1744964175824605e+42,6.318788860000001e+42,6.31878885992456e+42,1.173223051223619e+43,1.706661685,0.554048165,2.468319053,1.2362303840000001e+42,1.23623038399999e+42,7.341772524979124e+49,2.618135428e+42,2.618135428e+42,1.281741658413949e+50
DESY3RM-23921,29.1461481337073,-17.1561909679181,0.24745648,0.0178,454.684353020081,28.55926987676192,1.314787213,0.1263049730000001,0.209964045,2.5944879800000004e+42,4.2721418752890006e+41,5.6578969651706e+41,5.0126813890000003e+42,6.5111010452253006e+41,9.8438893883582e+41,1.319519409,0.1316873729999998,0.1661226040000001,2.3760031880000004e+42,4.156122829499801e+41,4.1170692410655005e+41,4.599053537000001e+42,8.7279989873535e+41,8.6806009536653e+41
DESY3RM-24480,91.3348798826189,-35.062212891836,0.29886526,,,,,,,,,,,,,,,,,,,,,
DESY3RM-24505,38.8080396828112,-44.4145063834648,0.18922111,0.0165,448.2489405891076,20.761321901430954,1.233458483,0.070356968,0.0614552219999999,3.2571804910000004e+42,8.472636854382e+41,9.872621568373001e+41,6.095205352000001e+42,2.2905895866750902e+42,1.4105117019200402e+42,1.190570383,0.0794577950000001,0.0685549749999998,3.151481907e+42,8.5867956151416e+41,8.463784031132901e+41,5.812540424e+42,2.0242150230258602e+42,1.55908039551347e+42
DESY3RM-25274,355.146455947774,-53.7141647004303,0.1827477,0.0118,482.2365261170146,40.20328536288511,1.418580259,0.1946035219999999,0.5318622559999999,4.246799001e+42,1.9395557346727e+42,1.9582312848126504e+42,8.484617563000002e+42,4.43270332404972e+42,4.0234698127806706e+42,1.375380203,0.1310497029999999,0.5718843150000001,4.198772416000001e+42,1.3133187561296502e+42,2.4563622035458604e+42,8.316096319000001e+42,3.38622874934088e+42,5.66820848858136e+42
DESY3RM-25624,15.3280904747906,0.597387529342232,0.20178314,,,,,,,,,,,,,,,,,,,,,
DESY3RM-25698,349.102138568267,-53.985178008383,0.28803796,,,,,,,,,,,,,,,,,,,,,
DESY3RM-25800,44.6939675368079,0.203881997770348,0.2643145,,,,,,,,,,,,,,,,,,,,,
DESY3RM-25828,16.4671594504503,-0.351039443654136,0.25573072,0.0344,404.74301043358093,64.87062497215564,0.9654638916,0.1931946153,0.1915718444,1.668166619e+42,8.5234842222637e+41,7.0730902591321e+41,2.82387987e+42,1.4244512706247602e+42,1.3131570272143301e+42,1.020137483,0.2134924145000001,0.1976339179999999,1.893570514e+42,8.853781791021801e+41,8.6175979782435e+41,3.283160088e+42,1.2192000653980402e+42,1.4976638228373403e+42
DESY3RM-25875,54.9990300228367,-52.5157857826814,0.25175557,,,,,,,,,,,,,,,,,,,,,
DESY3RM-25958,16.0593599537047,-18.2164621929067,0.15800111,,,,,,,,,,,,,,,,,,,,,
DESY3RM-26179,43.6137172668495,-8.25671596909753,0.20401196,0.0432,497.9390673664485,57.49676866845961,1.718152903,0.382341682,0.9239744239999998,2.678677321e+42,9.429552209909401e+41,1.4322406225236302e+42,5.706742239e+42,1.45243561192065e+42,2.7986193334042704e+42,1.673773143,0.3724992360000001,0.949777101,2.2925866840000002e+42,4.547642054711101e+41,1.10209701591875e+42,4.8341198150000004e+42,1.89542444105981e+42,2.3725870294530604e+42
DESY3RM-26360,22.7924287134565,-3.57732066301711,0.19672686,,,,,,,,,,,,,,,,,,,,,
DESY3RM-26852,353.104147875486,-56.0432352765561,0.2696585,0.0123,441.279218812586,21.676833542344298,1.274922323,0.0875687899999999,0.294664252,7.382577097000001e+42,2.52307234735903e+42,1.91591541278607e+42,1.403183055e+43,5.21602657520035e+42,5.763959093952911e+42,1.634696523,0.186220783,0.2734155840000001,6.485728727e+42,2.0121589320628302e+42,1.9823133961697904e+42,1.35227619e+43,3.3477692744972e+42,4.4774873597110003e+42
DESY3RM-26858,16.7482525982091,0.255137070430301,0.25301817,0.0303,388.72000924913107,46.06090432061033,5.2600076,3.135585567,53.39080266,1.898702137e+42,1.898702137e+42,7.528737581638001e+41,6.368417808e+42,6.36841780624015e+42,8.11972029308314e+42,1.10302664,0.3587201465999999,2.370512139,2.054841309e+42,2.0548413089999904e+42,1.1882064306029502e+42,3.68952017e+42,3.6894978873560603e+42,2.91444067356659e+42
DESY3RM-26966,35.7440638412951,-4.12083395399859,0.29045838,0.0227,373.43347611548376,25.591253264668737,0.9653532844,0.1009985568,0.0843188626000001,8.980371504000002e+41,8.980371504000002e+41,2.4504919843233503e+42,1.515936584e+42,1.515936584e+42,2.7732459629307604e+42,0.9875971027,0.123417411,0.1593522983,1.89658441e+42,1.89658441e+42,1.88777020013837e+42,3.2324284500000003e+42,3.216742095945891e+42,3.62978626082746e+42
DESY3RM-27159,324.420215638955,-63.1365293581439,0.23577873,,,,,,,,,,,,,,,,,,,,,
DESY3RM-27304,89.919159466694,-50.5373059404703,0.20586403,,,,,,,,,,,,,,,,,,,,,
DESY3RM-27519,351.399114168563,-54.7208085807062,0.16512407,0.0103,476.56629342981233,23.806463972032464,1.324272281,0.0929681550000001,0.1590079979999998,4.036117587e+42,8.144908554879601e+41,6.842572138033e+41,7.856455877000001e+42,1.40928730329598e+42,1.9756005239562903e+42,1.342714733,0.104141582,0.223932904,3.450246718000001e+42,4.6559177270001e+41,8.625124507378301e+41,6.765851476e+42,1.5817723336464503e+42,1.8209830980406102e+42
DESY3RM-27744,16.410845319594,0.0448375692237223,0.25951752,,,,,,,,,,,,,,,,,,,,,
DESY3RM-27783,34.6780414780222,-3.83696633128203,0.1577842,0.0192,418.5179527160186,25.474666695578982,1.04431588,0.0907045186,0.1248319579999999,1.7817047050000002e+42,2.7596032170857003e+41,2.3977407661707003e+41,3.134375089e+42,6.0274069140557004e+41,5.430833629561201e+41,1.045927358,0.1860755753999999,0.1681119610000001,1.079579971e+42,3.1935092128514e+41,2.8108091207487005e+41,1.900626934e+42,5.334669389410601e+41,4.149394072869e+41
DESY3RM-28123,40.8081042035731,-50.333726402076,0.27818158,0.0232,429.617817574679,33.4723122265873,1.287401702,0.1701076489999999,0.3669812990000001,5.979464633e+42,2.3893588698878604e+42,1.81262142779107e+42,1.141726694e+43,3.94507317925904e+42,3.599008780211141e+42,1.282704466,0.1785414469999999,0.2360867929999999,5.675814393e+42,2.4762237610202303e+42,1.88722319258257e+42,1.0818406920000001e+43,3.821193190729231e+42,4.62125818371383e+42
DESY3RM-28442,32.5656471352968,-39.6224253436605,0.16203427,0.0129,54.79882522046453,9.735567400405566,,,,,,,,,,,,,,,,,,
DESY3RM-28567,31.8335222665688,-4.82521221966694,0.24586853,0.0177,605.8814331433223,53.13514328814918,2.010543917,0.2971358310000001,0.385142477,1.6060406390000003e+43,2.6224983544272803e+42,3.03284372622752e+42,3.5806061670000006e+43,6.463305671356321e+42,6.36001146575152e+42,2.114011399,0.4181698759999999,0.6930621600000002,1.1587254370000002e+43,2.2289648353564402e+42,2.96707654936831e+42,2.6278516050000004e+43,5.725414752572601e+42,6.344552564804371e+42
DESY3RM-29027,350.161606729922,-41.7959923538511,0.119242825,,,,,,,,,,,,,,,,,,,,,
DESY3RM-29312,36.1384742895804,-4.23867608160795,0.26519367,0.0232,493.21299266556343,20.6175493339729,1.269626131,0.044834743,0.0411350299999999,5.2315743000000003e+42,7.532871415239e+41,6.978621481300502e+41,9.932283316000001e+42,1.1496355292735402e+42,9.857480815940401e+41,1.279116414,0.047851491,0.0437509419999999,4.7062038140000005e+42,5.9038535718346e+41,6.5178956590162006e+41,8.966255537e+42,1.3227985523459301e+42,8.8959371530644e+41
DESY3RM-29944,16.55337798513,-64.3719820433953,0.16549367,0.0268,538.1468486483491,30.390312910003942,1.550968219,0.160749781,0.1400650059999999,5.068148433e+42,6.366379546026801e+41,5.258506543707901e+41,1.0424851760000001e+43,1.3616709735385401e+42,1.6902289446069402e+42,1.571617367,0.1716208720000001,0.1487293679999999,4.724766152e+42,6.8301775763068005e+41,5.785626261512501e+41,9.762219613000002e+42,1.6189673088851604e+42,1.6063056472904302e+42
DESY3RM-30233,16.1735234646146,-0.427702156309931,0.26602894,0.0359,190.50183023009996,28.1530530891825,,,,,,,,,,3.205928132,1.890871594,-3.205928132,1.3575145240000001e+42,1.3575145240000001e+42,6.612410666628501e+41,3.607474466e+42,3.6074744657716e+42,1.64759664244254e+42
DESY3RM-30479,37.623899977555,-5.22529914043935,0.1921493,0.0227,481.94557323294515,16.004088397725624,1.499175048,0.1609260309999998,0.2228275580000001,2.3608028480000004e+42,5.984181114061e+41,5.5767719335253e+41,4.791168306000001e+42,1.7992875577225e+42,1.41878301160332e+42,1.355205637,0.2376918679999999,0.171620101,2.1899346510000002e+42,1.27584901709681e+42,1.0814546001967201e+42,4.599051924e+42,1.89397649372112e+42,1.88388917781104e+42
DESY3RM-30484,320.935158955252,-0.698400024060427,0.19588248,0.037,385.62713945717644,27.307030531668875,0.9339991568,0.1023959587999999,0.0949539851999999,1.615458399e+42,5.3410002569815e+41,6.066406272193901e+41,2.7049113520000005e+42,7.7841836356969e+41,8.747018803231201e+41,0.9709995768,0.1123927952,0.0969237041999998,1.5167651230000002e+42,6.6944011022543e+41,4.166078254754301e+41,2.5793511320000004e+42,9.169418336382801e+41,8.493472150898002e+41
DESY3RM-30610,36.9181358536764,-4.85857644890482,0.28519702,0.0221,567.5397649849659,19.45289590982937,2.012032522,0.0932825130000001,0.0914782129999998,2.7736445270000003e+43,2.6058135080348402e+42,9.389416839046501e+41,6.185411441000001e+43,6.164609614657761e+42,2.02052135020794e+42,2.253996469,0.198452617,0.2411709549999998,1.773559185e+43,2.67392649566662e+42,9.296596060495802e+41,4.111380325e+43,6.9179398737913e+42,2.2419820672363802e+42
DESY3RM-30691,17.8809045947704,-45.8375151112063,0.24008107,,,,,,,,,,,,,,,,,,,,,
DESY3RM-31041,35.6465006523325,-8.96204064329799,0.2349944,,,,,,,,,,,,,,,,,,,,,
DESY3RM-31280,30.3761685991352,-5.51341994650922,0.1818424,,,,,,,,,,,,,,,,,,,,,
DESY3RM-31451,23.249156166694,-13.4863675463761,0.22696626,,,,,,,,,,,,,,,,,,,,,
DESY3RM-31530,32.4940645773535,-4.98220737088939,0.14421174,0.0176,491.453905690678,19.691374625777716,1.373173928,0.0639736659999998,0.1580384999999999,3.5100889070000007e+42,6.986555887049801e+41,6.0244710356975e+41,6.969807841000001e+42,1.2937239036315e+42,1.39960928747631e+42,1.373070945,0.0751956900000001,0.179616508,2.8607983510000004e+42,6.3349688352365e+41,6.4596008608482005e+41,5.680427849e+42,1.20387487874921e+42,1.7457746773831303e+42
DESY3RM-32259,23.7313180168145,0.387937098018915,0.15199359,,,,,,,,,,,,,,,,,,,,,
DESY3RM-32606,18.1670082064646,0.0345525311829896,0.24620606,,,,,,,,,,,,,,,,,,,,,
DESY3RM-32630,16.975853154191,0.515158588300508,0.29826298,,,,,,,,,,,,,,,,,,,,,
DESY3RM-32824,346.355671534782,-51.5140417360916,0.19606958,0.00802,673.7585876691139,104.96112311091835,2.642582014,0.7946838169999999,1.6290937280000004,3.9266359950000006e+42,1.33513617469145e+42,1.1863342248353902e+42,1.0103509650000002e+43,3.64066023253573e+42,3.0059946376060903e+42,2.613121015,0.829148105,1.809517519,3.1059326290000006e+42,1.1973359777431502e+42,9.6561666752097e+41,7.96157226e+42,3.936675463656251e+42,3.4897795287706705e+42
DESY3RM-33010,36.5007313757876,-2.82543456594053,0.27805895,0.0214,472.3828860120333,29.238911143311473,1.368154113,0.0830060559999998,0.2188431890000002,4.355828034e+42,6.0020191009686e+41,9.641813511662102e+41,8.583358103e+42,1.35600331537517e+42,1.9251988841989704e+42,1.623230682,0.3264665229999999,0.431810499,3.488409953e+42,8.3387782883426e+41,8.515511161095301e+41,7.253929517000001e+42,1.83054571553177e+42,2.30391673323199e+42
DESY3RM-33171,56.4778196797796,-24.0978402309392,0.14477484,0.012,379.1218640703858,28.145199699411762,0.969857834,0.1995487807,0.201223185,1.201342595e+42,5.3991790435174e+41,4.9861777123599e+41,2.047116365e+42,6.5917417158066e+41,8.336901897241401e+41,1.078988471,0.3371184948999999,0.197323334,6.1256340470000006e+41,6.1256340470000006e+41,3.2326844815411e+41,1.097067765e+42,1.0970670763430301e+42,8.317044801350801e+41
DESY3RM-33549,20.6355593251351,-0.156351077664616,0.291717,,,,,,,,,,,,,,,,,,,,,
DESY3RM-33985,80.1840836261248,-48.2153418111051,0.25927997,,,,,,,,,,,,,,,,,,,,,
DESY3RM-34032,63.5594550174242,-22.0064250876535,0.20161273,0.0205,364.3949126400914,30.479293940870438,0.9759331961,0.1316106000999999,0.1108640799,1.905291943e+42,3.8523523346802e+41,2.8361650157391002e+41,3.241674448e+42,6.1428127766954006e+41,6.6611620732675e+41,1.00803629,0.1624216164999999,0.160870711,1.4760069090000002e+42,3.5533391504374e+41,3.5046417090149e+41,2.5463627440000005e+42,7.6591705602523e+41,6.1649778794793e+41
DESY3RM-34351,29.2023900865722,-1.11372695300027,0.23582985,0.0264,534.1446944697984,65.82387637635125,1.676076535,0.3639229029999999,0.6224850900000001,1.69140978e+43,5.1005040436501e+42,7.054194904057951e+42,3.5590817960000004e+43,1.354408048989976e+43,1.709193428723958e+43,0.1021485978,0.04377435988,0.0565677684999999,1.122936921e+43,1.122936921e+43,-6.887290318938801e+42,6.295463550000001e+44,6.295463550000001e+44,-3.062434409716411e+44
DESY3RM-34496,351.417271512926,-54.7419065160221,0.11700302,0.0102,486.47125822307777,17.433437205709005,1.324151599,0.0451540709999997,0.040245955,4.2881778860000004e+42,5.998892367002001e+41,4.8934098735119e+41,8.366736096000001e+42,1.2162044593037801e+42,1.1449218289154301e+42,1.600232827,0.1140237879999999,0.103919689,2.997807245e+42,4.5549002089601004e+41,5.2723474512763005e+41,6.24795746e+42,1.4060041440750602e+42,1.1362108522169302e+42
DESY3RM-34570,30.2215144757151,-36.6386811570765,0.29500568,0.0131,424.9618311533437,32.53978803719281,1.28935994,0.3749009462,0.7409606030000002,3.9334351890000006e+42,1.5334434213732402e+42,1.28997221268048e+42,8.041634957000001e+42,2.8415628854341e+42,2.8817928797562304e+42,0.681072949,0.1736065242,0.1359657863,1.5480885010000002e+42,7.6603029742249e+41,3.869281782198801e+41,2.383622772e+42,9.107208957693701e+41,7.859386079132501e+41
DESY3RM-35132,42.110402828467,-3.49105061169063,0.28259024,0.0308,379.6423915850925,58.399879601075455,0.93792182,0.346743775,0.2656408600000001,1.8772225220000002e+42,6.9351538352473e+41,6.173871168765701e+41,3.134171543e+42,1.3661085064844901e+42,6.840412959295001e+41,0.9301624448,0.4444305837,0.3302050622,1.7579842240000003e+42,1.0587250282650301e+42,5.673906821957601e+41,2.92575291e+42,1.4806532750459602e+42,8.4759271628708e+41
DESY3RM-35384,38.2152112519554,-5.56579264467281,0.22814396,0.0216,416.1979363120724,26.17904152651152,1.586888,0.324979514,0.3128341809999999,3.7961953160000005e+42,1.2738072991309201e+42,1.4938917533942102e+42,7.849076611000001e+42,3.0526109772692806e+42,2.2138313089819102e+42,1.123078497,0.2206505161,0.1807309579999998,2.8779613930000005e+42,1.3685623422508602e+42,1.15433133978278e+42,5.2088902060000004e+42,2.2800502157335e+42,1.9718954592105402e+42
DESY3RM-35600,352.90863314477,0.128423029911424,0.2217695,0.0415,447.7965094063889,22.26150027518007,1.245640254,0.0859801200000001,0.079022229,4.241653587e+42,4.241653587e+42,4.63297635258731e+42,7.95907872e+42,7.95907872e+42,9.602010747341171e+42,1.245797857,0.1081856219999999,0.095386165,3.338394844e+42,3.338394844e+42,7.625525236472145e+44,6.264542075000001e+42,6.264542075000001e+42,9.840524758233813e+44
DESY3RM-35675,82.7034076844796,-31.6621818597147,0.16505921,,,,,,,,,,,,,,,,,,,,,
DESY3RM-35816,16.489346261324,1.12170977655365,0.20485651,,,,,,,,,,,,,,,,,,,,,
DESY3RM-35834,19.2135450043997,-24.4198288506889,0.26505575,0.0171,645.120805458513,123.96184258485148,0.9778101731,0.3186831679999999,0.4784485529,3.366900118e+42,2.32814467333884e+42,1.3093336936993401e+42,6.129159442000001e+42,3.53352327496135e+42,3.11275393757353e+42,1.039764764,0.3469754081,0.252638999,3.266405346e+42,1.8597128991051202e+42,1.6756691043541802e+42,6.106987656e+42,4.33121941093952e+42,3.0205480420759705e+42
DESY3RM-36126,11.859218510677,-23.4284103576848,0.15914516,0.0133,409.4894731094594,52.26670976818807,0.8631086211,0.0727867113999999,0.1492314718999999,1.269109102e+42,5.248738927309101e+41,4.071400901723001e+41,2.070893364e+42,7.371285464830301e+41,8.422676187420302e+41,0.8619627636,0.0694910262,0.1670195584,9.233772942000001e+41,4.0240395708125e+41,3.0947953795216003e+41,1.506083663e+42,8.224740729239801e+41,5.8100674737993e+41
DESY3RM-36131,26.3011297870601,-0.0929118100430151,0.19439663,,,,,,,,,,,,,,,,,,,,,
DESY3RM-36564,15.3587752624651,-0.0778642388839987,0.1171388,0.0304,459.5754194385978,17.627703212866304,1.184595836,0.0466882799999999,0.0425052329999999,8.753774378000001e+42,5.399900513668801e+41,4.0807402401657e+41,1.62371672e+43,1.0567064727940202e+42,9.466177945269701e+41,1.240496191,0.051865993,0.0469508269999998,6.150449635e+42,4.813222887125601e+41,4.917842746100201e+41,1.1629624890000001e+43,1.39924552094576e+42,8.9938502850775e+41
DESY3RM-36883,307.835908853383,-40.6212303821353,0.22294489,,,,,,,,,,,,,,,,,,,,,
DESY3RM-37710,34.3054322810729,-3.54932690508518,0.2141781,0.0195,766.0636041222339,191.32274245561462,2.739566694,0.947425022,3.357423491,3.7540875180000005e+42,3.7540875180000005e+42,1.94891453567424e+42,9.359898617e+42,9.359898447635311e+42,7.09551873757318e+42,2.242369191,0.788767134,15.008594929,3.443976267e+42,3.443976267e+42,2.23849662902413e+42,7.97915295e+42,7.979152819056871e+42,7.81917363875596e+42
DESY3RM-38364,41.3895933293619,-53.3150356627328,0.12161608,0.0349,435.84725516177485,105.16052468846192,1.083781796,1.083781796,-1.083781796,6.2235127450000006e+41,6.2235127450000006e+41,6.109948381044101e+41,1.1185338910000001e+42,1.07326367977562e+42,1.2843095507468002e+42,1.082309398,1.082309398,-1.082309398,2.9368736640000003e+41,2.9368736640000003e+41,5.4943476941737006e+41,5.274557423e+41,5.274557423e+41,1.1066881766590201e+42
DESY3RM-38846,331.163895504284,-50.0316934243048,0.276073,0.0176,418.42151828447163,100.8725867995546,1.380907807,0.150084273,0.4621513929999998,6.490131329e+42,1.89875645461954e+42,2.2824631529077602e+42,1.282560261e+43,5.4141620926052706e+42,6.756994134740731e+42,1.405950363,0.1558134580000001,0.4649414159999998,6.461493346e+42,1.48591321151819e+42,2.7256891195530704e+42,1.2833411630000002e+43,4.875570060983181e+42,5.5113587697106404e+42
DESY3RM-38892,20.255498889022,3.50844000836983,0.19951543,,,,,,,,,,,,,,,,,,,,,
DESY3RM-39031,357.752420548313,-55.3704031918325,0.1388333,0.0133,610.4428854050238,51.88843604038653,1.96781922,0.280747195,0.3098081750000001,5.846572876e+42,5.759409567120301e+41,5.9985963243069005e+41,1.3022326430000002e+43,1.53862291697283e+42,1.6793950835533402e+42,1.941924009,0.3062344670000001,0.37106014,4.7677897320000007e+42,4.2125851561992005e+41,6.0334000429738006e+41,1.0574795450000002e+43,1.5631258948665303e+42,1.4973285115579603e+42
DESY3RM-39295,41.4153194055092,-52.9640262165454,0.11119304,0.031,930.3181302051725,67.02770572095775,4.071475456,0.5068150929999997,0.6898575759999996,1.7545619080000001e+43,8.1987298069092e+41,8.556275230256002e+41,5.202398362000001e+43,5.462980595092791e+42,3.872997710108541e+42,4.097557387,0.533529889,0.7642602929999995,1.6265779710000001e+43,8.1791548218422e+41,8.663493715050901e+41,4.837476165e+43,4.5113776131696304e+42,4.13103094853264e+42
DESY3RM-39306,80.6991944765736,-48.3015732323887,0.218394,,,,,,,,,,,,,,,,,,,,,
DESY3RM-39317,20.4632943857962,-0.191893273412903,0.20882733,0.0355,701.8475768303513,190.31717088760504,1.981697728,0.6269122880000002,1.649727159,1.0234908900000001e+43,1.0234908900000001e+43,1.1344892715796777e+50,2.2642202310000003e+43,2.2642202310000003e+43,1.024308504438738e+50,2.317758258,0.6819214980000001,4.137192954,8.649348864000001e+42,8.649348864000001e+42,-1.3367002434207e+42,2.0193870990000003e+43,2.0193870990000003e+43,-1.5376726901167502e+42
DESY3RM-39434,38.076594488063,-5.03878793497715,0.1828009,,,,,,,,,,,,,,,,,,,,,
DESY3RM-39538,30.8174740088675,-5.40523707338651,0.20605244,,,,,,,,,,,,,,,,,,,,,
DESY3RM-39586,18.9764232889797,-0.158859796583073,0.17458184,0.0306,484.3172930849447,42.13068676016246,1.368440704,0.1973361019999999,0.3684241240000001,3.105274922e+42,6.418453198326701e+41,9.173506180884701e+41,6.152069844000001e+42,1.9016161648511902e+42,2.2948652545782704e+42,1.349443228,0.2535514209999998,0.2834114600000001,3.1610368950000004e+42,7.832506086462101e+41,8.4341719163337e+41,6.217136762e+42,1.6929133944286303e+42,1.7304047903631203e+42
DESY3RM-39601,36.5755501582041,-3.99939990491016,0.21175018,0.0245,529.9821928718482,38.47738390669411,1.860121699,0.242077587,0.5325556090000001,2.4426070520000003e+42,8.7275078692518e+41,6.410911814811701e+41,5.3086116200000006e+42,1.46902939106104e+42,2.0871790295592902e+42,1.709337115,0.2231238669999999,0.2933447840000001,2.086788509e+42,7.9410676050988e+41,9.1323565584099e+41,4.421319120000001e+42,1.6523371582065402e+42,1.81754405291432e+42
DESY3RM-40020,55.4061030099117,-53.1743135557505,0.1046469,0.0111,551.227321980061,24.673491778696892,1.603750965,0.104913872,0.096201658,5.513995314000001e+42,3.2139038899756e+41,3.6643254969388e+41,1.152047708e+43,1.0142525666075e+42,9.977077134921602e+41,1.590223342,0.1208816219999999,0.1085772279999999,4.763168096e+42,3.5078174915544004e+41,3.6315763189264004e+41,9.922180065000001e+42,1.0098084323891901e+42,8.194265201753501e+41
DESY3RM-40580,32.8344808471927,-8.83312307430769,0.24900644,,,,,,,,,,,,,,,,,,,,,
DESY3RM-40719,16.9533189479434,-64.441938301082,0.2805608,0.0281,686.8701097221324,154.72138835058075,0.5439681087,0.2369204774,0.2580683392999999,4.699663303e+42,3.9314253734877803e+42,9.631987011438001e+41,7.266021595e+42,6.072049839499731e+42,2.1117478466276402e+42,3.43375178,1.6681220170000002,52.84559846,1.7328148220000002e+37,1.7328148220000002e+37,1.353557075001745e+49,4.743006337e+37,4.743006337e+37,5.208683816606323e+49
DESY3RM-40729,30.4873171267032,-2.02681779464473,0.24580714,,,,,,,,,,,,,,,,,,,,,
DESY3RM-41005,16.9921926384781,-16.256515316861,0.29709557,,,,,,,,,,,,,,,,,,,,,
DESY3RM-41147,16.4691773264314,0.0413207463220021,0.2809422,,,,,,,,,,,,,,,,,,,,,
DESY3RM-41253,86.8282646672894,-53.5372814534796,0.21953417,0.0672,279.1101512072183,62.519791375742706,0.4450280039,0.1199322411,0.2056567029,3.787005215e+41,3.787005215e+41,1.5100589796081e+41,6.182275305000001e+41,6.1822753049755006e+41,2.4929522742591e+41,0.4384952955,0.1695492421,0.3196879859,3.56511241e+41,3.56511241e+41,-2.758193718644577e+39,5.841375002000001e+41,5.841375002000001e+41,1.1397923374459001e+41
DESY3RM-41340,322.657829185666,-40.5195880888991,0.27607006,,,,,,,,,,,,,,,,,,,,,
DESY3RM-41522,349.184441700678,-42.7058384279382,0.2123232,0.00934,539.7012054322372,14.517011814239334,1.841705363,0.1394535239999998,0.1971556730000001,1.0720455530000002e+43,2.4622729358008402e+42,4.19549580547802e+42,2.323590347e+43,8.747066994737581e+42,5.928181681530951e+42,1.826583149,0.130827784,0.2144786250000001,9.665796483000001e+42,3.64878399415559e+42,4.01574134772243e+42,2.0897959060000001e+43,9.24210472203115e+42,5.79985183396829e+42
DESY3RM-41771,53.0945099258468,-25.8109585110223,0.13509995,,,,,,,,,,,,,,,,,,,,,
DESY3RM-42000,34.7366718458716,-0.532331064375695,0.2761595,,,,,,,,,,,,,,,,,,,,,
DESY3RM-42310,351.592167122054,-53.4012443365798,0.24523146,,,,,,,,,,,,,,,,,,,,,
DESY3RM-42319,32.4587100373637,-4.36854359244855,0.14010946,0.0183,217.18704502720269,27.516405666185975,2.046659021,0.8694475689999999,4.447309106,9.405163886000001e+41,4.0005416543873e+41,4.3626976341803005e+41,2.121671885e+42,1.3052098423297101e+42,1.3801136511519101e+42,3.204231715,1.7183995690000002,12.425927505,8.837114426e+41,8.837114426e+41,2.0499924394782e+41,2.3552790810000005e+42,2.0257338926888202e+42,1.8197858440094602e+42
DESY3RM-42433,352.654349890389,-55.7274193128418,0.2815363,0.0113,675.6746616061217,99.17769258830369,1.920708401,0.353697205,0.761803958,9.26006802e+42,1.9464297915105503e+42,2.3136374790269302e+42,2.0333447780000002e+43,3.7965020926057605e+42,5.0472018956951307e+42,1.950564508,0.4235579760000001,0.9650244549999998,7.564390555e+42,2.1537834229311803e+42,2.08379466187347e+42,1.669179691e+43,3.9665318999443603e+42,5.4236351339692303e+42
DESY3RM-42522,56.006001873614,-55.4139158161251,0.2455679,0.0142,1096.760273099162,371.827662915298,0.01502479337,0.01502479337,-0.01502479337,3.638176995e+38,3.638176995e+38,-3.638176975558885e+38,1.553180151e+52,1.553180151e+52,1.5552098202933002e+55,0.01705607843,0.01705607843,-0.01705607843,5.5006438980000005e+34,5.5006438980000005e+34,1.4614956848459326e+52,1.9223329570000003e+46,1.9223329570000003e+46,4.615009968676325e+56
DESY3RM-42820,31.6071995316561,-6.05589700253999,0.26790452,,,,,,,,,,,,,,,,,,,,,
DESY3RM-43191,55.4612588540748,-54.0415735061299,0.1907871,0.0125,525.0168908911079,24.097324184096646,1.542188803,0.1227202179999999,0.10965525,7.893452016e+42,5.6576106486238e+41,7.0968874797974e+41,1.6129354370000004e+43,1.1869238206760901e+42,1.81033020573591e+42,1.552909188,0.1350701170000001,0.1195242829999998,6.604416616000001e+42,6.9775029003218e+41,6.567551756339101e+41,1.352662814e+43,1.5459307859229202e+42,1.4504142636044e+42
DESY3RM-43219,19.9658705080968,-44.2551727346658,0.19929016,0.0162,419.24055904445845,21.335403221241748,2.43479117,0.655562094,0.8308365360000001,3.781991783e+42,3.0741281285790003e+41,7.804752514150001e+41,8.992993315e+42,1.2744856481782701e+42,1.8679143651285502e+42,1.968505574,0.502575217,0.9208956870000002,2.776398924e+42,4.0073480773160005e+41,7.8164812001055e+41,6.132647677000001e+42,1.04096402852521e+42,1.1475426206897601e+42
DESY3RM-43301,19.8867167126483,-44.16678667334,0.12714869,,,,,,,,,,,,,,,,,,,,,
DESY3RM-43326,31.0104856945235,-7.6288572277012,0.19001134,,,,,,,,,,,,,,,,,,,,,
DESY3RM-43367,357.548721089207,-56.0471401929191,0.27377146,,,,,,,,,,,,,,,,,,,,,
DESY3RM-43431,345.491280029017,0.205606800970212,0.11702759,0.0416,597.9426941743524,65.68500762462523,2.189614582,0.5035723219999999,1.096582895,3.0909608150000003e+42,2.6360649730257004e+41,8.0375627250413e+41,7.142664203000001e+42,1.2285362820290001e+42,1.8220561069320302e+42,2.420990859,0.6455210890000003,1.2935736319999998,2.943535561e+42,4.5528823005108e+41,8.1358501296185e+41,7.039661857000001e+42,1.3209535027796102e+42,1.6395494378207702e+42
DESY3RM-43439,39.9156501610249,-30.8832886664187,0.2182142,,,,,,,,,,,,,,,,,,,,,
DESY3RM-43717,61.0819982375985,-57.3526549761958,0.28217515,0.0111,401.2739878894105,44.161055494983984,1.086496408,0.1660824020999999,0.2258829720000001,2.411499315e+42,9.4901252276381e+41,8.9309320262463e+41,4.303100808000001e+42,1.5687280288638204e+42,1.2533839227788403e+42,1.070012525,0.2443411613,0.2255508989999999,1.9201492340000002e+42,9.242699029435701e+41,6.393949635793001e+41,3.400066586e+42,1.4856912756419902e+42,1.43495163866119e+42
DESY3RM-43812,342.515672884166,-44.7891583936543,0.18798694,0.0119,615.7265641803425,14.958326459677108,2.298131011,0.103166023,0.1033410849999998,1.7907245620000003e+43,6.5699257351496005e+41,7.030347242966902e+41,4.172785852e+43,1.4163651003436002e+42,1.7504232284008203e+42,1.977676503,0.10497066,0.102515248,2.2138395260000002e+43,3.2289143599578205e+42,2.0717280538573303e+42,4.899813797000001e+43,7.68270612120833e+42,5.132285188306121e+42
DESY3RM-44335,327.109190329504,-46.0622775642411,0.12031418,,,,,,,,,,,,,,,,,,,,,
DESY3RM-45024,38.8662579681091,-58.6960275163009,0.23883218,,,,,,,,,,,,,,,,,,,,,
DESY3RM-45148,73.6887271800643,-18.2584574188666,0.1914207,,,,,,,,,,,,,,,,,,,,,
DESY3RM-45172,30.0763181073593,-9.54568342394784,0.27498123,,,,,,,,,,,,,,,,,,,,,
DESY3RM-45213,10.8639999052889,-20.7087570196994,0.29634356,,,,,,,,,,,,,,,,,,,,,
DESY3RM-45719,25.2334633857738,0.156072311597909,0.14770296,0.0285,830.730345466498,119.57849901104741,3.279634878,0.7520998379999999,1.4489939919999997,9.730751095e+42,1.6169621012942702e+42,1.4799703793886203e+42,2.619074648e+43,5.54989303178498e+42,4.52719851820534e+42,3.164759762,0.7065663529999999,1.4889922320000002,8.853583401000001e+42,8.5407960527223e+41,2.07626345883329e+42,2.347050828e+43,4.5105835227462603e+42,5.0558392262722404e+42
DESY3RM-46025,28.2800776206599,-48.334685321906,0.24866535,,,,,,,,,,,,,,,,,,,,,
DESY3RM-46216,49.1197248471917,-55.5703712611925,0.10518247,0.0135,535.5495254714365,49.4891535037785,1.366826465,0.1432116719999998,0.2285451890000001,6.065193202000001e+42,1.46632265383208e+42,1.1050665351101401e+42,1.278948214e+43,3.6706969191058306e+42,2.4958215885384105e+42,1.642474121,0.337983415,1.395683964,5.3560746790000007e+42,1.0277542796735501e+42,1.70760320660648e+42,1.19321869e+43,4.13572453921775e+42,4.1120422668876e+42
DESY3RM-46289,359.771642876491,-60.9068867308869,0.10633563,,,,,,,,,,,,,,,,,,,,,
DESY3RM-46410,354.656018900563,0.232018440692404,0.27739996,,,,,,,,,,,,,,,,,,,,,
DESY3RM-46474,1.79158030971846,-34.7419462953903,0.24811572,,,,,,,,,,,,,,,,,,,,,
DESY3RM-46567,30.0561333066414,-9.6096865705518,0.293867,,,,,,,,,,,,,,,,,,,,,
DESY3RM-46650,348.215917928009,-54.7405123667482,0.26594007,,,,,,,,,,,,,,,,,,,,,
DESY3RM-46664,31.290515553363,-4.91835542044781,0.21446338,0.0187,446.61214592490654,23.27378898078924,2.724168505,0.971314723,2.128268995,3.4193938680000003e+42,1.43189312681361e+42,9.666247543734101e+41,8.508155316000001e+42,3.3590490954391e+42,3.12004880439749e+42,0.8554921903,0.1485127145,0.1619871247000001,2.4735303410000002e+42,1.1206571312779401e+42,6.527408303003701e+41,4.0121836240000005e+42,1.43314156174991e+42,7.345701615676402e+41
DESY3RM-47138,17.7707578742421,-46.179974636927,0.2534484,,,,,,,,,,,,,,,,,,,,,
DESY3RM-47142,349.281835311365,-44.2906041472005,0.13297723,0.00834,388.80922811488523,20.619985329195462,0.8885888012,0.0564501862999999,0.0682433698,1.0956396290000001e+42,1.3428874080319e+41,1.1485234433925002e+41,1.8059014790000003e+42,2.4876089973432e+41,2.4355653661928e+41,0.8999621698,0.0636855977,0.0742978788,9.546105474e+41,1.3721091561508002e+41,1.1523498652441003e+41,1.5805053190000004e+42,2.4537456102314002e+41,1.4956749667917001e+41
DESY3RM-47337,68.5187535016369,-56.6331149450535,0.23705538,,,,,,,,,,,,,,,,,,,,,
DESY3RM-48002,53.6404696319662,-26.2233669724747,0.13223185,0.00696,197.3121904592452,21.95861625067477,0.3414679891,0.0921503796999999,0.4050588660999999,5.208340129e+41,3.6185245876047e+41,1.1455441179590001e+41,9.666142247e+41,5.671809258088501e+41,3.6959705626878004e+41,0.6825238955,0.6825238955,-0.6825238955,2.553171005e+41,2.553171005e+41,4.8690209950146295e+39,4.303421820000001e+41,4.303421820000001e+41,6.2894793651820006e+41
DESY3RM-48108,350.628784927792,-54.2690704504062,0.16174798,0.0115,642.439068947333,17.75769467300337,2.2201631,0.074073196,0.0959733769999999,6.449952711000001e+43,1.00531662937495e+42,1.63263489378951e+42,1.4948778740000001e+44,4.4886725171733e+42,3.24486806965595e+42,2.273122336,0.1315258350000001,0.1817854629999997,3.2856396190000003e+43,9.4917776008717e+41,1.5802558136094303e+42,7.675671978000001e+43,4.29125970438837e+42,3.686730820187141e+42
DESY3RM-48151,22.9582339995691,-3.13716405204662,0.20104933,,,,,,,,,,,,,,,,,,,,,
DESY3RM-48271,43.8548852751871,-32.0678421974491,0.26938868,,,,,,,,,,,,,,,,,,,,,
DESY3RM-48402,4.99934795910661,-0.517779012250451,0.16677877,0.0262,403.5651938349136,24.822597410647,0.9855562402,0.0877100913999999,0.0760506938,3.4216316880000006e+42,5.126346423746401e+41,4.589396873980801e+41,5.865659214e+42,1.22376936828819e+42,1.0974044763448001e+42,0.9695021868,0.1291981437,0.1147918891999999,1.6806584400000004e+42,5.368803041721001e+41,5.0124503897859e+41,2.861309213e+42,9.324709281857102e+41,7.7015288874488e+41
DESY3RM-48559,355.170968875627,-53.4816787288342,0.29883516,,,,,,,,,,,,,,,,,,,,,
DESY3RM-48589,55.0932706319208,-34.792484325726,0.19485806,,,,,,,,,,,,,,,,,,,,,
DESY3RM-48880,30.3577600238782,-2.32097286990174,0.22354831,0.0216,441.095360972886,49.46469722405576,1.292941742,0.126783193,0.5138476750000001,3.9017487800000005e+42,6.0348764493739e+41,5.4150280951792e+41,7.459003744000001e+42,1.59230438950542e+42,1.38064292117268e+42,1.269494621,0.134739068,0.319528958,3.5764488400000006e+42,7.0796068311046e+41,4.9225007345865e+41,6.778202394000001e+42,1.2978767566030202e+42,1.1855298049483501e+42
DESY3RM-49004,53.336867746111,-27.7987862920093,0.13814138,,,,,,,,,,,,,,,,,,,,,
DESY3RM-49016,37.0862715165175,-9.84996689977931,0.20107456,,,,,,,,,,,,,,,,,,,,,
DESY3RM-49040,328.290439559292,-58.0149632266919,0.22450271,,,,,,,,,,,,,,,,,,,,,
DESY3RM-49269,30.7269844782829,-7.65072714320524,0.14506598,0.0185,429.94929004208336,63.439044105854244,0.9769351418,0.4171171751,0.2337570422,1.1518071090000001e+42,7.075285140980001e+41,4.515060315511e+41,1.9685027580000002e+42,1.1480109202354001e+42,1.0088527054795401e+42,0.6698756748,0.2898102937,0.5828126772000001,5.979114903000001e+41,5.979114903000001e+41,1.1881863857121002e+41,9.289145699e+41,9.289145459834101e+41,1.8202074893318e+41
DESY3RM-49378,33.9818261518266,-5.49952038826999,0.25731823,0.0186,462.7166931441833,34.68340866178533,1.402430609,0.0876879020000001,0.4284406229999999,3.5926636050000006e+41,3.5926636050000006e+41,1.2611197065048202e+42,7.136468696e+41,7.136468696e+41,2.0121635709730102e+42,1.590394747,0.370948711,0.999655195,3.884100898000001e+39,3.884100898000001e+39,1.1887259546695201e+42,8.027189973e+39,8.027189973e+39,3.45991071153927e+42
DESY3RM-49388,355.098328370118,-52.8140950990677,0.24394089,,,,,,,,,,,,,,,,,,,,,
DESY3RM-49645,48.9990723515618,-59.6722312699679,0.25970477,0.0114,870.9680960867022,321.4615447839573,2.093940541,0.7584754879999998,-2.093940541,5.05161924e+40,5.05161924e+40,1.650398573594172e+43,1.142741523e+41,1.142741523e+41,4.1351032842077695e+43,11.09163071,7.777218252000001,-11.09163071,5.425499622000001e+36,5.425499622000001e+36,1.7735304161915436e+47,2.582786243e+37,2.582786243e+37,1.0413272222492807e+48
DESY3RM-50350,73.5749660724743,-20.1652145296982,0.28413686,0.0331,467.3287749513027,22.029393417527324,1.459167639,0.1079879409999999,0.103934033,1.116898201e+43,1.1748032748302001e+42,6.167660538792901e+41,2.2422430740000003e+43,2.34156399511027e+42,2.24877050864701e+42,1.459161714,0.1480977649999999,0.144955007,7.232313827000001e+42,7.6458061456175e+41,9.750690998975502e+41,1.4519305060000003e+43,1.83235970181891e+42,1.97395067091405e+42
DESY3RM-50515,341.559349672614,-52.8447212807141,0.29741812,,,,,,,,,,,,,,,,,,,,,
DESY3RM-50606,52.291837888087,-27.1031507318828,0.23321114,,,,,,,,,,,,,,,,,,,,,
DESY3RM-50688,22.0629874682142,0.269045121578852,0.29367328,,,,,,,,,,,,,,,,,,,,,
DESY3RM-50742,36.3781729153476,-4.23847678424016,0.14743604,0.023,534.5652073503209,15.839739155784494,1.586082086,0.04073594,0.0394754269999999,6.690648185000002e+42,8.016830259065301e+41,5.3867574521927004e+41,1.388332792e+43,1.5566418653224502e+42,1.3308617212441401e+42,1.671004706,0.0599146579999998,0.077663808,2.6056985000000004e+42,6.3007450201247005e+41,4.2988047456816e+41,5.5108877550000005e+42,1.2797173763139201e+42,1.2818953011854e+42
DESY3RM-50903,37.4513699371058,-4.13152791068682,0.26258737,0.0229,495.0301062724004,118.32276297861421,2.161013533,0.6015280260000002,2.146689544,3.1366332210000005e+42,8.1800784353772e+41,1.1501045402722502e+42,7.171752442e+42,2.2899791701804402e+42,3.38994341001299e+42,2.644353265,1.324878518,5.693448813,2.660376083e+42,1.4400021854980602e+42,1.32579446717816e+42,6.537658295e+42,3.3463892327282705e+42,2.61207140081015e+42
DESY3RM-50928,34.8745467827385,0.253933042054117,0.27846062,0.0293,519.3035540226134,40.24379496371877,1.738715875,0.211838564,0.3536768869999998,5.658347206e+42,5.6863205200717e+41,1.04513275532661e+42,1.2063192440000002e+43,1.3362166349562401e+42,2.94316457054718e+42,1.732937347,0.2537872299999999,0.7465446760000001,3.991145883000001e+42,4.8936908943912004e+41,1.07770156144264e+42,8.500801509000001e+42,1.59248963529438e+42,2.3971684861587804e+42
DESY3RM-50985,36.3529425618694,-4.67918252653535,0.28354776,0.0225,624.9336142274367,33.871402419692785,2.340777145,0.202659331,0.2123957719999998,2.0892016890000003e+43,2.0892016890000003e+43,1.8763607730325233e+46,4.907779474e+43,4.907779474e+43,5.025799198169675e+46,2.141902368,0.1804925649999997,0.3408040920000004,1.0524157550000001e+43,1.0524157550000001e+43,1.5180795639835566e+46,2.398210823e+43,2.398210822999999e+43,3.5298654796065956e+46
DESY3RM-51287,323.748244546423,-63.1438633805456,0.29114085,0.0308,499.27956853380203,40.7557351291071,1.61465976,0.2210622720000001,0.4588153809999997,7.199196560000001e+42,7.455383734335601e+41,1.1824920384189502e+42,1.492845474e+43,2.3780097335897302e+42,3.15123908385379e+42,1.597006384,0.302919039,0.477905794,6.565338229000001e+42,7.620414176851901e+41,1.3521528587342102e+42,1.3560672870000003e+43,3.02869427363657e+42,3.06593462745725e+42
DESY3RM-51564,355.795940200946,-55.8813707615179,0.17739339,0.0122,433.12464036570594,29.69609687689385,0.03594948524,0.00152288533,0.0080513302699999,1.086080091e+42,1.086080091e+42,-1.1364235590928001e+41,1.2567086640000001e+47,1.2567086640000001e+47,3.505925006613793e+46,0.03564038175,0.0056338348499999,0.00850293338,8.621212422000001e+41,8.621212422000001e+41,-5.123141718965e+40,1.1523345660000002e+47,1.1523345660000002e+47,2.1618037889294722e+46
DESY3RM-51569,70.0048147343846,-45.5526141664911,0.1482557,,,,,,,,,,,,,,,,,,,,,
DESY3RM-51974,36.3345980078441,-5.96701831573853,0.2918907,,,,,,,,,,,,,,,,,,,,,
DESY3RM-52078,332.909427659309,1.88760762113959,0.15392227,,,,,,,,,,,,,,,,,,,,,
DESY3RM-52451,341.582229628886,-52.7284418028992,0.20253924,0.00973,1124.2320492579368,16.130409099910302,6.153654125,0.0763720360000004,0.0764710549999998,5.743769155e+44,2.2518972818639e+42,2.9897685695133005e+42,2.0730708350000002e+45,1.7612503419608111e+43,1.295564614344498e+43,6.068505769,0.0818588340000001,0.0819542230000003,5.2207135080000004e+44,2.6360694331137704e+42,2.56138288600733e+42,1.871639183e+45,1.404218827024481e+43,1.3067334760789071e+43
DESY3RM-52479,52.1012665529666,-63.4585896641696,0.2893298,,,,,,,,,,,,,,,,,,,,,
DESY3RM-52560,36.3786987171261,-29.4243636285777,0.1709298,,,,,,,,,,,,,,,,,,,,,
DESY3RM-52750,355.893367724744,-53.6150634807862,0.25107962,0.0117,124.25009316322107,46.450355388828925,0.8546871315,0.2221083015999999,0.1961344254999999,1.4930131310000002e+41,1.4930131309999002e+41,2.9260441849981004e+41,2.417775274e+41,2.417775274e+41,3.948838457351401e+41,0.7879815556,0.18859077,0.1981221353,2.6648156390000002e+42,9.624827700386601e+41,5.176592659553801e+41,4.234551062e+42,1.5926064785041502e+42,9.277097335128301e+41
DESY3RM-53026,34.66717608148,-3.38500329454472,0.21648414,0.019,497.0831702082522,45.23269783385782,0.7363370582,0.1371572594999999,0.7316957638000001,2.29160621e+42,1.52854051955801e+42,1.6764510500557504e+42,3.5939726050000006e+42,2.4970721492053503e+42,3.0753270487379006e+42,0.7727669085,0.1367014814999999,0.179657621,1.714367113e+42,1.5547918675047e+42,1.56134590516068e+42,2.7164326280000005e+42,2.6343336854568803e+42,2.7054611662358104e+42
DESY3RM-53522,25.0857387794349,-0.113529196370365,0.14993958,,,,,,,,,,,,,,,,,,,,,
DESY3RM-53909,3.7314518134019,-30.5519945706852,0.26644215,0.0136,919.4576101411056,121.17481658791547,6.217114774,1.5605285679999996,2.2361998729999994,2.2212547960000004e+43,1.1394987177533802e+42,1.46564891820517e+42,8.081799053e+43,1.398638928814154e+43,9.140586078366031e+42,0.5879909961,0.1525272972,0.1790080221,9.38422934e+42,2.56191454059608e+42,1.3420149242760302e+42,1.4517637260000001e+43,4.08946491154475e+42,2.4333190147646603e+42
DESY3RM-54235,358.735862581907,-52.0754626960313,0.28445563,,,,,,,,,,,,,,,,,,,,,
DESY3RM-54294,36.8132477089503,-5.07561653302566,0.14989763,,,,,,,,,,,,,,,,,,,,,
DESY3RM-54439,32.4662841102309,-6.1198900183816,0.279185,0.019,541.4744387691647,103.44681931353178,1.582241624,0.6424533761999999,-1.582241624,3.305594299000001e+42,2.28180743804067e+42,2.22566029398269e+42,7.271846334000001e+42,5.3250938668099605e+42,5.566893914154051e+42,1.368453577,0.6290071998,11.390370403,2.5065681630000003e+42,2.5065681630000003e+42,1.8073582084153402e+42,5.2876778020000006e+42,4.6455933259125306e+42,5.20904526265341e+42
DESY3RM-54442,37.1637177395322,-10.3928970571375,0.19553319,,,,,,,,,,,,,,,,,,,,,
DESY3RM-54583,38.1934490580972,-10.6924140767723,0.2597113,,,,,,,,,,,,,,,,,,,,,
DESY3RM-55049,58.8500209687329,-58.9340298738417,0.112626374,0.0152,438.04979068746803,62.93107961875713,1.080498379,0.2690225508,0.3528354449999999,7.740415519000001e+41,7.740415519000001e+41,-1.2365447820169002e+41,1.4766627710000002e+42,1.4766627710000002e+42,1.7081240526643003e+41,1.085980463,0.3802305593,0.751461967,6.171521738e+41,6.1715217379999e+41,3.0322273438961003e+41,1.1801837260000001e+42,1.1801837260000001e+42,7.773041456022801e+41
DESY3RM-55326,28.3057801422592,0.868670241327899,0.13363372,,,,,,,,,,,,,,,,,,,,,
DESY3RM-55353,21.9624480160193,0.45324262105037,0.29337698,,,,,,,,,,,,,,,,,,,,,
DESY3RM-55858,40.3478262111358,-28.5043461479234,0.18043938,0.013,598.5849200783838,81.50205500210168,2.474581893,0.6926253319999998,1.1575088410000005,1.1217958950000002e+43,1.1741886415860702e+42,1.13315682032377e+42,2.6912034270000003e+43,3.5248386333979404e+42,4.484833582897771e+42,3.27897197,1.0817141070000005,1.953198188,9.189929458000001e+42,1.14667404566722e+42,1.3628327928434701e+42,2.4670328700000004e+43,4.6325243623660406e+42,5.119776260466541e+42
DESY3RM-56018,349.985951749958,-56.547180401434,0.20365424,,,,,,,,,,,,,,,,,,,,,
DESY3RM-56313,324.447652177032,-42.4623906300075,0.26672104,,,,,,,,,,,,,,,,,,,,,
DESY3RM-56603,36.266975747726,-29.4712542164063,0.25897226,0.0168,768.8481491895644,14.253018196667457,3.33236342,0.0689712789999998,0.0691312159999997,2.221520757e+44,3.32275465093081e+42,4.2099032515125e+42,6.004215455e+44,1.044147717115294e+43,7.813262219710861e+42,3.335521479,0.0725743489999999,0.0727647419999999,2.0567454480000002e+44,3.6974169087649503e+42,3.8061893116452104e+42,5.561191699e+44,1.0237053338556451e+43,1.1445166668788521e+43
DESY3RM-57327,54.3693032176423,-31.8341415324454,0.12353976,,,,,,,,,,,,,,,,,,,,,
DESY3RM-57517,52.6573289374196,-28.8433892754662,0.15932053,0.00673,487.3393128941276,64.93414483240622,1.361767003,0.30920699,0.362158111,5.733603188000001e+41,3.7206744987261e+41,4.507082911852301e+41,1.134289273e+42,7.1191199279962e+41,8.853109505841001e+41,1.365766314,0.319806988,0.43871459,2.9600592580000003e+41,2.9600592580000003e+41,4.282763138667e+41,5.865702851000001e+41,5.865702851000001e+41,8.391331581130101e+41
DESY3RM-57936,316.767953769011,-47.1379090813137,0.2198792,0.0254,586.458519418152,71.09489697976856,2.457892608,0.6429824339999999,1.0915580290000002,8.489917618000001e+42,1.0521782940430102e+42,1.8636983853702302e+42,2.0230664060000001e+43,2.6163168150642203e+42,4.4194896570297204e+42,2.333206839,0.6854677989999998,1.4402497970000003,6.225985702e+42,1.0032932644894801e+42,2.2422838799589702e+42,1.455921381e+43,2.50984783398479e+42,4.11422853014094e+42
DESY3RM-58277,323.861710292731,1.59878030324106,0.21857253,,,,,,,,,,,,,,,,,,,,,
DESY3RM-58430,340.672294882567,-64.4835256157076,0.11040428,0.0237,682.3058828519185,23.782179714172678,2.501099334,0.1201262280000001,0.1198668879999997,2.2739475580000003e+43,7.727853532821301e+41,7.009900951558e+41,5.504966242000001e+43,2.0763230067453303e+42,2.48996772700032e+42,3.298021931,0.263328188,0.4604338069999998,1.575131152e+43,5.968263447606901e+41,7.6530029516828e+41,4.2537038430000003e+43,2.67707585730344e+42,2.2047158727685102e+42
DESY3RM-59058,27.5261317317143,-0.0611351418978021,0.20929013,,,,,,,,,,,,,,,,,,,,,
DESY3RM-59442,54.1280627240543,-31.9068721879401,0.26021254,,,,,,,,,,,,,,,,,,,,,
DESY3RM-59656,80.7522056536048,-48.1796565497141,0.28348777,,,,,,,,,,,,,,,,,,,,,
DESY3RM-59677,79.2620314449461,-54.3933904393334,0.26076022,,,,,,,,,,,,,,,,,,,,,
DESY3RM-59680,62.524036239283,-27.8792195655368,0.2967653,,,,,,,,,,,,,,,,,,,,,
DESY3RM-59776,20.5173840539958,3.91024183639809,0.20258665,0.0322,146.33802981843928,38.771823180866456,1.560929007,0.367280303,3.336551035,1.5090977440000002e+42,3.3551768079928e+41,3.3813267266948e+41,3.098763277e+42,1.0335673975755101e+42,1.13522733454845e+42,1.539511501,0.3942628889999999,3.1516356610000003,1.3634612690000002e+42,4.689548676865501e+41,4.4118368895217e+41,2.7867914120000003e+42,9.3676820590064e+41,1.12098983277117e+42
DESY3RM-59927,41.9407230006681,-3.5028910124957,0.28811145,,,,,,,,,,,,,,,,,,,,,
DESY3RM-59967,15.3299138692171,-0.0553534318040508,0.19311148,,,,,,,,,,,,,,,,,,,,,
DESY3RM-60212,83.3312348843111,-26.6560474593899,0.19463027,0.0206,439.5931809627246,33.41033508151638,1.18350264,0.145517401,0.1192493970000001,2.863945629e+42,4.3098006381307e+41,3.7878168695234e+41,5.2935855950000006e+42,8.675223342352801e+41,6.3977887587438005e+41,1.110818432,0.1134353863,0.161007672,2.23997985e+42,4.7732443156225e+41,3.1026334478370004e+41,4.0457542030000004e+42,9.041478974307601e+41,7.459337112898601e+41
DESY3RM-60719,330.107768600165,-61.638004777946,0.1026509,,,,,,,,,,,,,,,,,,,,,
DESY3RM-60726,38.6373856814139,-4.92965545250626,0.13913547,0.021,590.438456594281,38.51423778541674,2.555888077,0.6010322940000001,0.8510760880000001,9.295859623e+42,9.295859623e+42,-1.9554201001468e+41,2.2656614420000004e+43,2.2656614420000004e+43,-6.1295497196006004e+41,2.737013011,0.6269858940000002,1.152529913,8.844014343000001e+42,8.844014343000001e+42,-1.2679192335754001e+42,2.2123713700000002e+43,2.2123713700000002e+43,-4.120863630942221e+42
DESY3RM-60735,350.900444923152,-52.7344049101471,0.12004327,0.0133,211.06190926067202,13.736444434817189,0.2586749097,0.0331291692,0.0575915088999999,5.649253487e+41,1.7057005326036001e+41,1.7186571582569001e+41,1.3932965820000001e+42,4.790114763872e+41,4.300426709511601e+41,0.2175188301,0.0366084567,0.0349998525999999,2.8651479390000002e+41,1.7964693540875e+41,7.8153928160580005e+40,9.182686308000001e+41,4.1177260085970006e+41,5.7229401194982e+41
DESY3RM-60771,354.440062518756,-53.1347580042635,0.29999626,0.011,475.2641177948635,59.98875334166508,1.072816654,0.1504571425999998,0.181328618,7.933199108e+42,3.4958092972519107e+42,3.944641207629581e+42,1.5080469480000002e+43,6.822164580097461e+42,7.304433301558761e+42,1.068630533,0.1578318616,0.2240818459999998,2.4448223960000004e+42,1.8287772799323703e+42,1.6247759474251202e+42,4.305053804000001e+42,4.1318042943364903e+42,2.7602307904772102e+42
DESY3RM-60783,57.4800810548879,-50.1779744866334,0.22167635,0.0107,319.3908829501791,56.38965041776406,0.6867065409,0.4353619242,0.1977884308999999,2.0391281550000003e+42,8.1971821597584e+41,4.214349254877801e+41,3.1530823930000006e+42,1.4611732240954702e+42,5.4980762115251e+41,0.7514008616,0.1800829374999999,0.1858971355999999,2.0613981830000002e+42,9.951376221308e+41,5.6240309518036006e+41,3.244423964e+42,1.0209629364131601e+42,1.0972057457181101e+42
DESY3RM-61476,355.411071515645,-53.9909615412341,0.24094617,,,,,,,,,,,,,,,,,,,,,
DESY3RM-61637,32.5093047493559,-5.46777440685168,0.15150827,0.0193,597.9699989853077,33.071087969186785,2.069530048,0.1641756379999999,0.4283890670000003,9.754323777000001e+42,5.196948717952801e+41,7.6947505866491e+41,2.2089883890000002e+43,1.6869344208937603e+42,2.2781155016150202e+42,1.959640084,0.2023951159999999,0.1945216620000003,7.408068473000001e+42,3.7892778304788e+41,7.6012954545372e+41,1.6478946940000002e+43,1.44546559108271e+42,1.6612552008907904e+42
DESY3RM-61688,10.196080825841,-43.9055230146824,0.2881319,0.0313,606.1688316138027,238.30398518311662,1.178716008,1.178716008,-1.178716008,1.552984297e+42,1.46046152303176e+42,5.052542754654201e+41,3.055875899e+42,1.9765858502742903e+42,2.9186156183794e+42,,,,,,,,,
DESY3RM-61995,54.3583513192896,-31.5513671683756,0.24089599,,,,,,,,,,,,,,,,,,,,,
DESY3RM-62191,38.6851009167829,3.81908894862265,0.20794132,,,,,,,,,,,,,,,,,,,,,
DESY3RM-62431,34.5228092627981,-3.65625874710493,0.21222384,0.0189,520.5563077956593,17.949805748332768,1.601670758,0.065570756,0.061942197,3.6871836880000004e+42,1.2591462728845201e+42,1.19745232921508e+42,7.624545425e+42,2.2367732213817704e+42,2.9377289638872604e+42,1.610627774,0.0771715179999998,0.072127451,2.859626609e+42,1.2893086520390402e+42,9.6297971877955e+41,5.92505282e+42,2.3433778439019303e+42,3.10243228100614e+42
DESY3RM-62711,354.600521788393,0.328942835757092,0.26576486,,,,,,,,,,,,,,,,,,,,,
DESY3RM-62759,1.91391432393247,0.692647155133243,0.12202348,,,,,,,,,,,,,,,,,,,,,
DESY3RM-62949,352.092963864317,-53.1751165701175,0.19971432,,,,,,,,,,,,,,,,,,,,,
DESY3RM-63590,0.853227312448022,-6.25415047450916,0.23159283,,,,,,,,,,,,,,,,,,,,,
DESY3RM-63932,38.7686312868651,-29.8772196786007,0.22906063,,,,,,,,,,,,,,,,,,,,,
DESY3RM-64289,37.2163603116118,-9.05610902429961,0.22946899,0.0277,620.8644300734248,47.668559735928625,2.211266795,0.2670775569999997,0.4366071520000001,1.690038848e+43,1.4617202617859302e+42,1.65996656874878e+42,3.9002735540000005e+43,2.63326643066804e+42,4.76689951801583e+42,2.488262047,0.4107364229999999,0.590145669,1.561507569e+43,1.1923003582128201e+42,1.80964429949883e+42,3.7559120330000004e+43,4.615284147856e+42,4.74795683543992e+42
DESY3RM-64580,8.97760714167786,-44.7768783482997,0.23869823,0.0435,557.1220180623551,30.056773699135416,1.859175578,0.1598252200000001,0.203984924,1.6611795090000003e+43,1.0062393242973302e+42,1.46443458433673e+42,3.619823215e+43,3.4346105292919507e+42,3.442557152885551e+42,1.842331846,0.159923239,0.2411588390000001,1.3861528270000002e+43,1.0970032126978501e+42,1.3074508210954101e+42,3.0122245330000005e+43,2.8348345056811705e+42,3.99985390333786e+42
DESY3RM-64620,348.441431319534,-53.436885547771,0.14093554,0.0111,472.34115939062065,19.23830549587367,1.272257468,0.0614054939999999,0.0544459389999998,5.85587612e+42,5.3992081386046005e+41,4.6243381837315e+41,1.1184980050000001e+43,1.3361692257001702e+42,1.1747415146434201e+42,1.544010329,0.4171237910000001,0.15669565,3.9347971350000003e+42,4.4901098749111005e+41,6.103856598452301e+41,8.089846823000001e+42,1.02999849499738e+42,1.6197956796133002e+42
DESY3RM-65178,356.228653286936,-53.7307900017776,0.23013298,0.0143,461.6801612943588,67.42056929077431,1.306913036,0.3252690914,0.4842421699999999,4.006240180000001e+42,2.3971078427125304e+42,2.14511680719396e+42,8.247248372000001e+42,4.460066704058071e+42,4.3219177740757305e+42,1.394380431,0.3759477390000001,1.5896302269999998,3.7057882300000004e+42,3.6554559166590407e+42,2.07080443043164e+42,7.853392301000001e+42,5.3312466418399704e+42,5.988671187330691e+42
DESY3RM-65208,355.598564914962,-54.2390438110964,0.19576591,0.0157,418.37586676874616,42.67600772000479,1.0854458,0.0788422049999999,0.1041360069999999,2.02798638e+42,1.25584324185994e+42,1.2432196948027201e+42,3.633965221e+42,2.4329349271962102e+42,1.48278473321249e+42,1.084837662,0.2498654714999999,0.167509694,1.8710895210000003e+42,8.4907191149982e+41,9.981666660780301e+41,3.352200739e+42,2.3957198228785602e+42,1.7747640383617202e+42
DESY3RM-65237,57.9802554174503,-37.0183232481542,0.2660702,,,,,,,,,,,,,,,,,,,,,
DESY3RM-65552,53.7879410218367,-28.7575803730443,0.11455238,0.00718,456.3727885610716,19.16035020497292,1.170933882,0.0568677119999998,0.05071343,1.186466344e+42,4.0197585191022e+41,3.9056787577202006e+41,2.1914153590000002e+42,5.867380779059501e+41,6.800286080030201e+41,1.11104104,0.0614702949999999,0.067733851,6.989707303e+41,2.3272856542500004e+41,3.998637288859e+41,1.2668304340000001e+42,7.2483228151101e+41,6.760777933086201e+41
DESY3RM-65743,356.571836064854,-53.2290664107022,0.28346968,0.0108,456.2381268747495,23.14639502585091,1.367172511,0.0939367049999999,0.2018335040000001,5.101837986e+42,1.25576918763835e+42,1.67578429853655e+42,1.0053963410000001e+43,2.3952912294101302e+42,3.24766687230063e+42,1.365932468,0.170480312,0.275583554,4.411328959e+42,1.0303023183632501e+42,1.42357822252907e+42,8.691070105e+42,2.46546511102567e+42,4.0223505748982704e+42
DESY3RM-65931,335.875176924998,-1.56482423549956,0.29020286,,,,,,,,,,,,,,,,,,,,,
DESY3RM-65945,28.8394434701232,-0.221983879148193,0.24493508,0.0266,193.074827637381,21.311125130994387,0.5381489494,0.2530412465,1.8506952506,6.767866654000001e+41,6.0300020222774e+41,2.196753631157e+40,1.0537688710000001e+42,9.949406527135401e+41,1.9387804258443e+41,1.370469427,0.4371198154,2.3656150900000004,7.305008809e+41,7.305008809e+41,6.762513434473401e+41,1.537874474e+42,1.1840179339115e+42,2.8484710014417205e+42
DESY3RM-66018,55.9838427200465,-54.7281626532519,0.29306254,0.0122,399.02061251375954,19.52261323664086,1.093121449,0.06950308,0.2418086689999998,2.146444911e+42,8.0435307398747e+41,3.7811466930012004e+41,3.821219383e+42,1.60873212839939e+42,9.748144318892e+41,1.088223886,0.1304983236999999,0.2343860989999999,1.487617001e+42,5.729668844152801e+41,3.6582658672132e+41,2.6447766160000002e+42,1.2618692933343901e+42,1.3873183978223401e+42
DESY3RM-66110,35.83415161889,-5.45415394573292,0.21413079,0.0225,391.26242829293136,18.195014065096938,0.9708447418,0.0557345221,0.0513314822,2.507124405e+42,7.0322747366763e+41,6.3084987821673e+41,4.255469097000001e+42,1.0541445126353202e+42,9.7208619435447e+41,0.9290402725,0.0766168835999999,0.0759009864999999,2.041045347e+42,6.292747594654901e+41,5.4800445562691006e+41,3.404771571e+42,8.9556202210191e+41,8.387233627662901e+41
DESY3RM-66471,325.780363937561,-56.5148485658639,0.10604315,,,,,,,,,,,,,,,,,,,,,
DESY3RM-66488,307.66885355351,-40.6241163342248,0.297244,,,,,,,,,,,,,,,,,,,,,
DESY3RM-67173,16.5540435693288,1.00963868130827,0.29402354,,,,,,,,,,,,,,,,,,,,,
DESY3RM-67862,38.7743007763568,-58.5058212378294,0.21822897,,,,,,,,,,,,,,,,,,,,,
DESY3RM-67902,353.77395245423,-54.1589293243524,0.12346286,,,,,,,,,,,,,,,,,,,,,
DESY3RM-68029,323.71449518837,-54.6761605089449,0.24467981,,,,,,,,,,,,,,,,,,,,,
DESY3RM-68236,41.4631546745938,-52.859601433471,0.24698721,0.0285,409.15702756154,40.442522691552206,1.631446566,0.4148907109999999,0.7193108940000001,6.522912317000001e+42,1.5997730694513603e+42,2.4898752015722304e+42,1.448425488e+43,4.17041786737856e+42,5.269731453600781e+42,1.704224319,0.7101996129999999,2.078451899,5.4124366620000005e+42,1.12896400215926e+42,2.4819719536669502e+42,1.220995127e+43,5.681394011208311e+42,7.09796319591404e+42
DESY3RM-68285,357.3395148237,-53.5046983349407,0.16268648,,,,,,,,,,,,,,,,,,,,,
DESY3RM-68561,351.186487556946,-55.4138854120483,0.2844927,0.0109,401.4273935924684,36.58097163540215,2.375673951,0.424653967,0.888987593,8.143964168e+42,1.1056422589818101e+42,2.4302770355701802e+42,1.9229128070000004e+43,3.5825786926858503e+42,5.493874937897491e+42,2.345077247,0.4607880599999998,0.9629995990000002,7.279908495e+42,1.2354490079437402e+42,2.6511341337439702e+42,1.7110423300000002e+43,4.23952757779529e+42,5.1652110950723803e+42
DESY3RM-69304,37.9001678347734,-58.5042790165192,0.24002124,,,,,,,,,,,,,,,,,,,,,
DESY3RM-69493,349.04574722951,-53.5007158632375,0.16219357,0.0113,372.1424675814413,37.960244797982334,1.034280033,0.2083673542999999,0.1588775010000001,1.129640461e+42,1.129640461e+42,-9.927171676868501e+41,1.9786998100000004e+42,1.9786998100000004e+42,-1.9786998100000004e+42,0.02257622776,0.00815640646,0.0091005054799999,1.3339150120000002e+40,1.3339150120000002e+40,-1.2694795847250001e+40,8.375980545000001e+47,8.375980545000001e+47,-4.267473248358321e+47
DESY3RM-69664,334.950207248983,0.81489212075549,0.2765683,,,,,,,,,,,,,,,,,,,,,
DESY3RM-69909,37.6630052085697,-3.99094464925071,0.27756324,,,,,,,,,,,,,,,,,,,,,
DESY3RM-70248,348.532188783392,-42.4682568870422,0.107575856,,,,,,,,,,,,,,,,,,,,,
DESY3RM-70446,75.9882555846767,-29.5996999754421,0.15935548,0.0148,555.35820342911,82.55903047501589,1.380926934,0.125241353,0.680994332,4.460330162000001e+42,2.4485792442632804e+42,2.88232059096593e+42,9.445772034000001e+42,5.40557668870798e+42,6.051347376147901e+42,1.369420027,0.1092105110000001,0.7010907429999997,3.9302544250000006e+42,2.17469629685e+42,2.37575328567557e+42,8.305403522000001e+42,4.8635253706692703e+42,5.3614777239680006e+42
DESY3RM-70800,48.6911573354407,-45.3120889948162,0.27606016,,,,,,,,,,,,,,,,,,,,,
DESY3RM-71079,349.821519527046,-55.3244120152027,0.1830025,0.012,445.97149412848324,20.462596941600488,1.190981885,0.0712022780000001,0.062970739,6.162261407000001e+42,5.9025019152455e+41,4.1127001103721004e+41,1.142329102e+43,1.16866497047623e+42,1.4495958965824303e+42,1.203831322,0.103287716,0.0862673079999998,4.2020679770000006e+42,2.7718665646912002e+41,5.9272474795328004e+41,7.823306054e+42,7.3999446428962e+41,1.2187638394236801e+42
DESY3RM-71205,330.198061359642,1.47021576070954,0.23651029,,,,,,,,,,,,,,,,,,,,,
DESY3RM-71748,84.9600783102772,-41.2796651171975,0.29268226,,,,,,,,,,,,,,,,,,,,,
DESY3RM-72522,348.834275460739,-54.3441801920434,0.20599687,0.00961,684.5639442541471,90.03174572432738,5.585688148,3.282549423,9.413749142,6.438474429000002e+42,6.372879854416461e+42,1.53343001821755e+42,2.2220938190000001e+43,1.2277576446401852e+43,9.533397461635281e+42,7.993766684,5.268299201,-7.993766684,3.2719982890000004e+42,3.2719982890000004e+42,1.5911858885501e+42,1.3373561830000002e+43,1.3373561634223043e+43,1.131014845646899e+43
DESY3RM-72655,16.5831886121587,1.13933716953431,0.18227187,,,,,,,,,,,,,,,,,,,,,
DESY3RM-73028,16.551439350706,1.13927769837785,0.19365354,,,,,,,,,,,,,,,,,,,,,
DESY3RM-73647,40.0936955824869,-1.76386937795197,0.2429841,,,,,,,,,,,,,,,,,,,,,
DESY3RM-73857,32.0009627173831,2.94233447287251,0.21027035,0.031,140.57057520608242,80.72136055348741,0.2866169252,0.2866169252,0.7780387828000002,7.51824841e+41,7.51824841e+41,3.7541646828307e+41,2.4681319790000002e+42,2.1830446335312205e+42,2.6000979118368303e+42,0.290217714,0.290217714,0.727133088,7.834427016e+41,7.834427016e+41,3.1345305600610004e+41,2.5262754170000002e+42,2.1008715059720703e+42,2.4661696113037703e+42
DESY3RM-74054,48.3821221116612,-53.3525650322696,0.16974412,0.0156,367.30089519548886,34.42472981853249,0.8043202568,0.1380770658,0.1074024895999999,5.461527951000001e+41,3.5902527911863e+41,2.6726019624346002e+41,9.402657152e+41,5.516059243806701e+41,5.199043527218501e+41,0.7468165818,0.2934984224999999,0.1368990553,5.2111123220000004e+41,3.8192290214080004e+41,2.4419654200509e+41,8.876047835e+41,4.815409797687801e+41,6.3956879597400005e+41
DESY3RM-74288,27.4912294631745,-7.51951264386774,0.17781036,0.0221,1221.8096536037408,175.93429668878136,6.771001776,1.784043843,2.9659830110000005,1.781825003e+43,1.1068238403631401e+42,2.00319759066737e+42,6.732544149000001e+43,1.767721653260844e+43,1.1931241977215901e+43,7.186146966,1.9413510030000003,3.4902777840000008,1.6876359390000004e+43,1.68235049293205e+42,1.57522594244872e+42,6.547321076000001e+43,1.993018170890685e+43,1.4706766454740371e+43
DESY3RM-74294,67.3958856968295,-43.9345728470356,0.2748549,,,,,,,,,,,,,,,,,,,,,
DESY3RM-74662,32.6288737110976,-0.464056364058436,0.2800687,,,,,,,,,,,,,,,,,,,,,
DESY3RM-75133,17.4348687060146,-0.332709791084826,0.28363788,,,,,,,,,,,,,,,,,,,,,
DESY3RM-75228,37.0637249631999,-9.72180621184742,0.18277255,,,,,,,,,,,,,,,,,,,,,
DESY3RM-75544,5.62225157490815,0.244619083407071,0.26990494,,,,,,,,,,,,,,,,,,,,,
DESY3RM-75673,18.4017621838722,-34.0026554561007,0.20640647,0.0221,477.6968976847347,272.6242293995033,1.372095562,1.3616422398,24.496480388,3.9929521930000004e+42,3.9929521930000004e+42,5.67139928562913e+42,7.896891990000001e+42,7.896891990000001e+42,1.3503154288789591e+43,0.02150107832,0.0107782748299999,0.00617339476,3.6503298760000004e+33,3.6503298760000004e+33,1.1964043096713532e+49,7.125281402e+42,7.125281402e+42,1.1899293916302774e+53
DESY3RM-76587,29.3408976358319,-0.812268721670538,0.24638689,,,,,,,,,,,,,,,,,,,,,
DESY3RM-77154,315.946568423042,-51.7284520290927,0.19717656,,,,,,,,,,,,,,,,,,,,,
DESY3RM-77885,44.620994864187,-9.08808370988712,0.19976461,0.0457,419.3868549012905,17.036664009917686,1.086233127,0.046879751,0.0882439149999998,2.5964216160000004e+42,2.7814185618619e+41,2.8620425102104002e+41,4.634477160000001e+42,4.6552831009533e+41,5.327072836812401e+41,1.083271388,0.061071641,0.0787492839999999,2.1288343830000003e+42,2.3093798022017003e+41,3.1519583603576002e+41,3.795451591e+42,5.385265920380801e+41,4.3146192953836e+41
DESY3RM-77953,22.3705008690437,0.153892878565795,0.2943812,0.0279,517.2536637665511,50.74555179983998,1.367762986,0.2979226480000001,0.39698108,5.0770020680000003e+42,2.5194113191251802e+42,2.4840942261342404e+42,9.883517422000001e+42,4.5633290075066404e+42,4.8183146024932103e+42,1.366576204,0.2617759479999999,0.2684025519999999,4.884761111000001e+42,2.5235785823607302e+42,1.90148764223807e+42,9.507061824000001e+42,3.78600124226766e+42,4.78338110249363e+42
DESY3RM-78260,37.122167607497,-4.85649300006771,0.14402217,0.025,448.6481350071598,29.30410508405192,1.178939625,0.1240696079999998,0.1006517799999999,5.085423727e+42,5.597891062617001e+41,5.7880848458115e+41,9.407593733000001e+42,1.2714329620216301e+42,1.02488911045881e+42,1.509603344,0.295210857,0.4258879979999999,3.433927859e+42,3.874728250613701e+41,6.9556165341952005e+41,7.012220657e+42,9.508239882925401e+41,1.4009802953161e+42
DESY3RM-78536,94.1264226336235,-48.0117804261734,0.29630563,,,,,,,,,,,,,,,,,,,,,
DESY3RM-78695,89.200493447163,-33.2623738825465,0.15964013,0.026,467.63188360983446,16.737649385844403,1.559611612,0.087974706,0.0804425909999999,1.46819621e+42,3.9162141549456e+41,2.2627822348638002e+41,3.028256325e+42,8.304712244576801e+41,6.5810726004791e+41,1.2158911,0.0618331659999999,0.05450493,1.1749665310000001e+42,3.2376382740268004e+41,2.6002167135619e+41,2.199397279e+42,4.948194485590201e+41,7.436395295949201e+41
DESY3RM-78763,33.746384247647,-6.2431384401979,0.23160343,,,,,,,,,,,,,,,,,,,,,
DESY3RM-79010,19.6458017137384,-1.24247031116275,0.20270704,,,,,,,,,,,,,,,,,,,,,
DESY3RM-79240,10.7931575736876,0.185228836120832,0.22404216,,,,,,,,,,,,,,,,,,,,,
DESY3RM-79270,49.5105999045322,-44.2292171007519,0.28282464,0.0111,977.0366477204971,11.579403161961439,5.193885285,0.0100735860000007,0.01008048,2.930929469000001e+45,4.68044141134616e+42,3.33625175574207e+42,9.77011962e+45,1.154356941655432e+43,1.43201109721765e+43,5.168775134,0.0104989019999992,0.0105063340000004,2.7339746160000004e+45,3.5847898712881103e+42,3.20458040318935e+42,9.090851656e+45,1.9171713565397542e+43,1.358609714441513e+43
DESY3RM-79737,37.7227740150462,-4.85842269216618,0.29301938,0.023,509.59428572619294,64.63054313811355,1.760146991,0.2853056200000001,0.6518705069999999,6.217575479e+42,2.3756771264423103e+42,1.8854438972241503e+42,1.314142851e+43,4.76297985439463e+42,3.79253092886874e+42,1.932085749,0.3530345290000001,0.7721328519999999,5.467228083000001e+42,1.55843523844603e+42,1.65803671752016e+42,1.1899117300000003e+43,4.3899444916501005e+42,3.0252278307374e+42
DESY3RM-80827,36.0786276382774,-47.0965718013998,0.23782013,,,,,,,,,,,,,,,,,,,,,
DESY3RM-81263,359.972202166152,-60.291108534,0.10847519,,,,,,,,,,,,,,,,,,,,,
DESY3RM-81269,38.5312271599756,0.963374413270017,0.2552699,,,,,,,,,,,,,,,,,,,,,
DESY3RM-81279,73.8625746912669,-20.78630045837,0.10013613,0.0273,410.22024347763113,44.580246733719186,0.9480901375,0.1792151628,0.1119185655,1.1949335950000001e+42,2.208903220497e+41,2.48031638392e+41,2.0220265910000002e+42,5.4281667673285e+41,4.4036720096759e+41,0.864059409,0.1617740636,0.2125283289999999,1.382488673e+42,8.4599984351917e+41,3.4044338352795003e+41,2.4110351100000002e+42,1.3420144545029601e+42,5.889422749569501e+41
DESY3RM-81655,73.6580950551614,-20.6374447949677,0.27059504,,,,,,,,,,,,,,,,,,,,,
DESY3RM-82083,83.0284142511984,-46.2372594016045,0.17480929,,,,,,,,,,,,,,,,,,,,,
DESY3RM-82489,34.4160625439586,-3.80639420050824,0.2955723,0.0192,540.6068278649519,24.3802617047695,1.866990079,0.1266946040000001,0.123082173,1.25328963e+43,1.06234738596381e+42,1.19288082267506e+42,2.696668572e+43,2.84832414133788e+42,2.63324495388753e+42,1.942230459,0.1352688689999999,0.1326057360000001,1.0615758760000002e+43,1.1128707768795801e+42,9.241854138277702e+41,2.3136911160000005e+43,2.3102273955595202e+42,2.80367956593852e+42
DESY3RM-82828,352.899583699923,-56.466562351405,0.17137998,0.0119,739.2577561238713,146.65526073121327,0.836700458,0.1634291382,0.185534792,9.845113608000001e+41,8.432639693158902e+41,8.7270664101737e+41,1.591311724e+42,1.09453004555046e+42,1.24231699215284e+42,0.7840771951,0.1579453828999999,0.1920856011,5.339686607000001e+41,5.339686607000001e+41,7.6315405357116e+41,8.505335819000001e+41,8.505335819000001e+41,1.31668703469275e+42
DESY3RM-83452,356.950732922352,2.21854916731495,0.18314181,0.036,408.4971526760547,30.5901115720724,0.03913723457,0.0108874790799999,0.03333141062,2.0627279080000004e+38,2.0627279080000004e+38,1.4569406165112083e+43,3.7287348490000004e+43,3.7287348490000004e+43,1.3093071003093543e+47,0.755923532,0.1253408012999999,0.2210056851,6.646924909e+41,6.646924909e+41,1.1092804482664e+42,1.134735277e+42,1.134735277e+42,2.0314276180761702e+42
DESY3RM-83519,8.78418736190148,-2.13721732178175,0.11407728,0.0286,622.8733834107541,54.0548136809342,2.051631613,0.2519198200000001,0.3335594629999998,9.736177174000002e+42,2.45220624105556e+42,3.4980383854054905e+42,2.2011846770000002e+43,6.60826607234729e+42,5.92431497832638e+42,1.937484411,0.2813087979999999,0.3306451179999998,8.018473273e+42,2.94085755951105e+42,3.18732944503411e+42,1.7794926780000001e+43,6.13818271872129e+42,6.7975288363008e+42
DESY3RM-83590,322.359515293356,0.0905559439525237,0.12537561,0.0327,1147.406712308198,32.002002363424474,6.017347361,0.2649580589999996,0.2642056880000005,4.944118553e+43,5.0908492408594006e+41,6.3331631581601005e+41,1.7599946570000002e+44,5.785962156868801e+42,3.130483153422621e+42,6.291734425,0.2814266029999999,0.280596794,4.569081666e+43,6.923434422194301e+41,4.6399806855036004e+41,1.6610342170000002e+44,4.05834428757604e+42,4.1637357962663104e+42
DESY3RM-84435,19.7909079068114,-44.0193702713872,0.23534667,,,,,,,,,,,,,,,,,,,,,
DESY3RM-84837,352.647334837975,-53.522874617797,0.17162713,0.0104,423.5781254880396,26.10032445050077,1.079431718,0.1022717982999998,0.1800089010000001,1.793459904e+42,8.874449916791002e+41,7.9139574795484e+41,3.203466103e+42,1.3770206077904401e+42,1.3468023339238302e+42,1.088907228,0.1056028347,0.2167347589999999,1.2649298260000002e+42,5.6278917043603e+41,8.4119797589352e+41,2.268066744e+42,1.04243778413323e+42,1.3169609070965901e+42
DESY3RM-85246,37.9100730772832,-5.25374401895972,0.13997833,0.0217,751.463793862747,91.68569655912033,3.451268702,0.9992547110000004,2.2437966409999994,4.2262150890000004e+42,8.289543905416802e+41,7.8416492516775e+41,1.1632080670000002e+43,3.60644395317257e+42,3.1112237122102e+42,0.6849558303,0.1311898213999999,0.1441852368,3.1330891520000004e+42,1.7038354041454502e+42,2.8253960437771004e+41,5.283593139000001e+42,2.2744875625221303e+42,5.861280774934601e+41
DESY3RM-85309,9.95893104703829,-43.8059887222129,0.18275492,0.0313,208.05684366780838,16.436157730394886,1.209633226,0.190124371,0.1109417919999999,1.2843784080000001e+42,2.4237578992507e+41,1.9677273198526002e+41,2.393866942e+42,3.6073637941978e+41,4.854334924239801e+41,1.165486141,0.1964426660999999,0.127735492,1.184760579e+42,2.2224842106721e+41,1.4816767097365002e+41,2.1760490130000002e+42,5.020201657359501e+41,2.8459222724369005e+41
DESY3RM-86698,19.4653368559483,-27.2344182645173,0.22245736,,,,,,,,,,,,,,,,,,,,,
DESY3RM-86854,333.556412760627,0.369244158449776,0.13400193,,,,,,,,,,,,,,,,,,,,,
DESY3RM-86894,356.41259133108,-52.8253196401393,0.16702327,,,,,,,,,,,,,,,,,,,,,
DESY3RM-87008,34.614669511185,-4.05832923586442,0.29660758,0.0194,300.75464309792045,49.841472125221955,0.4324317724,0.0976389965,0.1386075514999999,2.042809397e+42,4.982554447906601e+41,2.9432669544248e+41,3.3225900500000003e+42,8.0780004406288e+41,5.7434186168928e+41,0.493562369,0.1252854105999999,0.1462510657999999,1.667571297e+42,5.9648661561138e+41,4.568385516867001e+41,2.6302326330000003e+42,1.09721227555895e+42,4.2929156028837005e+41
DESY3RM-87557,346.321240704683,-51.2828279960197,0.26647496,0.00847,502.77798020503116,62.11861294751396,1.647161168,0.1480748460000001,0.5402385510000001,6.576446323e+42,1.1854197043096802e+42,1.3601145743062401e+42,1.375658192e+43,2.1475496158143602e+42,3.03289918983339e+42,1.724285514,0.2946628929999999,0.823212249,6.01816761e+42,9.0795058519729e+41,1.44358305524096e+42,1.281046031e+43,2.7868383497412002e+42,3.8231631287847807e+42
DESY3RM-87698,32.4862521464313,-4.64682903649007,0.28697094,,,,,,,,,,,,,,,,,,,,,
DESY3RM-87804,53.5358449643282,-39.2406644516994,0.21728641,,,,,,,,,,,,,,,,,,,,,
DESY3RM-87970,54.704744698128,-34.6619941790564,0.2812336,0.0147,455.85770975665105,72.51839760984063,1.370756215,0.2343048119999999,0.3791204810000002,9.480250715000002e+42,3.861439781353851e+42,2.95454653274142e+42,1.99939662e+43,9.89212676992385e+42,1.0276664818174001e+43,1.545595508,0.5327249889999999,2.566186759,5.793725445000001e+42,5.793725445000001e+42,4.2057067919582805e+42,1.2641201e+43,9.487795072028541e+42,1.4357228272138003e+43
DESY3RM-88071,19.4278945865577,-0.439886512291828,0.2163321,0.0303,476.0291675066565,31.241007776360558,1.690693544,0.3547608849999999,0.8430553030000001,2.1809995580000002e+42,1.10038862353631e+42,1.57385317118895e+42,4.616505652e+42,3.15895510385006e+42,3.74917266545367e+42,1.502292793,0.216010969,0.469872987,3.160234965e+42,3.160234965e+42,-2.3814677556920304e+42,6.415862616e+42,6.415862616e+42,-6.415862616e+42
DESY3RM-88111,51.6837395658966,-28.2305891331966,0.29858607,,,,,,,,,,,,,,,,,,,,,
DESY3RM-88238,355.035480317525,-56.0832377728019,0.109831676,0.0101,438.36812382345954,30.443362397025123,0.1191927924,0.0573527027299999,0.0629829153,5.054025204e+18,5.054025204000001e+18,8.65870063380712e+39,1.51228186e+20,1.51228186e+20,1.50713365876546e+42,0.1225823028,0.05319299103,0.0591372758999999,6.797890933e+27,6.797890933e+27,3.5480284602780004e+40,2.6403654640000003e+29,2.6403654640000003e+29,1.055581623918304e+43
DESY3RM-88950,83.3843905063011,-26.8830896963957,0.23337497,,,,,,,,,,,,,,,,,,,,,
DESY3RM-89140,16.8539954278978,1.11567317424351,0.2636148,,,,,,,,,,,,,,,,,,,,,
DESY3RM-89584,322.664536087951,-0.451027509591151,0.22284424,,,,,,,,,,,,,,,,,,,,,
DESY3RM-89629,56.6072574254659,-41.0559145626777,0.2518336,,,,,,,,,,,,,,,,,,,,,
DESY3RM-89656,38.1021462520021,-4.23609515545881,0.23557474,0.0218,445.91966958219166,59.80480178977617,2.885978894,0.8896996239999999,2.239551297,5.2815010330000005e+42,1.1249482425859401e+42,1.13094057119812e+42,1.3427140730000002e+43,3.61832020642891e+42,3.47865261492904e+42,0.3225810307,0.0472580993999999,0.0776955423999999,3.5644653370000004e+42,8.509964772126301e+41,5.311636039302801e+41,6.835874061e+42,1.6327722608633102e+42,1.17997304211612e+42
DESY3RM-89933,17.2229981870715,0.313923901224806,0.26422727,,,,,,,,,,,,,,,,,,,,,
DESY3RM-90253,39.0554754035681,-52.0863246915916,0.20014575,,,,,,,,,,,,,,,,,,,,,
DESY3RM-90952,35.7322626483711,-6.27676707361465,0.20450203,,,,,,,,,,,,,,,,,,,,,
DESY3RM-91055,16.6120879249378,0.456516582002313,0.26119432,,,,,,,,,,,,,,,,,,,,,
DESY3RM-91102,352.102558833885,-0.730726260936559,0.19591951,0.0432,203.4191982589486,23.494810856430753,0.009024860311,-0.751332500189,1.6720788596890002,5.652454495e+27,5.652454495e+27,9.992848477339621e+53,1.1074679090000001e+46,1.1074679089999998e+46,8.270206904583916e+61,0.1453105525,0.1453105525,-0.1453105525,3.7615379990000005e+41,3.7615379990000005e+41,-3.6228086416051e+41,4.852839945000001e+42,4.852839945000001e+42,-4.76191657528922e+42
DESY3RM-91134,26.2021763450268,-4.5494569497416,0.14125568,0.0206,417.67692503939816,15.58576480456883,1.186939511,0.0488407589999999,0.044101527,2.5999239500000002e+42,1.7971631926612604e+42,1.3661731341753502e+42,4.8188529160000006e+42,2.70515839803414e+42,2.9945442237051503e+42,1.002587588,0.0353373459999999,0.0331412880000001,2.374231865e+42,8.7049622398696e+41,1.24019234674099e+42,4.101386023e+42,1.84770678324374e+42,2.35480051912071e+42
DESY3RM-92078,350.163710955624,-60.2331774381603,0.20928565,0.0175,584.0084192314615,56.46278306713713,1.902354324,0.288609095,0.4549674919999997,1.123423121e+43,1.0921934011336401e+42,1.56051026903923e+42,2.453482898e+43,2.3401978729413702e+42,4.1021438629857003e+42,0.5946537991,0.102378967,0.0833025205999999,7.905214429000001e+42,1.18202078387418e+42,6.963962530351801e+41,1.227512079e+43,1.8807047503135904e+42,1.33146999739559e+42
DESY3RM-92149,355.022508359107,-55.2009154787192,0.27916506,0.0113,456.61498681189676,89.35402303689695,1.65145081,0.462999369,1.1610479699999998,6.018607271000001e+42,4.3792854142235706e+42,5.01695303901044e+42,1.3434021230000002e+43,1.192234655330701e+43,9.932295972804451e+42,1.602743933,0.5263036720000001,1.246550545,6.090386946e+42,3.980024292885811e+42,4.44528478868318e+42,1.3455150260000002e+43,1.068271796616976e+43,1.0239250349769911e+43
DESY3RM-92405,36.2137194204759,-47.1951936075115,0.22714517,,,,,,,,,,,,,,,,,,,,,
DESY3RM-92990,352.501863748768,-0.675059125317458,0.17420773,,,,,,,,,,,,,,,,,,,,,
DESY3RM-93041,13.9635930374379,-27.4351573174842,0.21304774,,,,,,,,,,,,,,,,,,,,,
DESY3RM-93067,14.0741979288463,-27.5112105397071,0.22879247,0.0164,613.0540677963694,33.78613935478142,2.615660873,0.5403683539999999,0.7038343309999999,1.5592620060000003e+43,6.250853809756442e+42,1.89504805429867e+42,3.821499886e+43,1.7134751004325651e+43,2.2470908248579802e+42,1.581739376,0.8642068573,0.7840448550000001,3.0162657390000005e+42,2.3547103525589302e+42,1.63822463552917e+42,6.228685685000001e+42,5.97750651654577e+42,4.3029594939967406e+42
DESY3RM-93101,28.4951876107486,-49.4086627968392,0.22026105,0.0182,680.4613025951887,140.96743483765124,3.42609031,1.3030151140000004,2.36149176,1.0543566330000001e+43,3.51513470275796e+42,1.91877574272321e+42,2.983226846e+43,1.012089395334379e+43,8.354990338081052e+42,3.476940302,1.325255698,2.975754025,8.292296687e+42,3.8329313324179205e+42,2.1641082903232504e+42,2.359419239e+43,8.756983021715781e+42,9.56095540425302e+42
DESY3RM-93103,354.126270165209,-59.6035222497531,0.19099647,0.0128,402.38532953701946,40.007025428517316,0.9518584582,0.1328516437,0.3606245628,4.623704702e+41,4.6237047019999005e+41,5.0103579360276e+41,7.785362933e+41,7.785362933e+41,7.339870833596101e+41,0.9671465319,0.1496462696999999,0.3241424371,1.6258250790000001e+41,1.6258250790000001e+41,4.7787341588899e+41,2.7550836740000005e+41,2.7550836740000005e+41,7.2633587198349e+41
DESY3RM-93267,30.3235867725087,-2.06193181118133,0.16805114,,,,,,,,,,,,,,,,,,,,,
DESY3RM-93309,80.6262376724672,-48.0822605523865,0.22478361,,,,,,,,,,,,,,,,,,,,,
DESY3RM-93393,36.5279168090179,-42.1574678779365,0.21509011,,,,,,,,,,,,,,,,,,,,,
DESY3RM-94020,22.9321832823749,-3.42616113228654,0.10816776,,,,,,,,,,,,,,,,,,,,,
DESY3RM-94036,16.732424384213,0.523045607077869,0.15499395,,,,,,,,,,,,,,,,,,,,,
DESY3RM-94208,334.588330451092,0.725912337176353,0.23170072,,,,,,,,,,,,,,,,,,,,,
DESY3RM-94240,352.038461786989,0.18594920445911,0.27488142,0.0404,562.6733941573982,61.14750730998019,0.7826988856,0.0882800655,0.2202112373999999,6.313201963e+42,9.1805502502473e+41,9.719801750859002e+41,1.0013015440000002e+43,1.2132631701030102e+42,1.2216521450570302e+42,0.3032554959,0.048477574,0.0716778108999999,6.011769033000001e+42,1.1617235571916601e+42,8.342656805020001e+41,1.1992152170000002e+43,1.60099486873336e+42,1.9473949991617602e+42
DESY3RM-94361,356.271002568865,-52.8238176955888,0.28363073,,,,,,,,,,,,,,,,,,,,,
DESY3RM-94838,78.2484740744252,-44.9072796327398,0.21522531,,,,,,,,,,,,,,,,,,,,,
DESY3RM-94910,32.6453556796802,-24.4963802813487,0.22439188,,,,,,,,,,,,,,,,,,,,,
DESY3RM-94988,354.542512700627,-53.2383085297709,0.25307307,,,,,,,,,,,,,,,,,,,,,
DESY3RM-95658,330.816294327706,-64.7287100492054,0.2798068,,,,,,,,,,,,,,,,,,,,,
DESY3RM-96331,35.5290628490183,-6.6126444865953,0.21351981,,,,,,,,,,,,,,,,,,,,,
DESY3RM-96354,13.9617523187986,0.652965607655973,0.2014509,0.0283,504.64447846509074,49.93064127301634,1.243158865,0.115890008,0.0908888809999999,1.3992608100000002e+43,1.5738280411878902e+42,1.50583051579114e+42,2.631100241e+43,3.17166283393295e+42,5.3738554608643406e+42,1.262812,0.1168220429999999,0.091962324,1.345692871e+43,1.48097490217772e+42,1.53118615563477e+42,2.5481409350000003e+43,3.29582086169729e+42,4.049599660974191e+42
DESY3RM-96656,41.2653169661318,-26.1066648410871,0.1116683,,,,,,,,,,,,,,,,,,,,,
DESY3RM-97056,315.204092202136,-42.8906486478279,0.28807098,,,,,,,,,,,,,,,,,,,,,
DESY3RM-97111,33.3564734074754,-4.51496401263241,0.18144692,,,,,,,,,,,,,,,,,,,,,
DESY3RM-97702,46.1666051096331,-31.7364044227307,0.29035348,0.0121,451.71247656337516,62.99971590563699,1.367939674,0.3143512109999999,1.072688282,3.2065348420000005e+42,3.2065348420000005e+42,1.3768116421921602e+42,6.767929745000001e+42,4.7118198716478704e+42,7.90815291122812e+42,1.365805318,0.2994672710000001,2.463711296,3.3768608920000004e+42,1.8876070917249603e+42,1.8991109396043203e+42,7.124600556000001e+42,4.1135081095826704e+42,6.026865980619041e+42
DESY3RM-97837,32.5510836300376,-0.247429003798592,0.274646,,,,,,,,,,,,,,,,,,,,,
DESY3RM-98179,5.75891015211979,0.419539389347823,0.28521106,,,,,,,,,,,,,,,,,,,,,
DESY3RM-98350,12.3839328637897,-29.3396630678843,0.18269558,,,,,,,,,,,,,,,,,,,,,
DESY3RM-98411,356.187704921551,-42.4866599360532,0.23556675,,,,,,,,,,,,,,,,,,,,,
DESY3RM-98442,65.6577595363035,-25.2406018100059,0.24159698,,,,,,,,,,,,,,,,,,,,,
DESY3RM-98780,30.4961676937799,-4.0749662507353,0.1545822,,,,,,,,,,,,,,,,,,,,,
DESY3RM-98873,36.4912361238762,-5.64281169411671,0.19836472,0.0221,533.1903040057471,55.991509750304175,2.003568826,0.414672312,0.759335783,1.357504603e+43,1.357504603e+43,-1.357504603e+43,3.013667558e+43,3.013667558e+43,-3.013667558e+43,2.14384366,0.5779433569999999,0.941670866,1.496898857e+43,1.496898857e+43,-1.496898857e+43,3.4018674090000006e+43,3.4018674090000006e+43,-3.4018674090000006e+43
DESY3RM-99230,321.514454307982,-44.3158215680399,0.28461236,0.0232,456.28208436483703,44.755305501365825,1.232092418,0.205849551,0.2350235280000001,2.978703407e+42,9.038771217262701e+41,7.366247266653801e+41,5.5747022470000003e+42,2.45171247910722e+42,1.86366773740884e+42,1.206074399,0.179586196,0.231091006,2.813406071e+42,6.7591806262453e+41,6.336780695822601e+41,5.2182969660000005e+42,1.56425875704992e+42,1.7608514980445102e+42
DESY3RM-99604,33.9192188943327,-4.2054722682185,0.16680571,,,,,,,,,,,,,,,,,,,,,
DESY3RM-100028,28.2211537123138,-3.64430360492611,0.12781458,,,,,,,,,,,,,,,,,,,,,
DESY3RM-100268,17.0103805916541,-64.0997808787357,0.24038054,,,,,,,,,,,,,,,,,,,,,
DESY3RM-100720,27.6128818340628,-0.144283291364491,0.10569906,,,,,,,,,,,,,,,,,,,,,
DESY3RM-101276,8.86130396120225,2.54097725601959,0.1521653,,,,,,,,,,,,,,,,,,,,,
DESY3RM-101344,38.6487575943643,-44.1679312777289,0.18958913,0.016,398.6521689405873,22.75685600872725,0.9990094808,0.0683156684999999,0.0612151022000001,3.172135272e+42,6.5923138360621e+41,1.4801386877712903e+42,5.445278725000001e+42,1.7547089945536502e+42,1.39441845990916e+42,1.002832446,0.0760470760999999,0.0671702570000001,2.7057821240000002e+42,1.0288189308186101e+42,1.0363918149478601e+42,4.6524743000000005e+42,1.3187178473012501e+42,1.62740127303108e+42
DESY3RM-101366,33.857585428068,-30.6859815628261,0.17336944,0.0198,400.1285493140525,56.48533774321703,0.8244191691,0.1550632975,0.1371955128999999,7.550065935000001e+41,2.4471011287544004e+41,1.7995572339921002e+41,1.216456157e+42,5.5376692826608006e+41,2.3681789513221003e+41,0.6039520505,0.205561583,0.2830995076,1.378501322e+42,7.525662301509501e+41,1.7971774224196e+41,2.37701231e+42,1.0704462974206001e+42,6.6492767726886e+41
DESY3RM-101405,33.16285573266,-4.83255839219745,0.20746705,,,,,,,,,,,,,,,,,,,,,
DESY3RM-101735,23.3912816948333,-64.6530878113795,0.11108719,0.0281,467.7062969324536,69.29572573180681,1.005693905,0.0963827448999999,0.249266749,1.9965890690000004e+42,7.248787444054801e+41,7.4825420188592e+41,3.459697469e+42,1.1083909871972e+42,1.09878036800574e+42,1.002822097,0.1015779600999998,0.247464235,1.938822833e+42,5.287759747938901e+41,6.7957817646327004e+41,3.355298624e+42,1.06427281950308e+42,1.02687112287972e+42
DESY3RM-101840,330.240173087462,0.942098487167872,0.19999343,,,,,,,,,,,,,,,,,,,,,
DESY3RM-101937,9.23448729410585,-33.6459775658951,0.2550101,0.0135,478.67665224556686,51.7886059968375,1.440268397,0.2653343210000001,0.377668817,2.876868127e+42,6.085066094565901e+41,7.505308734388802e+41,5.760611762e+42,9.1113643136013e+41,1.83236206013854e+42,1.424228136,0.225505907,0.336481593,2.7645869770000005e+42,3.2299463008157003e+41,8.0142049714038e+41,5.517664182e+42,1.2125603631235101e+42,1.9051011880444902e+42
DESY3RM-102073,17.8831035818589,-38.3226088043393,0.27676645,,,,,,,,,,,,,,,,,,,,,
DESY3RM-102085,353.283108706922,-54.2717156169899,0.11399414,,,,,,,,,,,,,,,,,,,,,
DESY3RM-102401,40.7513709430014,-28.5472606838928,0.27637193,,,,,,,,,,,,,,,,,,,,,
DESY3RM-102493,319.362815231141,-58.6887316986587,0.28633034,,,,,,,,,,,,,,,,,,,,,
DESY3RM-102604,30.3142517825731,-5.1053942145863,0.23529652,,,,,,,,,,,,,,,,,,,,,
DESY3RM-103286,23.215073126984,-0.577929025092077,0.10427451,,,,,,,,,,,,,,,,,,,,,
DESY3RM-103463,308.458381585304,-56.3805946103417,0.21671261,,,,,,,,,,,,,,,,,,,,,
DESY3RM-103592,36.2339288255019,-5.13315773724776,0.10780411,0.0231,378.36815215568384,16.428107611682726,0.8376943355,0.0327981683,0.0451438861999999,8.21844005e+41,8.21844005e+41,7.061530618269547e+44,1.3341387130000002e+42,1.3341387130000002e+42,1.322316063721412e+45,0.9639272044,0.0949343971999999,0.0794936135999999,6.119976122e+41,1.1089672480386002e+41,1.4541001539643e+41,1.0421564900000001e+42,1.8581915361697e+41,2.4138994642060003e+41
DESY3RM-103801,17.3757300415231,-46.1199859387719,0.29703364,,,,,,,,,,,,,,,,,,,,,
DESY3RM-104016,346.530333646676,-51.4295792487375,0.29132026,0.00844,525.0268179297802,62.08266140212811,1.943860142,0.4994049159999998,2.676852373,1.0067349640000002e+42,1.0067349640000002e+42,8.132519113801601e+41,2.218485995e+42,1.68264015044843e+42,2.3820992085663102e+42,2.131710069,0.6662603359999999,10.104649791,9.131504227000001e+41,9.131504227000001e+41,1.14688951413698e+42,2.075575892e+42,1.95128620618577e+42,2.34902506013604e+42
DESY3RM-104102,348.711639305569,-53.6643877835911,0.20537415,,,,,,,,,,,,,,,,,,,,,
DESY3RM-104141,8.94910061606797,-27.5054701838065,0.108560994,0.0129,416.99925178225857,25.174651237671704,1.543812501,0.3573810449999999,0.502392722,2.4452944840000004e+42,3.1964994319353e+41,3.1990500366188006e+41,5.0394389630000003e+42,8.1154701038555e+41,8.3012636177211e+41,3.690133088,2.235461232,12.190832762,2.0393730650000002e+42,4.5141082687965006e+41,4.5260978425261005e+41,5.782376150000001e+42,1.71534453202528e+42,2.4814384622938803e+42
DESY3RM-104367,34.219361044209,-4.29058899870954,0.15191203,0.0182,369.7226353125957,48.37167070766795,0.6264730807,0.1984658799999999,0.1686877411,1.399185951e+42,7.934431493311301e+41,4.816505954840201e+41,2.1775804310000002e+42,1.0250109724779502e+42,7.8416429128082e+41,0.5451104175,0.1784482116,0.2069216427,9.656857598000001e+41,7.6505627214813e+41,4.9407993034081e+41,1.5084940470000003e+42,1.1552291553576201e+42,9.1847333852099e+41
DESY3RM-104370,31.3197551259191,-7.67909817641234,0.13794988,,,,,,,,,,,,,,,,,,,,,
DESY3RM-104451,351.081541454146,-55.430322964652,0.23758213,0.0111,572.9353376450202,69.26848120727318,2.079524527,0.4095512369999998,0.7543550420000003,7.851005154e+42,8.287335643695401e+41,1.15540631567791e+42,1.7727436710000002e+43,2.32105004254043e+42,2.718764079283e+42,1.605732086,0.3203219539999999,1.103841894,4.8193569030000005e+42,3.04232749640871e+42,5.8957100916393e+41,9.996344445000001e+42,8.14689489637126e+42,8.192260074428401e+41
DESY3RM-104469,351.355068565224,-55.1551963263504,0.21644537,,,,,,,,,,,,,,,,,,,,,
DESY3RM-104840,314.910374681451,-42.8315616879368,0.16195473,0.0308,912.9680765621077,177.2101651734401,0.9588963515,0.0379590920999999,0.0356969248999999,7.078970263000001e+42,6.6423316198712004e+41,5.1795987032929005e+41,1.1994740280000002e+43,1.13297457414761e+42,9.342297453760601e+41,1.587890669,0.1125539830000001,0.1015485179999999,6.403615132e+42,5.4102472770391e+41,5.6201432257207e+41,1.3285181560000002e+43,1.48770799118352e+42,1.13805852076992e+42
DESY3RM-105086,335.017359909403,0.739788878250781,0.17186967,,,,,,,,,,,,,,,,,,,,,
DESY3RM-105766,31.2645385146124,-2.73088773095611,0.13670133,,,,,,,,,,,,,,,,,,,,,
DESY3RM-106019,17.2277980757901,-16.1643631683665,0.2066682,,,,,,,,,,,,,,,,,,,,,
DESY3RM-106057,33.0500884014806,-6.06861421167983,0.28079605,,,,,,,,,,,,,,,,,,,,,
DESY3RM-106119,336.751149879865,1.7478941961687,0.25883305,,,,,,,,,,,,,,,,,,,,,
DESY3RM-106175,18.6701419557576,-41.3834945544519,0.24734059,0.0152,1037.5148405783034,49.19340853690079,5.608263722,0.4526207150000001,0.3853794549999998,1.369706449e+44,1.369706449e+44,-1.369706449e+44,4.740914186000001e+44,4.740914186000001e+44,-4.740914186000001e+44,5.311614002,0.286955152,0.5816558330000001,1.2428920630000001e+44,1.2428920630000001e+44,-1.2428920630000001e+44,4.19017753e+44,4.19017753e+44,-4.19017753e+44
DESY3RM-106469,355.188942496166,-53.6394866668049,0.24211231,,,,,,,,,,,,,,,,,,,,,
DESY3RM-106615,331.949845511996,1.92187075484489,0.18045954,0.0358,286.43503231559504,76.54678952208565,0.5434194692,0.2413331877999999,0.2692408321,2.348963204e+42,2.348963204e+42,3.5690335618861e+41,3.6587816760000005e+42,3.6587816739408005e+42,2.47042576925278e+42,0.5437395642,0.2591703274,0.2722441577,1.9569693190000002e+42,1.9569693190000002e+42,2.6129068321802004e+41,3.0477996470000006e+42,3.04779964526377e+42,3.3513926664711004e+41
DESY3RM-106676,355.127091826102,-53.8960987455416,0.1739798,0.0121,326.01298418894595,42.739059253175405,0.5467834223,0.2024916378,0.1957754228,2.9266827070000003e+41,2.9266827069999e+41,3.5592388432692004e+41,4.556385174e+41,4.556385174e+41,4.550712786450501e+41,0.1518544281,0.1301104261499999,15.0836129019,2.9360880310000006e+24,2.9360880310000006e+24,9.346736841163328e+44,3.1580323330000002e+25,3.1580323330000002e+25,1.663266500993331e+43
DESY3RM-107847,29.4929340059506,-5.70074834972768,0.28027132,,,,,,,,,,,,,,,,,,,,,
DESY3RM-108327,38.2167985476404,-58.0207880609437,0.14721586,0.0283,376.44876028494105,46.34205708523939,0.6844833921,0.6844833921,-0.6844833921,5.514193027000001e+41,5.514193027000001e+41,2.585262181491e+41,8.557265962000001e+41,8.5572659580623e+41,4.858833461579e+41,1.196753751,1.196753751,-1.196753751,2.878606183e+37,2.878606183e+37,4.192357830673e+41,5.354062879e+37,5.354062879e+37,4.14774504623143e+42
DESY3RM-108527,79.9612387526196,-32.7189392122564,0.28134462,,,,,,,,,,,,,,,,,,,,,
DESY3RM-108639,19.6548053975324,0.185349942219193,0.20538977,0.0324,338.92997111623464,122.91437003802372,0.4011500587,0.1545453965,0.4287704991,1.330416592e+42,1.330416592e+42,3.8766144615165e+41,2.2602793090000002e+42,2.2602793063058803e+42,7.809975129082001e+40,0.340051799,0.1375465709999999,0.5883561877000001,1.0613808410000001e+42,1.0613808410000001e+42,3.2197963437336004e+41,1.954667717e+42,1.954667717e+42,5.9365192435979005e+41
DESY3RM-108909,17.7919227928983,-61.5720097585664,0.15118589,,,,,,,,,,,,,,,,,,,,,
DESY3RM-109104,55.6031808560889,-45.0282708326692,0.2940656,,,,,,,,,,,,,,,,,,,,,
DESY3RM-109246,7.39618657633484,-53.5431634425648,0.1641666,,,,,,,,,,,,,,,,,,,,,
DESY3RM-110167,62.7734351368688,-48.4417529322268,0.2519874,,,,,,,,,,,,,,,,,,,,,
DESY3RM-110571,31.94419794276,2.27585690519453,0.16308886,,,,,,,,,,,,,,,,,,,,,
DESY3RM-110685,48.3092106868137,-54.8296356993083,0.28207797,,,,,,,,,,,,,,,,,,,,,
DESY3RM-110836,350.164761468316,-41.8378340780858,0.24207336,,,,,,,,,,,,,,,,,,,,,
DESY3RM-110864,339.933018360253,1.1903146619057,0.1541138,,,,,,,,,,,,,,,,,,,,,
DESY3RM-111792,23.6584354120626,-29.2108368615237,0.25886646,0.0161,407.28723833816537,16.482663346661436,1.328974317,0.1687025809999998,0.3299964830000002,3.043552533e+42,9.382347791310501e+41,8.651401624493902e+41,5.911315995e+42,1.45805298532739e+42,2.1840539850627503e+42,1.305064229,0.242652007,0.3269853929999999,2.340793062e+42,8.4264846677022e+41,1.03154248588098e+42,4.504095570000001e+42,2.0235784862485803e+42,1.74209787513896e+42
DESY3RM-111892,80.2644173873583,-48.155512445091,0.273143,0.0247,341.4720538474945,31.826156259057303,0.9131889937,0.1209925452999999,0.1447160663,8.202510549000001e+42,2.5737739749294903e+42,1.41983211572379e+42,1.356731078e+43,3.7243714123058204e+42,3.10116734895893e+42,0.8434843567,0.1718398883999999,0.1254860437,6.062489954e+42,1.9670958085157203e+42,1.1962902790611202e+42,9.776744911e+42,2.5717471594643402e+42,1.9695759960084202e+42
DESY3RM-111902,82.3542558368369,-31.8599458781633,0.18564616,0.0188,421.81834327589536,51.91277286876025,1.084332675,0.2253191136,0.154766913,2.2700844290000003e+42,2.2700844290000003e+42,1.807830704897064e+48,4.3329287850000006e+42,4.3329287850000006e+42,6.404164957755362e+47,0.8636013873,0.2825564986,0.4746139236999999,1.457113109e+42,1.457113109e+42,-9.375197090042001e+41,2.5381785480000002e+42,2.5381785480000002e+42,-2.0941702209332703e+42
DESY3RM-112062,37.1169428451294,-9.39811285091482,0.27554002,,,,,,,,,,,,,,,,,,,,,
DESY3RM-112221,38.7348358549345,-29.6820596375508,0.18538919,,,,,,,,,,,,,,,,,,,,,
DESY3RM-112789,33.5360725565707,-8.14427753434101,0.24908903,,,,,,,,,,,,,,,,,,,,,
DESY3RM-112892,17.8198676913144,-0.048852396507819,0.2907777,,,,,,,,,,,,,,,,,,,,,
DESY3RM-113779,316.583261158194,-58.4937414090629,0.25405112,,,,,,,,,,,,,,,,,,,,,
DESY3RM-113870,80.3988992328004,-48.3069144332492,0.18817535,,,,,,,,,,,,,,,,,,,,,
DESY3RM-113928,39.5621926321116,-52.1985683574578,0.102325685,0.0268,943.8446257606743,13.052616155309048,4.184823493,0.0451806689999996,0.0452263900000007,1.076858631e+44,3.1909913956864513e+43,3.1128454515699704e+43,3.235059717e+44,1.0561021197250116e+44,9.801889056503606e+43,5.884554864,0.2117433570000004,0.211238024,4.1624120640000003e+43,3.9063434994484523e+43,2.4657615825107705e+43,1.464939984e+44,1.2599767531959753e+44,1.2042128403822462e+44
DESY3RM-114056,22.450647745858,-0.102284753419865,0.27263132,,,,,,,,,,,,,,,,,,,,,
DESY3RM-114091,14.984289433495,-0.374023880816919,0.17281914,,,,,,,,,,,,,,,,,,,,,
DESY3RM-114193,54.0242846051152,-27.6681023626666,0.19848114,0.00724,394.88691026195266,19.236820336332077,0.9778602246,0.057058186,0.0506422383999999,3.379248174e+42,9.9051614769579e+41,1.20562237090643e+42,5.740739252e+42,1.78165469645259e+42,1.37116564079625e+42,0.9476556674,0.0672281819999999,0.0594314995999999,2.8454584830000006e+42,8.4856254384087e+41,1.01381121221272e+42,4.7739837590000003e+42,1.2745494078950101e+42,1.45821363388206e+42
DESY3RM-114223,348.945411740739,-53.1765564111031,0.2455244,,,,,,,,,,,,,,,,,,,,,
DESY3RM-114610,21.3837828552851,0.151525508003375,0.29670605,,,,,,,,,,,,,,,,,,,,,
DESY3RM-114695,30.7565982327857,-6.2800343100607,0.19473368,0.021,380.50489702520923,28.571888944480257,0.9015800099,0.1064924334,0.1469638471000001,2.9941248660000004e+42,6.861401874501901e+41,7.3699004663432e+41,4.949396057000001e+42,1.29073939639576e+42,1.16588157084613e+42,0.8505602587,0.1571429493999999,0.1087011882,2.3899099230000005e+42,7.264883467486101e+41,7.3974963482134e+41,3.8777332990000004e+42,9.584415078225902e+41,1.1250567207657901e+42
DESY3RM-115252,35.6852101737306,-8.87272670313178,0.2702718,,,,,,,,,,,,,,,,,,,,,
DESY3RM-115276,35.0245918069714,-22.5248473933431,0.26432517,,,,,,,,,,,,,,,,,,,,,
DESY3RM-116063,350.672781322349,-55.7630878867951,0.28099334,,,,,,,,,,,,,,,,,,,,,
DESY3RM-116234,28.192745437586,-59.8215410022505,0.29929176,0.02,322.619548791052,107.22039844055061,1.635391158,0.8998510136,8.432399902,5.689333127000001e+42,2.7264327222588504e+42,3.96114633357507e+42,1.170321e+43,4.43867259984225e+42,9.352454897452872e+42,0.8874724491,0.2981836282,0.3275999929000001,7.377459155000001e+42,3.7315620482335004e+42,1.7390317253577702e+42,1.205169922e+43,6.430030503488921e+42,5.2350572763801805e+42
DESY3RM-117486,28.2412338034796,-3.50079930683289,0.12356078,,,,,,,,,,,,,,,,,,,,,
DESY3RM-118069,20.0937941251416,-0.0312448256319342,0.16779572,0.0328,609.4703203975107,58.27300794271492,2.302974069,0.5955962159999999,0.9907931310000002,6.341395767999999e+42,1.18098949845542e+42,1.40942429893909e+42,1.4849433630000002e+43,3.2946032570793005e+42,3.56518933533106e+42,2.4524677,0.6272136080000001,1.114435773,6.300734365000001e+42,1.0605731145917201e+42,1.1665621966193901e+42,1.50862054e+43,3.0385159200144e+42,4.2202093898086704e+42
DESY3RM-118495,69.9002026760418,-54.4562308148466,0.18432583,,,,,,,,,,,,,,,,,,,,,
DESY3RM-118553,38.9275950207517,-29.7462137701602,0.22440767,,,,,,,,,,,,,,,,,,,,,
DESY3RM-118578,38.3284671149279,-58.5482918816437,0.174163,,,,,,,,,,,,,,,,,,,,,
DESY3RM-118683,41.5220376948982,-8.4139727631521,0.15181811,,,,,,,,,,,,,,,,,,,,,
DESY3RM-119507,346.63002026135,-51.4066047787279,0.29437214,,,,,,,,,,,,,,,,,,,,,
DESY3RM-119741,324.046820905203,0.511735292629032,0.23770124,,,,,,,,,,,,,,,,,,,,,
DESY3RM-120510,34.6084371875986,-5.89395898498288,0.2749959,0.0234,371.446795947823,38.796427265886166,0.9767560574,0.2069606271,0.3556085365999999,3.984932064e+42,3.984932064e+42,-2.0578497604910002e+40,7.254590672000001e+42,7.254590672000001e+42,-4.3013405786614e+41,0.9705818254,0.2282028803,6.2255619606,4.2266602320000006e+41,4.2266602320000006e+41,7.593869670783501e+41,7.162938871e+41,7.162938871e+41,1.1549333453899201e+42
DESY3RM-120586,32.9456370877015,-9.34349495135871,0.24621573,,,,,,,,,,,,,,,,,,,,,
DESY3RM-121012,351.785090249136,-1.21386434962325,0.25459716,0.0491,199.1827592421737,31.15558163295837,2.240856992,0.6497899269999998,3.414210865,1.3120436370000001e+41,1.3120436370000001e+41,4.3942714885494004e+41,3.0395246460000004e+41,3.0395246460000004e+41,1.70102899420122e+42,1.681619496,0.481026011,0.9915891090000002,5.121415106000001e+41,5.121415106000001e+41,4.799086553861e+40,1.0808154490000001e+42,1.0808154490000001e+42,3.4398509804634003e+41
DESY3RM-121467,38.742379238563,-8.87705089727318,0.13261038,0.0351,317.1080253432734,21.28333060696657,0.6029200491,0.0622189299,0.0595961904,4.945167629e+41,3.0095349420255002e+41,8.374330078909001e+40,7.702768792e+41,4.517768928801501e+41,2.2107958311688e+41,0.6032820015,0.0844648683,0.1372464149,4.017719504000001e+41,3.8239043466085e+41,5.310504944974e+40,6.258047193e+41,5.4561487443528006e+41,1.0956480295418001e+41
DESY3RM-121616,14.1377528827032,0.573649046845071,0.29135934,0.0262,427.7355389394404,49.75421314812239,1.593472252,0.344389196,0.7854139219999998,6.894654074999999e+42,1.05077865190046e+42,1.7353406211079103e+42,1.422946811e+43,2.71286476620566e+42,4.7282905884440104e+42,1.952964015,1.0061639177,1.737989482,6.057486024000001e+42,9.6691819764927e+41,2.0092493981872805e+42,1.33684967e+43,2.8675875726792404e+42,5.2754121624741903e+42
DESY3RM-121883,2.19966212125648,-32.2609913819079,0.26312712,0.0225,506.08605924373904,114.36404698402549,0.9988683255,0.1160019583,0.2698553455,4.6176916680000006e+42,1.2142474813161802e+42,1.54261769606942e+42,7.918412473e+42,1.9559220600262202e+42,2.5396558993467404e+42,0.9950318291,0.1569771858999999,0.7254664238999999,3.4642659110000004e+42,1.0412146313114602e+42,1.2857377324039301e+42,5.930471007000001e+42,1.99088614222332e+42,1.8608639345210002e+42
DESY3RM-121966,352.226951284706,-53.6250240834125,0.17126292,0.0114,251.14603417769237,52.34158659435122,0.4319288175,0.1242285645999999,0.2197789658,8.611796917000001e+41,6.4297392917262005e+41,3.4692522943630004e+41,1.421180275e+42,8.887117614076002e+41,5.9585490422524e+41,0.2498474059,0.0620936247,0.080667872,3.0850314520000005e+41,3.0850314520000005e+41,3.918165839199901e+41,7.785381183e+41,7.785381183e+41,8.4435529438177e+41
DESY3RM-122379,19.9148202592894,0.462231806259162,0.27061343,,,,,,,,,,,,,,,,,,,,,
DESY3RM-122978,351.36707532897,-52.0680247188074,0.20475204,0.0123,179.5035111025637,23.77145142875186,1.687379016,0.7932531838,0.9635298959999998,1.760205477e+41,1.7602054769999004e+41,3.9326596335457005e+41,3.725658838e+41,3.725658838e+41,7.9771599314977e+41,1.454714977,1.2462600495,-1.454714977,2.0153042690000002e+42,2.0153042690000002e+42,1.6527869445670503e+42,4.320471902e+42,3.97787757490172e+42,5.82384815724238e+42
DESY3RM-123093,8.61793850998535,2.42181999539745,0.22550043,0.0198,1122.4131045253953,49.47064163893613,6.262868581,0.4664337860000005,0.4650958169999999,2.0780597720000004e+44,5.862275063702801e+42,6.754743523769011e+42,7.573365121000001e+44,3.4751087344837504e+43,3.429350839848527e+43,6.102404612,0.6659762770000004,0.6629314090000005,1.418737513e+44,4.2309184595900004e+42,6.25410419651406e+42,5.105006449000001e+44,3.5215251850648422e+43,2.923241876943002e+43
DESY3RM-123109,324.364435921214,0.256810794194428,0.2511234,0.0414,462.6883064978192,42.211249866905355,1.341238947,0.2118089409999999,0.445078735,6.262756465e+42,1.02870327194945e+42,1.4187769628612402e+42,1.3069858940000003e+43,2.5519262352799405e+42,3.7909488070317704e+42,1.353981823,0.215219569,0.444773761,5.922462896e+38,5.922462896e+38,1.6323207045041132e+45,1.1617040160000001e+39,1.1617040160000001e+39,3.623116494453325e+45
DESY3RM-123195,53.9615010915,-35.1222768139232,0.21694647,,,,,,,,,,,,,,,,,,,,,
DESY3RM-123325,45.3400027904993,-11.4612677492937,0.257637,,,,,,,,,,,,,,,,,,,,,
DESY3RM-123490,26.4310038865409,0.189164987375959,0.19952013,,,,,,,,,,,,,,,,,,,,,
DESY3RM-123649,25.7660190539802,-0.0262238412903769,0.19190781,0.0279,348.2748919299659,48.50383651370382,0.7796940965,0.1571914584999999,0.1876785747,2.9192776620000005e+42,7.1439712351549e+41,5.2600887169274e+41,4.6434206670000004e+42,9.2297089773391e+41,9.686874263569102e+41,0.5007062624,0.2073953678,0.2250394907999999,1.84296844e+42,1.5121280352269702e+42,2.8554715010756003e+41,2.929869513e+42,2.0734203807549102e+42,2.8927925070048004e+41
DESY3RM-123774,77.6496335722882,-45.333288917645,0.102428,0.0251,1071.7746922548627,38.1065563868411,5.293181898,0.3032884679999998,0.4546529210000001,4.0684165700000006e+43,7.45779356803e+41,5.909803268164e+41,1.3645366400000003e+44,5.09554469626951e+42,4.8015435583918504e+42,5.221481215,0.3348674310000001,0.4451112530000003,3.6473654010000003e+43,6.871846911102301e+41,7.6997883838351e+41,1.215046597e+44,4.6115418609571604e+42,4.7603319559913904e+42
DESY3RM-123788,35.8891929545172,-8.47216521540434,0.26571298,,,,,,,,,,,,,,,,,,,,,
DESY3RM-123842,33.8922334168312,-47.7701388183682,0.20922077,,,,,,,,,,,,,,,,,,,,,
DESY3RM-123946,53.8679335007329,-27.8394790855696,0.2849472,0.00768,379.07743085671945,39.6574055830538,0.9576653959,0.1277607038,0.1751379010999999,3.261050283e+42,1.9585648134439404e+42,1.31486887265302e+42,5.494188976000001e+42,2.9718820653814705e+42,2.5396301127904603e+42,1.018887931,0.1785777536,0.2032900529999999,3.639459209e+42,1.8554127676255103e+42,1.8534115510851603e+42,6.297790626e+42,3.32729000084427e+42,2.92213105891068e+42
DESY3RM-124195,50.2989865844459,-52.2690934638624,0.13708459,,,,,,,,,,,,,,,,,,,,,
DESY3RM-124983,31.6686703150102,-5.34390391303806,0.13982819,0.0185,492.04528464267196,43.72024424165818,2.190799056,0.6097905459999999,3.2864175,1.310117458e+42,9.348411565684801e+41,6.0635850204094e+41,3.025084903e+42,2.18827155921482e+42,2.1986780007918104e+42,3.438827163,2.371231911,-3.438827163,4.784570584000001e+41,4.784570584000001e+41,6.418859796889501e+41,1.3148838410000002e+42,1.3148838410000002e+42,1.6337941523720703e+42
DESY3RM-125182,49.0818884399158,-55.5493236328323,0.2723485,0.0124,525.3687041490732,34.14849060210013,1.681169051,0.3548134629999999,0.926343766,1.564646941e+43,3.73184570903738e+42,7.80855325690422e+42,3.2959078620000003e+43,1.289487690139897e+43,1.073757565069213e+43,1.988164112,0.4127465939999999,1.390833514,1.556981625e+43,4.49175025246793e+42,8.178356468331311e+42,3.458172516e+43,1.058322463912397e+43,1.5036220323435741e+43
DESY3RM-125220,33.2121779497219,-4.59767877500207,0.16889337,0.018,508.3022147845475,66.2975444612911,2.288425499,2.288425499,-2.288425499,8.254317162e+50,8.254317162e+50,-8.254317162e+50,1.9232460160000003e+51,1.9232460160000003e+51,-1.9232413667965133e+51,1.117127673,1.117127673,-1.117127673,6.840005146000001e+52,6.840005146000002e+52,-6.840005146000002e+52,1.234038433e+53,1.234038433e+53,-1.2340324063424419e+53
DESY3RM-125290,10.3108895109561,0.985459197237494,0.29614222,,,,,,,,,,,,,,,,,,,,,
DESY3RM-126035,30.7414149720299,-6.29982523420203,0.24699353,0.0208,404.07341615229285,40.05455134914203,1.055276263,0.1656188636000001,0.1779739039999999,4.469416572e+42,1.4573520761244402e+42,1.0702831710341002e+42,7.874627086e+42,2.3073961927685803e+42,1.10044237116793e+42,1.036924989,0.1565058252000001,0.1488057629999999,4.096199476000001e+42,1.10652939937949e+42,7.9955543757818e+41,7.155638848e+42,1.5813786676642203e+42,2.36603969865711e+42
DESY3RM-126377,38.5260529488877,-4.68193765364127,0.17140782,0.0217,314.78629799326956,44.688867732211015,0.4278487706,0.1462008448,0.225571635,8.99495271e+38,8.99495271e+38,3.0937371942775476e+45,1.490749759e+39,1.490749759e+39,4.400427372685197e+45,0.5451177951,0.2497473002,0.4585486379,8.140304305000001e+39,8.140304305000001e+39,7.55256554514035e+42,1.268820018e+40,1.268820018e+40,1.3573444306533891e+43
DESY3RM-127022,37.9445700687096,-10.2501969866508,0.16987318,,,,,,,,,,,,,,,,,,,,,
DESY3RM-127097,25.5290656299849,0.447913545765433,0.1795929,,,,,,,,,,,,,,,,,,,,,
DESY3RM-127210,10.0525186231527,-44.1064682396997,0.23598486,,,,,,,,,,,,,,,,,,,,,
DESY3RM-127653,84.7344932915561,-28.5205481859507,0.15852074,,,,,,,,,,,,,,,,,,,,,
DESY3RM-127831,30.6149635155793,-5.02360795354496,0.23262121,,,,,,,,,,,,,,,,,,,,,
DESY3RM-127865,353.259117062099,-52.3104175619111,0.296753,,,,,,,,,,,,,,,,,,,,,
DESY3RM-128108,50.4851014633061,-37.2127398987747,0.27948636,0.0217,318.99415799380796,55.78140864657694,,,,,,,,,,0.1502344652,0.09605490611,0.038075832,2.5800902050000003e+39,2.5800902050000003e+39,2.5494745694560003e+41,4.824644273000001e+40,4.824644273000001e+40,8.41516122414108e+42
DESY3RM-128383,17.5342931836082,-0.0826763976405621,0.27493563,,,,,,,,,,,,,,,,,,,,,
DESY3RM-128792,53.9163278647188,-28.8687922626758,0.2038861,,,,,,,,,,,,,,,,,,,,,
DESY3RM-129512,20.9549210935916,-0.509385675067243,0.24987179,0.0332,407.98070012295494,62.61244516725715,0.9703306364,0.4211584641999999,0.5228548696000002,2.632847981e+42,1.6637719568092002e+42,1.24668836214687e+42,4.464485525e+42,2.9213381878780403e+42,2.8138864855818905e+42,0.9112051496,0.4091455371,0.4165707404000001,2.493545571e+42,1.60986661715766e+42,9.170096170159302e+41,4.126165039000001e+42,3.151708291537491e+42,2.07363000033348e+42
DESY3RM-129540,69.5768556887743,-22.2636116945852,0.15080106,,,,,,,,,,,,,,,,,,,,,
DESY3RM-129562,62.5259212025054,-27.6553215715808,0.16888441,,,,,,,,,,,,,,,,,,,,,
DESY3RM-129930,32.4626728890189,-5.67340605002186,0.1506615,,,,,,,,,,,,,,,,,,,,,
DESY3RM-130134,34.5089633785968,-9.62239230082479,0.17031981,0.0287,401.08835920935815,57.98820504897822,0.990950125,0.2336311432,0.3247379849999999,4.1229672760000006e+42,1.1444665294171901e+42,7.396007624354701e+41,7.06558789e+42,1.6234760716896902e+42,1.78733960747445e+42,1.099527479,0.1726885597999999,0.377967994,3.1942960190000007e+42,1.63615148446879e+42,8.3755809875592e+41,5.738694807e+42,2.6553158730632804e+42,2.3102940868432802e+42
DESY3RM-130153,316.869003299922,-58.5229667806242,0.26683778,,,,,,,,,,,,,,,,,,,,,
DESY3RM-130399,36.6758338854874,-3.6899028548235,0.21230775,0.0239,333.467564946825,32.46140585527302,0.764993558,0.1037316015,0.0968913684,2.3605546490000004e+42,8.3233268887466e+41,1.0658990430241202e+42,3.732537801e+42,1.1784561819490701e+42,1.3108904478582601e+42,0.7646612591,0.0956070449,0.0951982500999999,2.024208197e+42,9.557948727302701e+41,6.8543427540045e+41,3.200408683e+42,1.4970502562884402e+42,1.34520524429295e+42
DESY3RM-131021,38.4316260473755,-4.74832455970597,0.24007024,0.022,380.0134652904728,41.87085741684523,1.136798884,0.1795996061,0.1512049469999998,5.4148897230000006e+42,1.15192617973808e+42,1.6139905337960702e+42,9.835414665e+42,2.2580515167253403e+42,2.37451321704026e+42,1.086284813,0.1013994671,0.16958984,3.8104121030000005e+42,1.02891707426896e+42,1.12729330866641e+42,6.815544893000001e+42,2.4073892506595303e+42,1.8028951879911303e+42
DESY3RM-131217,357.412987925445,-53.7995082497237,0.26417544,0.0113,1112.8489469724302,73.13028930674969,6.633184699,0.7310965009999997,1.1123796629999996,8.363537165000001e+43,3.00784244480108e+42,3.7439589367849606e+42,3.1452203800000003e+44,2.224444350324078e+43,1.805466955113941e+43,7.202745805,1.285990496,1.6139520729999992,5.346816483e+43,2.1851219326398104e+42,2.95192580061571e+42,2.091066186e+44,2.8307977073498907e+43,1.445495149654344e+43
DESY3RM-131269,354.101954485841,-59.59644382237,0.11350967,,,,,,,,,,,,,,,,,,,,,
DESY3RM-131291,35.1022852759257,-54.2828108352393,0.252196,,,,,,,,,,,,,,,,,,,,,
DESY3RM-131903,352.488281259101,-0.569547150668112,0.18185923,,,,,,,,,,,,,,,,,,,,,
DESY3RM-132021,317.226762856487,-46.4717312693893,0.16488732,0.0241,413.8629602850353,16.937532564011416,1.211239348,0.0773800310000001,0.0671016609999999,2.9547675990000004e+42,3.4421653647201003e+41,1.9342386964285e+41,5.5158943880000004e+42,6.0342016259308e+41,5.9273797273298e+41,1.015247313,0.0800943435999999,0.1894655300000001,1.396281814e+42,3.1628713143151e+41,3.0762566284988004e+41,2.4232497910000003e+42,4.4046983490936006e+41,5.4889335046043e+41
DESY3RM-132272,36.7707602241289,-42.0116223465925,0.16819166,0.0146,486.0683204826053,80.3588291333034,1.366557663,0.3871868733,1.047350831,1.180680541e+42,1.1491929576691902e+42,9.035925178395601e+41,2.4908486800000002e+42,2.35489187199163e+42,2.6495660091743202e+42,1.366249138,0.6077724952999999,0.7563408930000002,1.141362109e+42,1.141362109e+42,1.3862535123546001e+42,2.407760764e+42,2.407760764e+42,3.3880007282877503e+42
DESY3RM-132333,351.77790508236,-54.0345862281211,0.11420034,0.01,384.45008287915005,21.922769531413426,0.8654048829,0.0782248977999999,0.1846440861000001,9.374868544000002e+18,9.374868544000002e+18,4.6489556718975004e+41,1.5337349760000002e+19,1.5337349760000002e+19,8.2960658486818e+41,0.04399702737,0.0266080639699999,0.15083657193,2.9575338790000003e+41,2.9575338790000003e+41,-2.2232490960607e+41,1.6446917990000003e+46,1.6446917989999997e+46,1.3491074332629644e+48
DESY3RM-132386,52.966068731692,-28.1837721780387,0.22492371,0.0067,517.7732244007244,22.01324132820826,1.614128736,0.095240927,0.0871053729999999,8.064877238e+42,6.7477987108571005e+41,5.828655471140401e+41,1.6735943300000002e+43,1.1663683348952901e+42,1.60908571261432e+42,1.621450415,0.098798482,0.090141252,7.555091986e+42,6.5673086952564006e+41,7.3686054661214e+41,1.5703698780000002e+43,1.5499210082633003e+42,1.5094667991698702e+42
DESY3RM-132794,30.4474339781534,-4.68314718291793,0.17708626,,,,,,,,,,,,,,,,,,,,,
DESY3RM-132980,78.7461742351997,-39.8908542174396,0.2861279,,,,,,,,,,,,,,,,,,,,,
DESY3RM-132991,40.0040352518878,-1.73897439102092,0.2535652,,,,,,,,,,,,,,,,,,,,,
DESY3RM-133319,326.339951481274,-56.6635804842746,0.26780787,,,,,,,,,,,,,,,,,,,,,
DESY3RM-133863,0.876777964164034,-56.0442235785265,0.10764267,,,,,,,,,,,,,,,,,,,,,
DESY3RM-133893,30.6761217545899,-5.0084010194549,0.20904396,,,,,,,,,,,,,,,,,,,,,
DESY3RM-133994,318.256428812263,-49.2095135436487,0.16877614,,,,,,,,,,,,,,,,,,,,,
DESY3RM-134001,10.1483024142911,-43.2375914589514,0.13425615,,,,,,,,,,,,,,,,,,,,,
DESY3RM-134040,321.059626595604,-0.79024051853162,0.207404,,,,,,,,,,,,,,,,,,,,,
DESY3RM-134380,322.062224472154,-44.9942646990988,0.27846262,0.0204,336.39251992372067,49.10169226066308,0.7523659959,0.1677116257999999,0.2641995460999999,6.898243301e+42,3.6749218617546804e+42,2.27551696060141e+42,1.175084625e+43,6.309168616124041e+42,3.57452290109641e+42,0.7556405028,0.2010510487999999,0.2811047561999999,5.974209818e+42,4.49293616725078e+42,2.0669354803081e+42,1.0183175940000001e+43,7.007010106783372e+42,4.9615236533905605e+42
DESY3RM-134453,330.526465861118,1.72404178618609,0.22668898,,,,,,,,,,,,,,,,,,,,,
DESY3RM-134572,15.411132841624,-0.369739154306738,0.19493884,0.0322,481.28350292263036,64.31764514931079,1.092517683,0.1595322443000001,0.455867373,1.2338274470000001e+42,8.694603137375301e+41,4.405341958306801e+41,2.216096058e+42,1.2056536595691201e+42,1.68635436735726e+42,1.254602714,0.3559821885999999,0.8553887419999999,1.011437828e+42,7.861873693561801e+41,4.8294445254127e+41,1.915981374e+42,1.42102601127198e+42,1.3759337094663102e+42
DESY3RM-134747,24.302478604744,-34.9581878229825,0.15732871,0.0174,522.8753353431657,15.355227031801396,1.541579099,0.0351595659999999,0.0340504289999998,1.865942463e+43,5.3592315118592005e+41,4.7457983945042e+41,3.8309715000000003e+43,1.2121856545887001e+42,1.40989903254924e+42,1.542410085,0.0359779659999999,0.034821194,1.765273811e+43,5.373447207836401e+41,4.0352894528265004e+41,3.6249370610000003e+43,1.56342477733585e+42,1.19744785367658e+42
DESY3RM-134825,16.8430369268122,0.416268086335414,0.2605679,,,,,,,,,,,,,,,,,,,,,
DESY3RM-134953,5.40327590644347,0.0993255690783771,0.29249352,,,,,,,,,,,,,,,,,,,,,
DESY3RM-135135,72.2918294075823,-28.6591080350339,0.25136515,,,,,,,,,,,,,,,,,,,,,
DESY3RM-135283,24.7003896686687,-18.1424854163391,0.27146918,0.016,682.4395827924942,130.05207244497123,2.182622714,0.6621727729999998,3.716075829,5.0753538590000004e+42,5.0753538590000004e+42,2.0655301331002152e+51,1.163910854e+43,1.163910854e+43,2.9093819144873087e+51,0.1762581336,0.1762581336,-0.1762581336,9.421125197e+59,9.421125197e+59,7.644451441112962e+58,4.2693230520000006e+60,4.269322875291445e+60,1.8488855125564694e+61
DESY3RM-135431,322.606536524763,0.239263307276959,0.23389533,,,,,,,,,,,,,,,,,,,,,
DESY3RM-135475,31.3700163397232,-2.37812965545541,0.17719421,,,,,,,,,,,,,,,,,,,,,
DESY3RM-135837,22.2797804401656,0.132303162704925,0.29925585,,,,,,,,,,,,,,,,,,,,,
DESY3RM-136156,11.0032426476215,-20.5878391868647,0.2528759,0.0133,610.9756141075251,98.0579308218198,2.496810479,0.801243098,1.4094385469999997,5.733475237e+42,5.733475237e+42,1.9424702881958862e+45,1.379263127e+43,1.379263127e+43,4.1852063204721275e+45,0.3105331585,0.0689537651,0.1878129771,2.9751059250000004e+42,2.97510592499999e+42,-2.97510592499999e+42,5.801695918e+42,5.801695918e+42,-5.801695918e+42
DESY3RM-136182,334.266919597168,0.783492909767477,0.25383776,,,,,,,,,,,,,,,,,,,,,
DESY3RM-137081,82.4829487549426,-31.5540283035583,0.15822284,,,,,,,,,,,,,,,,,,,,,
DESY3RM-137331,31.6482643093307,-7.56988187780735,0.29333156,0.0173,382.3551235510961,51.3192175019861,1.085213772,0.1348098412999999,0.215596106,4.538629588e+42,4.538629588e+42,1.8534217527116003e+41,8.062117188e+42,8.062117188e+42,4.9638343147476005e+41,1.071926937,0.1572036017999999,0.2382394890000001,1.8822456760000003e+42,1.50201722615529e+42,1.1088061511170001e+42,3.323052746e+42,2.17735459753365e+42,2.2233446570050902e+42
DESY3RM-137461,34.8643847444998,-5.91927425965306,0.108952016,0.0234,1648.4540566690684,828.6008464815064,0.3159871703,0.0119855939,0.0129626882999999,1.758277203e+42,5.172240015198e+41,8.024072349409501e+41,3.510940493e+42,1.46262957413853e+42,1.2884257240839301e+42,0.3182305285,0.0126245602,0.013763312,1.066042397e+42,5.610977763746601e+41,6.7766325669824e+41,2.116372874e+42,1.0205675673686001e+42,1.69565985904893e+42
DESY3RM-138373,54.9098309704665,-35.0670814152368,0.163597,0.0161,411.72706995954724,31.23542965985025,1.218898574,0.209431796,0.117454436,1.662392661e+42,8.138149292110301e+41,9.385882175999402e+41,3.1128130170000004e+42,1.7308448270138e+42,1.4300995324665102e+42,1.220298809,0.211165161,0.119733498,1.227117258e+42,1.0181741473689002e+42,7.5673875380532e+41,2.298879776e+42,1.39829874431039e+42,1.63787113727977e+42
DESY3RM-138499,351.919608036665,-0.336602816001376,0.29893893,,,,,,,,,,,,,,,,,,,,,
DESY3RM-138516,351.336165237481,-41.3415082041466,0.29430944,,,,,,,,,,,,,,,,,,,,,
DESY3RM-138919,9.16934628805075,-44.2008863442144,0.21198522,0.0241,568.9180071526645,36.7757358559976,2.167833353,0.1265424539999999,0.3426758380000003,8.458195500000001e+42,8.983941774748301e+41,1.1310968147332401e+42,1.934443041e+43,2.4562957398327503e+42,3.41382802393301e+42,2.171217308,0.123387884,0.3691364239999997,8.085828805e+42,9.870788296393401e+41,1.30431234337285e+42,1.8502389990000003e+43,2.13578474584038e+42,3.0841953522015906e+42
DESY3RM-139395,28.557727828135,-59.7423938728861,0.27890274,0.0197,415.1325853959642,25.699629851843138,1.092869059,0.083843837,0.2004895239999999,6.851790399000001e+42,2.132900587255e+42,1.8617372567721304e+42,1.225341698e+43,4.6522158458845e+42,4.6399981245738006e+42,0.02313824063,0.00589200407,0.0049359044199999,4.5889938400000004e+41,4.5889938400000004e+41,-4.551475576018001e+41,1.657067058e+49,1.657067058e+49,-1.5799747259215902e+49
DESY3RM-139424,16.8407211059522,-0.162698923119163,0.25635806,0.0321,604.6980202964027,131.98297907856227,2.165375533,0.8038826810000002,5.774121879999999,3.5071626980000006e+42,3.36957265766314e+42,1.9450768078270903e+42,8.030552713e+42,6.36834676906563e+42,8.22942206481925e+42,2.178659027,0.6807936430000001,8.229072712999999,2.9409285550000004e+42,2.9409285550000004e+42,1.4147053709830202e+42,6.747650110000001e+42,6.74765010859819e+42,3.3369161602498807e+42
DESY3RM-139486,305.997048454927,-55.483534111602,0.11644875,,,,,,,,,,,,,,,,,,,,,
DESY3RM-139570,352.05733807639,-0.932562696901127,0.29110926,,,,,,,,,,,,,,,,,,,,,
DESY3RM-139851,352.244756059195,-0.634704153887112,0.2892702,,,,,,,,,,,,,,,,,,,,,
DESY3RM-140363,26.1804154700223,-3.76851743652583,0.2874318,,,,,,,,,,,,,,,,,,,,,
DESY3RM-140672,82.6734717870436,-26.6140350805805,0.2707494,,,,,,,,,,,,,,,,,,,,,
DESY3RM-140771,29.0184879881593,-17.0395853588982,0.1918304,,,,,,,,,,,,,,,,,,,,,
DESY3RM-140834,355.638086227977,-54.8361511278715,0.29311442,,,,,,,,,,,,,,,,,,,,,
DESY3RM-140983,38.6457456084264,-5.57870798985662,0.22546159,,,,,,,,,,,,,,,,,,,,,
DESY3RM-141007,70.0529115591036,-45.4808676010908,0.23661773,0.00836,448.94618281876046,18.945062877641277,1.603935779,0.1319855079999998,0.2944040679999999,1.180780525e+43,9.126437985682901e+41,1.1572304425966802e+42,2.446157525e+43,2.8174180844639804e+42,2.3974214583505404e+42,1.593211619,0.127261426,0.1205670019999998,1.128490051e+43,1.1193964429569702e+42,1.07542265181259e+42,2.3322941840000004e+43,2.4078627513077704e+42,1.8190575069642602e+42
DESY3RM-141217,52.1328371491347,-27.8830115001526,0.22044726,0.00757,452.2102141659923,27.144973582051485,1.198764448,0.1539376189999999,0.0984048130000001,2.092952284e+42,2.092952284e+42,-1.152807211600481e+39,3.861614932e+42,3.861614932e+42,-4.162634680054e+41,1.192549356,0.1730389350000001,0.1150978229999999,1.617266143e+42,1.617266143e+42,-7.422089196046201e+41,2.97785597e+42,2.97785597e+42,-1.0575024197304302e+42
DESY3RM-141420,33.3757869128764,-3.70359601267711,0.2587581,,,,,,,,,,,,,,,,,,,,,
DESY3RM-141573,0.166118063497152,-39.6199016601275,0.26044312,,,,,,,,,,,,,,,,,,,,,
DESY3RM-141608,77.652834165608,-34.1878528116593,0.25723234,,,,,,,,,,,,,,,,,,,,,
DESY3RM-142066,9.32624212696126,-43.6885156164699,0.2342572,,,,,,,,,,,,,,,,,,,,,
DESY3RM-142430,37.0356387631512,-5.59472933407861,0.19736433,0.0215,427.5520461239681,19.38067212236316,1.090860826,0.0308053609999998,0.1231230600000001,5.0161323390000005e+42,1.46246666209165e+42,5.539239167294301e+41,8.982382133e+42,2.8120237693085404e+42,1.25363002512971e+42,1.091768495,0.0596512369999999,0.080290873,2.6685955620000003e+42,9.922996916951202e+41,8.206721568045e+41,4.779930706e+42,1.6609098585904502e+42,1.62911911013519e+42
DESY3RM-142510,22.7358129774296,0.057013221966203,0.29283375,,,,,,,,,,,,,,,,,,,,,
DESY3RM-142775,349.15352015024,-56.2365753834361,0.230705,0.0131,405.3341057520567,32.23083534946976,1.089659944,0.0963029145,0.150003895,3.6563703560000005e+42,8.750527885046e+41,8.816323014123101e+41,6.535733733e+42,2.2120845231797502e+42,1.7807551617869202e+42,1.1911661,0.2151353515999999,0.2004884279999998,3.2598438010000006e+42,1.0332661350587902e+42,8.101833332620001e+41,6.014642154e+42,2.0795810178277302e+42,1.51278427557066e+42
DESY3RM-143025,349.975573987833,-55.9459285667634,0.24815772,,,,,,,,,,,,,,,,,,,,,
DESY3RM-143599,29.4170956978445,-21.8227502182065,0.2654442,,,,,,,,,,,,,,,,,,,,,
DESY3RM-143950,38.6699073496556,-5.07175828545197,0.18055703,0.021,370.35628603754975,200.45567013854804,0.1866758989,0.11205631143,0.1106898198,1.809094233e+42,1.8090942329999903e+42,1.2797438013882e+42,8.762810094000001e+42,8.370420969583001e+42,4.392908122349911e+42,0.2160715378,0.12739977915,0.1186887275999999,1.7664434980000003e+42,1.74436220085707e+42,9.759276190161101e+41,5.231908461e+42,5.2213375235421005e+42,3.2048548329602805e+42
DESY3RM-144054,51.8655137480219,-29.2586046030883,0.15491937,,,,,,,,,,,,,,,,,,,,,
DESY3RM-144648,353.616987025871,-52.3593382008192,0.28622276,,,,,,,,,,,,,,,,,,,,,
DESY3RM-145993,38.0860167848401,-10.4257404744788,0.17449373,0.0217,403.9054241691155,17.51925171315299,0.992398533,0.0466036326,0.042639193,1.9396401080000003e+42,2.0442110932678e+41,2.1613445680231e+41,3.331787401e+42,4.098935656611901e+41,3.4697252337121004e+41,0.9456854941,0.0879472019,0.0788285088999999,7.744803049e+41,2.0644241560732002e+41,1.7411458348663e+41,1.304068546e+42,3.8844856986117005e+41,3.6913737441856005e+41
DESY3RM-146457,1.58301101482479,-34.5455101638782,0.2287981,,,,,,,,,,,,,,,,,,,,,
DESY3RM-146870,73.1792075977654,-18.2191788747019,0.18383743,0.032,865.4825438789309,106.83541910008512,4.402984422,0.942968221,2.200946205,1.8653202150000002e+43,1.3683099881736101e+42,1.57824155800763e+42,5.833978545e+43,1.3121223435370382e+43,7.366341137763681e+42,4.524196537,0.9673578039999996,2.301435648,1.8267419490000002e+43,1.64982861966681e+42,1.43435742521227e+42,5.773908995000001e+43,1.408035941517209e+43,6.3982777694648e+42
DESY3RM-147261,34.1985138783979,-4.60672971972188,0.29843363,0.0184,462.5639475135426,31.033877465594287,1.448924033,0.168134338,0.254198774,2.8458615100000004e+42,1.2889888084836402e+42,8.0161952529403e+41,5.625780089e+42,3.53602006158996e+42,1.0923506669775301e+42,1.647705738,0.325198587,0.7227686960000002,2.8315946760000004e+42,2.0735570157567703e+42,1.9334365017475004e+41,5.841151623000001e+42,5.841151623000001e+42,2.8192008622348e+41
DESY3RM-147270,33.0935579106532,-9.10002655332184,0.14231446,,,,,,,,,,,,,,,,,,,,,
DESY3RM-147357,36.2946245961746,-4.84244716892219,0.29086614,,,,,,,,,,,,,,,,,,,,,
DESY3RM-147598,355.651059509731,-56.5588211104509,0.21128845,,,,,,,,,,,,,,,,,,,,,
DESY3RM-148023,35.3666030164029,-4.56951613275369,0.15734284,0.0193,524.9738846498745,70.80241234649263,0.230759846,0.0637457106999999,0.0779129070999999,1.123132791e+42,1.123132791e+42,-7.2169861152390005e+40,3.1642140970000005e+42,3.1642140970000005e+42,6.808235002609901e+41,0.1986457325,0.15005844341,0.0772256928999999,9.395584025000001e+41,9.395584025000001e+41,6.348183258433001e+40,3.9619216630000007e+42,3.9619216630000007e+42,-6.695205961057e+40
DESY3RM-148055,358.488199079431,-51.974129992105,0.12201616,,,,,,,,,,,,,,,,,,,,,
DESY3RM-148381,62.4602247154802,-27.7380546008637,0.28426,,,,,,,,,,,,,,,,,,,,,
DESY3RM-148787,315.239476269939,-42.7760548073954,0.25850323,,,,,,,,,,,,,,,,,,,,,
DESY3RM-148811,352.052776971344,-52.5099645322706,0.26327053,,,,,,,,,,,,,,,,,,,,,
DESY3RM-149469,41.5717356902054,-8.58592205630404,0.2539571,0.0287,424.148407126834,33.91688998685951,1.184432682,0.1644505359999999,0.265713689,7.450892808e+42,2.39291233540849e+42,2.70885335254146e+42,1.3732165620000002e+43,5.02128384662216e+42,6.146942638278891e+42,1.154759478,0.1450187839999999,0.2751338060000001,7.320011066e+42,2.6596261676764602e+42,2.7591279640387205e+42,1.3361375530000002e+43,6.27341395477188e+42,6.356630622795301e+42
DESY3RM-149722,15.6876628691852,0.172389635791972,0.27444547,0.0361,396.8682389679626,31.076805376732796,1.048994325,0.1469672988,0.2347256509999999,4.514755344000001e+42,9.1740599528708e+41,9.373029312432301e+41,7.926562304e+42,1.62795596340471e+42,2.0271905177341902e+42,2.000624563,0.8965059140000002,2.836548566,3.9191778660000003e+42,1.43773607192852e+42,1.8501907553531603e+42,8.728444469000001e+42,2.0576139934367604e+42,5.730844659634061e+42
DESY3RM-150075,348.671830869505,-59.0482001119985,0.26951447,,,,,,,,,,,,,,,,,,,,,
DESY3RM-150416,5.73895823379252,1.56435474977903,0.25233248,,,,,,,,,,,,,,,,,,,,,
DESY3RM-150557,322.220204943604,-1.29577765721331,0.17247039,0.0401,484.46877818996853,19.35409744224066,1.367953377,0.057082472,0.2710366989999999,2.6140192890000002e+42,4.5565031006717e+41,6.0915058693799004e+41,5.1716568470000006e+42,1.70177006100357e+42,1.43901466246417e+42,1.369627453,0.1095094270000001,0.2572547649999999,1.463922523e+42,5.0099377481745004e+41,6.1872272548032005e+41,2.8972325590000004e+42,1.25407074648205e+42,1.51210755186702e+42
DESY3RM-150766,34.8064270640069,-7.57274221437452,0.2525738,,,,,,,,,,,,,,,,,,,,,
DESY3RM-152606,302.552614752054,-56.756381568503,0.25680804,,,,,,,,,,,,,,,,,,,,,
DESY3RM-152892,17.2181396773498,0.403227081206207,0.1289207,,,,,,,,,,,,,,,,,,,,,
DESY3RM-153492,46.2672876577653,-44.1674298542576,0.24086626,,,,,,,,,,,,,,,,,,,,,
DESY3RM-153493,72.4324427977018,-28.9930242463171,0.29869187,,,,,,,,,,,,,,,,,,,,,
DESY3RM-153705,69.7259831082414,-45.745289972191,0.28296018,,,,,,,,,,,,,,,,,,,,,
DESY3RM-154812,37.3782127929534,-10.2390648022851,0.15558332,,,,,,,,,,,,,,,,,,,,,
DESY3RM-155128,20.1868935219119,-0.190528394931584,0.24675761,,,,,,,,,,,,,,,,,,,,,
DESY3RM-155267,37.5669012419562,-4.48051413002978,0.27570367,,,,,,,,,,,,,,,,,,,,,
DESY3RM-155560,84.0307869079607,-54.5748084485165,0.22428676,,,,,,,,,,,,,,,,,,,,,
DESY3RM-155740,62.3034374000291,-30.7331698759773,0.18158287,0.0146,485.54753179673975,49.951290661333836,1.473636514,0.293222839,0.6810263990000001,6.456530816e+42,1.3242630445903802e+42,1.8344836353905202e+42,1.3025477590000001e+43,2.2761240847545302e+42,6.158409392771971e+42,1.277647789,0.3270657651999999,1.0420986760000002,4.3490348790000004e+42,1.8260827988138902e+42,1.3987304340858e+42,8.292074594e+42,3.5539213256496e+42,2.8007266489855303e+42
DESY3RM-155791,40.7655695830136,-21.7385118443951,0.29894912,,,,,,,,,,,,,,,,,,,,,
DESY3RM-156740,36.2936971825968,-4.03050833367388,0.1687433,0.0249,254.4960627194885,26.23682539769491,1.008529246,0.0804923137999998,0.2132927900000001,1.9713275660000002e+42,5.7456064255297005e+41,2.5157652180625002e+41,3.401623366e+42,1.04144682910884e+42,2.4064274009079002e+41,0.9828493935,0.4455942469,0.0938090895000001,1.2520644020000002e+42,5.0632924119246e+41,3.7609681553131e+41,2.136750942e+42,1.2551575313950801e+42,7.410079931820501e+41
DESY3RM-156852,32.081185808922,-7.13979230608996,0.14072096,,,,,,,,,,,,,,,,,,,,,
DESY3RM-157080,33.4985897619776,-5.09303373588378,0.2343018,,,,,,,,,,,,,,,,,,,,,
DESY3RM-157687,346.265320689109,-51.386814836662,0.26447293,,,,,,,,,,,,,,,,,,,,,
DESY3RM-157968,78.5283703806746,-49.0004192549848,0.2216218,,,,,,,,,,,,,,,,,,,,,
DESY3RM-158256,20.3119866362476,-0.179194930378173,0.16831633,,,,,,,,,,,,,,,,,,,,,
DESY3RM-158656,22.6263989266068,-0.432797645488368,0.23919043,,,,,,,,,,,,,,,,,,,,,
DESY3RM-158761,324.350398448759,0.345642111749351,0.15691099,0.0419,360.1676971473966,17.37903574310245,0.800396946,0.0391811989,0.039768109,7.131697331e+41,1.6112255289453002e+41,1.2536309205119e+41,1.142029442e+42,2.5641419499340004e+41,1.7127081976205001e+41,0.7862021614,0.0407549869,0.0413080135,5.857983025000001e+41,1.0279697042399e+41,1.5799114516756001e+41,9.343346545000002e+41,1.8545517891355004e+41,2.1328496570487003e+41
DESY3RM-159137,9.56880293100041,-43.8178996216615,0.28680375,,,,,,,,,,,,,,,,,,,,,
DESY3RM-159601,53.2951280035767,-28.4555834788092,0.2830305,0.00687,518.774617357721,64.98883372470175,1.36169515,0.102194345,0.137109071,3.2256013900000003e+42,5.8047925650389e+41,5.4924614106812e+41,6.344031206000001e+42,9.4704723977717e+41,1.62434676724983e+42,1.365068032,0.1663181369999999,0.197132142,2.828327933e+42,5.430784938222801e+41,6.7214032346935e+41,5.5704747370000006e+42,1.22265263040726e+42,1.7917695446986602e+42
DESY3RM-160224,36.6374856962543,-2.89955724231795,0.28229293,,,,,,,,,,,,,,,,,,,,,
DESY3RM-160449,14.970131207309,-28.3478612291222,0.20296326,,,,,,,,,,,,,,,,,,,,,
DESY3RM-160617,335.521044621228,-63.1163360421235,0.19069901,,,,,,,,,,,,,,,,,,,,,
DESY3RM-161241,32.2781435592559,-6.15377642434509,0.27516082,,,,,,,,,,,,,,,,,,,,,
DESY3RM-161294,323.539796758088,-48.9131397513046,0.2512695,0.0205,464.1584933327171,56.39315641484658,1.366640108,0.2469194969999999,0.3656797840000001,3.1969198040000004e+42,2.15848582130442e+42,2.7062705223676403e+42,6.740408504000001e+42,4.7001233543848406e+42,5.5004879982549505e+42,1.374051788,0.259572463,0.384792086,3.3587016480000004e+42,2.7289969486817605e+42,2.7565010375517604e+42,7.091348938000001e+42,5.642219742359151e+42,6.175242440769091e+42
DESY3RM-161489,347.858646069295,-53.448833574689,0.119525686,,,,,,,,,,,,,,,,,,,,,
DESY3RM-161663,62.98773503558,-48.4723088037551,0.269242,0.0126,265.57511268099216,56.30203197227607,0.6091412222,0.1707034879,0.1801709165999999,2.1779484270000002e+42,7.7477260792321e+41,6.073283335816501e+41,3.364417478000001e+42,9.141346134351502e+41,9.896532642429501e+41,0.6433431894,0.1853704372,0.1781250593,1.911221578e+42,8.398424225443e+41,4.6025469220639e+41,2.949710102e+42,1.1682637573931801e+42,7.8186573467367e+41
DESY3RM-161908,352.255023503965,-54.2450254635995,0.110048525,,,,,,,,,,,,,,,,,,,,,
DESY3RM-162162,0.861646487959705,2.23715808534347,0.11100583,,,,,,,,,,,,,,,,,,,,,
DESY3RM-162656,322.384164091982,-1.60108271287369,0.13752736,0.0445,481.50394294486466,16.62673522041233,1.309617595,0.0419824349999999,0.038328034,9.343637573e+42,6.6337914698772e+41,6.5006034335888004e+41,1.8117471930000003e+43,1.05732093781105e+42,1.7596526417611302e+42,1.569364079,0.1268512180000001,0.1299705729999998,5.288300552e+42,5.6500087109175005e+41,5.1761095143189e+41,1.094107221e+43,1.2330375215505602e+42,1.5451859238936402e+42
DESY3RM-163056,17.1406752541457,0.188273322418764,0.2297385,0.0282,469.87843177502384,33.93921495692571,1.1983264,0.4732666694999999,0.346974377,7.986377496000002e+41,7.986377496000002e+41,7.835536200713602e+41,1.477188913e+42,1.41915063739755e+42,2.24156759112732e+42,0.4072147824,0.2012943256999999,1.2132966206,1.0692117840000001e+42,1.0692117840000001e+42,6.810435827473e+40,1.8038555570000003e+42,1.8038555570000003e+42,3.2002936066257003e+41
DESY3RM-163643,32.2704524534535,-5.10371849410712,0.28809184,,,,,,,,,,,,,,,,,,,,,
DESY3RM-163695,27.8343787670558,0.350780407427324,0.2719569,,,,,,,,,,,,,,,,,,,,,
DESY3RM-163895,23.1932767706199,-64.3539095810318,0.23045567,,,,,,,,,,,,,,,,,,,,,
DESY3RM-163956,343.060243911676,1.21737257665936,0.19305362,,,,,,,,,,,,,,,,,,,,,
DESY3RM-164556,326.063488679486,-56.5464188376874,0.19150975,,,,,,,,,,,,,,,,,,,,,
DESY3RM-164636,53.6858007996821,-25.6649715282438,0.28428775,,,,,,,,,,,,,,,,,,,,,
DESY3RM-165122,26.7948338023731,0.0385968022409993,0.26375243,,,,,,,,,,,,,,,,,,,,,
DESY3RM-166465,354.566810469026,0.116843165140629,0.24957494,,,,,,,,,,,,,,,,,,,,,
DESY3RM-166594,30.8883313778831,-6.14021086603817,0.27194625,,,,,,,,,,,,,,,,,,,,,
DESY3RM-167039,36.3406951185965,-2.94493524500043,0.27414197,,,,,,,,,,,,,,,,,,,,,
DESY3RM-167152,351.794529511337,-0.699321964747225,0.11546738,,,,,,,,,,,,,,,,,,,,,
DESY3RM-167194,7.3612499753602,-0.181436017971454,0.28093362,,,,,,,,,,,,,,,,,,,,,
DESY3RM-167307,328.360961599021,-57.9032520113893,0.21601366,,,,,,,,,,,,,,,,,,,,,
DESY3RM-167533,44.9894629016691,-8.23051609698595,0.11813491,,,,,,,,,,,,,,,,,,,,,
DESY3RM-167595,0.736989250086141,-1.61059849636592,0.2001013,,,,,,,,,,,,,,,,,,,,,
DESY3RM-167854,55.4829911634151,-53.6549889737165,0.20345993,,,,,,,,,,,,,,,,,,,,,
DESY3RM-168922,20.2728362097064,-44.1196736927721,0.11658169,0.0146,398.1263071063305,23.452115136178058,0.9245266899,0.0752094459,0.0678437659999999,7.658176148000001e+41,1.7906044822183e+41,2.1010500940283002e+41,1.281886803e+42,3.1261738664593004e+41,2.5935265220914003e+41,1.207828969,0.1947191899999998,0.149357811,1.854960263e+42,5.9288691311163e+41,1.8437661278595e+41,3.6849155100000006e+42,1.1670267699682e+42,6.5393959437195006e+41
DESY3RM-170422,344.187636170688,-1.47271399906006,0.172679,,,,,,,,,,,,,,,,,,,,,
DESY3RM-170528,36.415857703242,-5.00524337373072,0.19880472,,,,,,,,,,,,,,,,,,,,,
DESY3RM-170542,19.1591632721274,-0.0209747382914574,0.27660236,,,,,,,,,,,,,,,,,,,,,
DESY3RM-170759,1.45791667149701,-34.6215026717823,0.21310756,,,,,,,,,,,,,,,,,,,,,
DESY3RM-170835,68.458840638685,-56.3847837405431,0.26399478,,,,,,,,,,,,,,,,,,,,,
DESY3RM-171188,73.7680377698233,-20.3959606518292,0.21781613,0.034,244.8092289237816,55.50590310475246,0.5749236803,0.2768432071,1.0654977227,3.612253086e+41,3.3597442270206e+41,1.8591119362932002e+41,5.613745061e+41,4.4796894835134e+41,2.2403862388378e+41,0.8616192684,0.2218929149,0.1728143115999999,1.087688178e+42,3.8735697398630005e+41,3.4890208019463e+41,1.769134472e+42,6.874741769268801e+41,5.671833078056301e+41
DESY3RM-171332,37.1015135829693,-33.5566646334813,0.26881787,,,,,,,,,,,,,,,,,,,,,
DESY3RM-171630,331.237562712968,-50.3288725667271,0.21049827,,,,,,,,,,,,,,,,,,,,,
DESY3RM-171986,82.5610266797977,-26.8408404898214,0.29119954,,,,,,,,,,,,,,,,,,,,,
DESY3RM-172126,26.316169993603,-9.2291394040555,0.15757392,,,,,,,,,,,,,,,,,,,,,
DESY3RM-172433,18.4244257533435,0.0165923133373154,0.21831699,,,,,,,,,,,,,,,,,,,,,
DESY3RM-172496,17.5046606195096,-16.6554376089982,0.29509428,,,,,,,,,,,,,,,,,,,,,
DESY3RM-172756,73.6895167394851,-42.3010559082437,0.27686867,,,,,,,,,,,,,,,,,,,,,
DESY3RM-172852,36.6562961791196,-4.20947755851265,0.21812648,,,,,,,,,,,,,,,,,,,,,
DESY3RM-172882,351.564974263824,-41.2100149261177,0.15947378,,,,,,,,,,,,,,,,,,,,,
DESY3RM-172991,35.4711972402715,-5.03000365476605,0.25592923,,,,,,,,,,,,,,,,,,,,,
DESY3RM-173043,343.168371611499,-40.8286498064047,0.1482333,,,,,,,,,,,,,,,,,,,,,
DESY3RM-173174,24.544164640692,-45.5482061195365,0.2712755,0.0145,459.8127485504789,58.95625482512751,1.366056266,0.4141979260999999,0.463721332,5.0495504820000004e+42,3.682587550309971e+42,2.3856502178021403e+42,9.944899187000001e+42,6.479826796520211e+42,7.98186968270397e+42,0.433805726,0.1543952601,7.943087812999999,4.3300607210000004e+42,4.3300607210000004e+42,-5.634974477202001e+40,7.054677342000001e+42,7.054676780920721e+42,1.1309076932801e+42
DESY3RM-173325,353.162023461462,-53.5025856118609,0.14605704,,,,,,,,,,,,,,,,,,,,,
DESY3RM-173340,346.899005370938,-51.4268631782864,0.29075122,,,,,,,,,,,,,,,,,,,,,
DESY3RM-173600,322.549673609135,0.333918510581422,0.21818833,,,,,,,,,,,,,,,,,,,,,
DESY3RM-173911,85.5434442059834,-27.168806747481,0.15946566,,,,,,,,,,,,,,,,,,,,,
DESY3RM-174081,15.719054968301,0.247804974836104,0.2008512,,,,,,,,,,,,,,,,,,,,,
DESY3RM-174219,15.7180905294462,-0.348351753481124,0.28894565,0.0355,854.162167398477,66.9464153989325,4.18701348,0.5623720310000002,0.5661993880000002,2.94895252e+43,7.333195917168441e+42,6.13520887263799e+42,8.848968267000001e+43,2.478953441421757e+43,2.012969580039283e+43,4.803056915,0.7215382000000004,0.973523407,2.299864195e+43,7.193990527583261e+42,6.246256539023751e+42,7.370557899000001e+43,2.2685414781290995e+43,1.9016892813890623e+43
DESY3RM-174484,36.5702110439496,-8.85648798665887,0.28397384,,,,,,,,,,,,,,,,,,,,,
DESY3RM-175599,34.3457537706885,-6.99438798124899,0.22556323,,,,,,,,,,,,,,,,,,,,,
DESY3RM-175762,0.0478185861564384,-54.778072503254,0.25757155,,,,,,,,,,,,,,,,,,,,,
DESY3RM-176489,314.521265644219,-42.7609219623208,0.26935643,,,,,,,,,,,,,,,,,,,,,
DESY3RM-176643,38.3103913993101,-4.47762368772809,0.1840563,,,,,,,,,,,,,,,,,,,,,
DESY3RM-177326,40.9626726878362,-28.5992458259644,0.24605812,,,,,,,,,,,,,,,,,,,,,
DESY3RM-177542,37.9891716818776,-7.50255940943918,0.16866897,0.0317,413.5513708244,23.706763212136515,1.025029046,0.082282827,0.204974248,1.919799416e+42,2.6310080918145e+41,2.431955855106e+41,3.344026504e+42,5.3110209821652006e+41,3.4120655508171003e+41,1.206057219,0.190516976,0.121824908,1.784155199e+42,3.3661148609663004e+41,2.9370031870627004e+41,3.320566269e+42,4.9491641223320006e+41,6.5136879123553004e+41
DESY3RM-178050,68.262119679888,-56.6341512725004,0.24763487,0.0111,541.7235468080961,76.76036640762312,1.740379638,0.2741628849999999,1.184861999,4.6245687630000004e+42,2.2504727034828902e+42,2.2274513599281904e+42,9.877820793e+42,4.373490487158631e+42,5.77916247977016e+42,1.722150442,0.3754471530000001,1.069754806,4.109760073000001e+42,1.2560988329955502e+42,2.3445808271749802e+42,8.752167229000001e+42,2.3181617799798503e+42,6.077402841766431e+42
DESY3RM-178418,349.027002955616,-52.7765611765333,0.28815123,0.0111,145.19720156192585,83.33337660437303,0.01323241723,0.01323241723,1.90751506477,3.3586790740000003e+40,3.3586790740000003e+40,-3.3585018299500003e+40,4.557430036000001e+54,4.557430036000001e+54,1.1345185770490165e+57,1.087684152,0.2939123348,0.5551575259999999,1.46085036e+42,1.46085036e+42,8.8168864937784e+41,2.6077871650000002e+42,2.6077871650000002e+42,2.53638537898023e+42
DESY3RM-178432,22.7044619121678,-0.317812231259106,0.28856394,0.0287,518.8241095963475,76.61015499460359,1.514963336,0.2483198860000002,0.885897151,7.453977611e+42,3.4033049640217706e+42,4.2721105553787805e+42,1.5128945790000003e+43,8.229979205638371e+42,1.002844005810607e+43,1.917735307,0.593124548,3.031689323,7.679227528000001e+42,7.679227528000001e+42,4.084437147115e+42,1.6854525220000001e+43,7.636459972499481e+42,1.199601377305087e+43
DESY3RM-178652,355.216249708914,-51.330516870587,0.19473073,,,,,,,,,,,,,,,,,,,,,
DESY3RM-178776,354.145358440556,-52.4729559629861,0.206882,,,,,,,,,,,,,,,,,,,,,
DESY3RM-179009,32.3317990224165,-6.41466573918682,0.2787849,,,,,,,,,,,,,,,,,,,,,
DESY3RM-179069,348.485525121057,-49.8186254077461,0.19754587,,,,,,,,,,,,,,,,,,,,,
DESY3RM-179192,21.4413240496898,0.480407410830991,0.17562582,,,,,,,,,,,,,,,,,,,,,
DESY3RM-179700,19.3003319210175,0.0721171864441715,0.24173528,0.03,467.01110874056127,17.996008176053966,1.369952123,0.063339102,0.1964824549999999,3.5756501920000006e+42,1.26324063666541e+42,1.60074631818289e+42,7.041714001000001e+42,3.5006375556734904e+42,3.12090316903611e+42,1.305254479,0.2173606000000001,0.1591727809999998,2.704164289e+42,1.30846352566914e+42,1.60863001761833e+42,5.194605479000001e+42,3.3430562404635104e+42,2.54802762032957e+42
DESY3RM-180086,34.2116170571597,-52.9119243018965,0.26201996,,,,,,,,,,,,,,,,,,,,,
DESY3RM-180217,2.48552616418607,-32.2200538632718,0.27989656,0.023,375.9040601801289,36.98266309411825,0.8363084911,0.1715379646,0.1753540558999999,2.899610475e+42,8.506871199488301e+41,5.4729795377425e+41,4.665182545e+42,1.3620508607531701e+42,1.02436923071547e+42,0.791366813,0.2780607911,0.2136751969999999,2.2738340660000002e+42,1.04096977080936e+42,5.151743071985301e+41,3.6116610920000005e+42,1.4802697947673402e+42,9.214239369770102e+41
DESY3RM-180278,302.726565723013,-56.498382084887,0.11126395,,,,,,,,,,,,,,,,,,,,,
DESY3RM-180548,15.2407321358649,0.520086507536474,0.20170353,,,,,,,,,,,,,,,,,,,,,
DESY3RM-181416,30.0927011931097,-6.90246355372136,0.2805577,,,,,,,,,,,,,,,,,,,,,
DESY3RM-181615,81.4583978907775,-45.8704533819457,0.23485866,,,,,,,,,,,,,,,,,,,,,
DESY3RM-181627,8.72866153090184,-44.7566259141776,0.2338753,,,,,,,,,,,,,,,,,,,,,
DESY3RM-181941,35.7933659284885,-3.4980144216214,0.25096756,0.0225,356.6803326336886,24.18515707122431,0.2723813459,0.0318828388,0.0274010954999999,2.053786891e+41,2.053786891e+41,1.5052558376909859e+63,4.421171580000001e+41,4.421171580000001e+41,6.3475857152145895e+63,0.2743226013,0.034961052,0.0474862004999999,9.376868173e+40,9.376868173e+40,1.1235312544486061e+48,2.007625723e+41,2.007625723e+41,1.5521333057817433e+48
DESY3RM-181987,2.31239200619916,-32.541352536921,0.29692245,0.0198,409.2997318457214,233.66265679366305,1.292384761,0.5650880750000001,0.8274796799999997,2.0675199610000002e+42,1.96380471897171e+42,1.85527892129096e+42,3.912692748e+42,3.912692748e+42,4.5679459296430405e+42,1.357169341,1.357169341,-1.357169341,1.0541728090000002e+42,1.0541728090000002e+42,2.04872167457636e+42,2.0430355860000002e+42,2.0430355860000002e+42,5.75419094054974e+42
DESY3RM-182091,15.8443561445876,-55.4126890548605,0.23062521,,,,,,,,,,,,,,,,,,,,,
DESY3RM-182237,37.5244700690238,-5.54246990461032,0.24943519,,,,,,,,,,,,,,,,,,,,,
DESY3RM-182708,35.6655683430115,-9.10225865031908,0.22960733,,,,,,,,,,,,,,,,,,,,,
DESY3RM-182767,8.8909658269529,-43.8629972362336,0.14736462,0.026,404.7340976031628,98.4385064743303,0.206184194,0.0622689201999999,0.0606454385,4.3031363310000006e+42,2.7843679704426202e+42,1.8410767957758002e+42,1.612073989e+43,7.797378604203502e+42,4.1672536202202004e+42,0.2019438353,0.0601559384,0.0504871489999999,3.784014406e+42,3.784014406e+42,-1.549938444039e+40,1.5267256360000002e+43,1.5267256360000002e+43,-6.7406656541147005e+41
DESY3RM-183153,351.268276963591,-41.2007059561542,0.18691581,0.014,1459.1366073296424,69.33942136795285,9.684815045,0.7429437110000006,0.7332347749999997,1.5091981630000002e+44,2.7402545117443502e+42,2.5175737941441003e+42,6.697475904000001e+44,2.522630304583653e+43,3.356215933401824e+43,10.06360534,0.8129638789999998,0.8275354099999994,1.3412593880000002e+44,2.0635883197844902e+42,3.22261746096466e+42,6.052791649000001e+44,2.1515483810855742e+43,2.262120351483031e+43
DESY3RM-183265,349.632749396508,-55.111134391361,0.21396092,,,,,,,,,,,,,,,,,,,,,
DESY3RM-183581,38.606137495008,3.89535390692586,0.21504922,,,,,,,,,,,,,,,,,,,,,
DESY3RM-183603,16.6648263102944,0.646871439650125,0.26609623,,,,,,,,,,,,,,,,,,,,,
DESY3RM-184280,16.9189090076497,1.0481190433121,0.1600977,0.0232,329.27852721414723,32.14123789271728,0.7057587674,0.1630431272,0.2657509946,4.840567959e+41,2.6885929424103002e+41,1.9478503239326004e+41,7.556495225000001e+41,4.8512706195596e+41,2.7326907142852e+41,,,,,,,,,
DESY3RM-184540,36.2178179160804,-8.4968418459924,0.17513339,,,,,,,,,,,,,,,,,,,,,
DESY3RM-184689,37.0641990443128,-41.0252149659534,0.269307,,,,,,,,,,,,,,,,,,,,,
DESY3RM-184833,20.4697094057369,-0.583078848090184,0.26366377,,,,,,,,,,,,,,,,,,,,,
DESY3RM-185194,35.3664278963672,-8.47927464283548,0.21947876,,,,,,,,,,,,,,,,,,,,,
DESY3RM-185735,48.2617931272497,-45.4178898311664,0.10878914,,,,,,,,,,,,,,,,,,,,,
DESY3RM-185737,17.1135368592347,-14.3580292308863,0.21330386,0.0216,541.514689977949,66.75972903470173,1.697142678,0.3691407610000001,0.5478598999999997,1.3515219270000002e+42,8.0397339033509e+41,5.7157953929208005e+41,3.048160493e+42,1.9064081883238103e+42,1.6588846783286904e+42,1.714050443,0.3817193570000001,0.7914328099999999,1.1095237800000001e+42,6.7535096489333005e+41,5.7246678649058005e+41,2.5116820880000003e+42,1.67288799956835e+42,1.2517634739467301e+42
DESY3RM-185928,24.234090356843,-45.5461655796564,0.16164367,,,,,,,,,,,,,,,,,,,,,
DESY3RM-186117,38.4192492368876,-44.0051248263483,0.26812157,,,,,,,,,,,,,,,,,,,,,
DESY3RM-186494,51.762263050042,-15.1127129733276,0.14750598,,,,,,,,,,,,,,,,,,,,,
DESY3RM-186577,38.8119401331979,-5.70479280916295,0.22635749,0.0226,412.90307699984805,25.51836424553426,1.08965747,0.1063244008999999,0.183356099,6.398816053e+42,2.72295036578354e+42,1.58203075431433e+42,1.14593422e+43,4.214487853269961e+42,3.7768237593069705e+42,1.085897486,0.0689945659999999,0.2504403850000001,6.299454157000002e+42,2.4064246008224903e+42,1.7750845621118303e+42,1.126887393e+43,3.82094102151953e+42,3.6616653029981805e+42
DESY3RM-186758,79.8395312713827,-32.6198923216993,0.24727179,0.0134,185.82643753303878,29.29980394080396,1.092635632,0.0894393469999998,0.228549334,1.558258035e+42,3.0505460284004004e+41,3.0776971226229003e+41,2.791577385e+42,5.7305810505937e+41,6.3743385215724e+41,1.091199117,0.0812063119999999,0.2126868779999999,1.317221492e+42,3.3890603684395e+41,4.0360075066600005e+41,2.358760125e+42,8.8597560804981e+41,5.5691354520938e+41
DESY3RM-186954,79.870330534944,-32.7088414931678,0.26244143,,,,,,,,,,,,,,,,,,,,,
DESY3RM-187351,25.2285087998749,-0.245035442019555,0.15320303,0.0258,292.6921037486631,36.45715536510641,3.243979757,1.629384346,16.766588542999997,1.8135141800000003e+42,1.8135141800000003e+42,7.7990186901367e+41,5.018515901e+42,3.98335260344661e+42,3.13841213232505e+42,2.732296232,0.8761026869999999,7.255697081000001,1.870810693e+42,1.870810693e+42,3.7340205914335e+41,4.869616321e+42,4.3799813548070605e+42,3.9604524725977603e+42
DESY3RM-187573,31.3568853929118,-2.62995201120817,0.22924635,,,,,,,,,,,,,,,,,,,,,
DESY3RM-187842,48.6578306841902,-45.5697812507111,0.15844545,,,,,,,,,,,,,,,,,,,,,
DESY3RM-188230,11.0433345654028,0.760896361910804,0.2927825,,,,,,,,,,,,,,,,,,,,,
DESY3RM-188347,45.8842713409402,-62.1838158210065,0.24762863,0.0236,1546.2255974149443,257.2899217686532,10.02452704,2.4167090250000003,4.771234959999999,8.167557018000001e+43,4.4646892553214805e+42,4.8202971061638906e+42,3.711902365e+44,8.19447295319048e+43,3.7872792715891905e+43,9.733782978,2.291390541000001,4.760606612,7.929824234000001e+43,3.7650041736159904e+42,4.166981729766841e+42,3.5563534400000005e+44,7.263718993846673e+43,3.8742514860462455e+43
DESY3RM-188464,69.6884530582199,-53.0887642162422,0.19016679,,,,,,,,,,,,,,,,,,,,,
DESY3RM-188509,2.35485638954688,-32.1752979783013,0.22646464,,,,,,,,,,,,,,,,,,,,,
DESY3RM-188582,54.3790276660794,-35.8647815768079,0.28962985,,,,,,,,,,,,,,,,,,,,,
DESY3RM-188940,71.8614331921751,-20.4350185157593,0.25379384,,,,,,,,,,,,,,,,,,,,,
DESY3RM-189440,15.2042683998021,-0.422184437248507,0.19466676,,,,,,,,,,,,,,,,,,,,,
DESY3RM-189746,31.655352979195,-7.61241229336868,0.14429374,,,,,,,,,,,,,,,,,,,,,
DESY3RM-189803,324.352019132146,-54.6400274755919,0.2929287,,,,,,,,,,,,,,,,,,,,,
DESY3RM-190461,15.5405912236438,-22.5453960443053,0.2143962,,,,,,,,,,,,,,,,,,,,,
DESY3RM-190528,43.1427667686319,-1.17497874828455,0.2952925,,,,,,,,,,,,,,,,,,,,,
DESY3RM-190837,24.2497210956317,-34.904408213474,0.2857946,,,,,,,,,,,,,,,,,,,,,
DESY3RM-191274,36.5817500476346,-6.0851364194824,0.23269406,,,,,,,,,,,,,,,,,,,,,
DESY3RM-191728,342.315433156665,-44.4969552763654,0.15492557,,,,,,,,,,,,,,,,,,,,,
DESY3RM-191744,31.2078838874271,-7.40214376720482,0.23003143,,,,,,,,,,,,,,,,,,,,,
DESY3RM-191939,89.267674334906,-32.9531139459165,0.21374558,,,,,,,,,,,,,,,,,,,,,
DESY3RM-192013,8.7027906547058,-2.23949676336812,0.2216434,,,,,,,,,,,,,,,,,,,,,
DESY3RM-192144,84.9417377933735,-28.8118270321316,0.14967482,,,,,,,,,,,,,,,,,,,,,
DESY3RM-192516,342.833944447823,1.28911472025407,0.21403766,0.0498,437.8215409601237,33.46464085249712,1.378132503,0.3336317529999999,2.115877703,1.86863966e+42,1.11261735190781e+42,1.47328062883101e+42,3.6933101720000004e+42,2.51124564006673e+42,3.00585236326875e+42,0.544552876,0.2684911816,-0.544552876,5.0829033680000007e+39,5.0829033680000007e+39,4.4122391969384096e+45,7.897793316e+39,7.897793316e+39,9.823935796343121e+45
DESY3RM-192545,33.0985797550985,-40.3661918205078,0.22098736,,,,,,,,,,,,,,,,,,,,,
DESY3RM-192578,38.1067348381799,-4.09311993604065,0.17710988,,,,,,,,,,,,,,,,,,,,,
DESY3RM-192915,72.2174980793504,-20.77759310739,0.21815348,,,,,,,,,,,,,,,,,,,,,
DESY3RM-192939,54.2899296464702,-36.1955200827273,0.2773946,,,,,,,,,,,,,,,,,,,,,
DESY3RM-192966,16.9608759288209,-0.321625984438976,0.29682073,,,,,,,,,,,,,,,,,,,,,
DESY3RM-193006,38.8357162812203,-29.628677090002,0.22685532,,,,,,,,,,,,,,,,,,,,,
DESY3RM-193178,340.195865303613,-52.5885147826418,0.20635296,0.0117,370.52551695023675,35.68991195404556,4.215016883,1.4403875289999997,4.313682863,1.6109301400000002e+42,3.6702365822523e+41,3.3480293588743002e+41,4.8538570830000006e+42,1.39660198104838e+42,1.00298349555791e+42,3.431500952,1.053994195,3.243830413,1.326353441e+42,3.6064919368431005e+41,2.82396626322e+41,3.6360892120000004e+42,9.799975913066902e+41,1.0704395139315202e+42
DESY3RM-193595,54.7281486341496,-53.5898496403182,0.19989297,,,,,,,,,,,,,,,,,,,,,
DESY3RM-193769,349.483817501086,-44.2156827125093,0.29579845,,,,,,,,,,,,,,,,,,,,,
DESY3RM-193822,349.715765571592,-42.5207485381796,0.11277592,0.0116,400.99637338990755,19.418079334365057,0.9289987089,0.0532357811,0.0487639130999999,1.755991399e+42,1.755991399e+42,9.227209064154471e+45,2.946747437e+42,2.946747437e+42,1.1256322941689594e+46,0.9317540121,0.1131426789999999,0.0604978179999999,1.1762160400000002e+42,1.1762160400000002e+42,1.3418997002740293e+44,1.976044757e+42,1.976044757e+42,2.282725907027379e+44
DESY3RM-194269,37.1961495158207,-4.26066762918026,0.22588594,,,,,,,,,,,,,,,,,,,,,
DESY3RM-194376,70.5181208663214,-26.9974513551476,0.11005338,,,,,,,,,,,,,,,,,,,,,
DESY3RM-194687,37.1229811352356,-3.21768006746111,0.29917115,0.0217,539.9389841303927,56.81556100161529,2.097165363,0.3848669129999997,1.2547828290000005,8.028836200000001e+43,8.028836200000001e+43,1.1543933862453596e+45,1.795920206e+44,1.795920206e+44,2.3680816422603025e+45,0.02713012513,0.00987089767,0.00119932675,1.2065439720000002e+40,1.2065439720000002e+40,1.021956056329134e+48,1.5364419500000001e+47,1.53644195e+47,4.5034573018848434e+54
DESY3RM-195036,9.41189259868163,-33.8442002910441,0.29578394,,,,,,,,,,,,,,,,,,,,,
DESY3RM-195075,53.9731732433118,-28.1645837705092,0.25466597,0.0074,567.3960423766163,34.235458220053516,1.910652635,0.1915071719999999,0.182193926,1.1256177020000002e+43,8.138403762102501e+41,6.9327547801364004e+41,2.4723847960000004e+43,1.7461664454367003e+42,2.57322312041853e+42,2.065910416,0.236331877,0.946395024,9.106883171000001e+42,7.929173821864001e+41,6.255044688474501e+41,2.051866842e+43,2.3044150707347203e+42,1.89807688059142e+42
DESY3RM-195079,2.02822581678866,0.702250182256455,0.25018835,,,,,,,,,,,,,,,,,,,,,
DESY3RM-195088,359.931757396778,-60.1505383728818,0.10725382,,,,,,,,,,,,,,,,,,,,,
DESY3RM-195239,25.2879989629327,-0.891332339177837,0.2282112,,,,,,,,,,,,,,,,,,,,,
DESY3RM-195559,30.6798878530072,-20.0989961587972,0.29858622,,,,,,,,,,,,,,,,,,,,,
DESY3RM-195920,33.6994579233132,-0.90891276226615,0.26477775,0.0276,726.3114375761371,208.16115868521965,13.67252944,11.267473453,-13.67252944,1.875275177e+42,1.875275177e+42,9.567787119954701e+41,8.99631596e+42,8.99631596e+42,9.965424262904261e+42,6.845895677,4.703842518,-6.845895677,1.9215988980000003e+42,1.9215988980000003e+42,1.2362598898659802e+42,7.266758079000001e+42,7.266758079000001e+42,9.90538680456943e+42
DESY3RM-196188,38.4093358772422,-5.70419129398052,0.28565016,,,,,,,,,,,,,,,,,,,,,
DESY3RM-196574,35.8844842547905,-47.198118400743,0.23906173,,,,,,,,,,,,,,,,,,,,,
DESY3RM-196761,8.76753283287037,-2.07077814435538,0.23763841,0.0285,544.9983296852099,72.2571135130846,1.408035029,0.321828752,-1.408035029,1.4480581880000003e+43,9.284146045108251e+42,8.36673946392115e+42,3.0790016460000005e+43,1.7976011953921082e+43,2.2899153263790193e+43,0.5438732332,0.2090169078,1.0598423588,1.0750284280000001e+43,1.0750284280000001e+43,4.61640779575464e+42,1.8897716440000002e+43,1.616907683170343e+43,1.9508098246086103e+43
DESY3RM-197007,48.9698556072199,-53.6624686845065,0.2987354,,,,,,,,,,,,,,,,,,,,,
DESY3RM-198256,14.1093485216732,-37.7641459711162,0.23067892,,,,,,,,,,,,,,,,,,,,,
DESY3RM-198391,84.79770774127,-56.2114978031898,0.29476815,0.0412,560.3204005277015,143.12544200369285,2.394722303,1.133924993,8.019123847,1.913155211e+43,1.913155211e+43,9.43529882778436e+42,4.764930793e+43,1.6657086181824612e+43,1.2401010619119892e+44,2.477681603,1.1884605170000002,7.868654327,1.9400776360000002e+43,1.9400776360000002e+43,8.156089083209491e+42,4.885118887e+43,2.0283309756855562e+43,9.525832066855633e+43
DESY3RM-198412,66.9399020403069,-57.1734213909185,0.26746053,0.0115,501.3721605584094,50.22073772280276,1.504874703,0.194196279,0.321514783,5.626417187e+42,2.5316113075535102e+42,4.183213920812e+41,1.2190472330000001e+43,7.367297857182801e+42,2.07295246923504e+42,1.714327526,0.3663456299999998,0.7234625430000001,2.6132621500000004e+42,2.6132621500000004e+42,7.981905153045871e+42,5.915785953e+42,5.915785953e+42,1.7608938419119862e+43
DESY3RM-198836,37.2322929782758,0.65289520944709,0.25182226,,,,,,,,,,,,,,,,,,,,,
DESY3RM-199136,15.3911760357394,0.53919904934115,0.126543,,,,,,,,,,,,,,,,,,,,,
DESY3RM-199204,332.908099346848,2.0043617058762,0.22752139,,,,,,,,,,,,,,,,,,,,,
DESY3RM-199328,37.7207950004358,-4.34775471534004,0.14609791,0.0227,490.45123405686127,15.944358828771486,1.363092519,0.036577512,0.0791483579999998,9.995604125000002e+42,7.833513982788301e+41,9.6181472245089e+41,1.9791438230000002e+43,2.2944034291506503e+42,1.49378065085168e+42,1.363923856,0.074666013,0.153338962,4.725350509000001e+42,7.7426565955503e+41,8.808300309310801e+41,9.359505562000002e+42,1.5903947685845103e+42,1.41080642514963e+42
DESY3RM-199795,24.4490717260634,-24.7295391616895,0.24025284,,,,,,,,,,,,,,,,,,,,,
DESY3RM-200238,317.537919187425,-47.7131799264558,0.15205391,,,,,,,,,,,,,,,,,,,,,
DESY3RM-200239,41.0056631236513,-53.0258480299154,0.13040416,,,,,,,,,,,,,,,,,,,,,
DESY3RM-200828,48.6620957858654,-45.3643230868606,0.15649758,0.0192,808.7102032246373,59.06598443764774,3.360398894,0.4183910809999998,0.558306827,2.0774388250000003e+43,9.292060077605601e+41,1.5511894941588402e+42,5.649116078000001e+43,3.9427130912816204e+42,5.1438507772689003e+42,3.529893289,0.4688895519999998,0.5911139520000002,1.9777978190000002e+43,1.4402800503735602e+42,8.5445829270684e+41,5.494408823000001e+43,6.962647391392341e+42,6.64734167025909e+42
DESY3RM-200987,52.7922792117564,-38.2916455482042,0.24238116,,,,,,,,,,,,,,,,,,,,,
DESY3RM-201346,24.5074809817489,-12.6918750153864,0.28099227,,,,,,,,,,,,,,,,,,,,,
DESY3RM-201525,65.1219995602119,-48.4882780333889,0.21636432,,,,,,,,,,,,,,,,,,,,,
DESY3RM-201609,27.2107505595861,-0.449074689946555,0.26773426,0.025,738.5937751226031,237.65606199109416,3.541441161,1.993271061,-3.541441161,5.3111730260000004e+42,5.3111730260000004e+42,3.3317459456998803e+42,1.5238667870000001e+43,1.305958171260705e+43,2.3215787377674413e+43,3.507156675,1.854214349,-3.507156675,5.1501121980000005e+42,5.15011219799999e+42,-3.7420004414395104e+42,1.4720891080000003e+43,1.4720891080000003e+43,-9.52660070304634e+42
DESY3RM-201784,351.914787456659,-54.7753730173028,0.2995508,,,,,,,,,,,,,,,,,,,,,
DESY3RM-201955,25.3722127732878,-0.0377451604392537,0.25053602,,,,,,,,,,,,,,,,,,,,,
DESY3RM-202089,53.8374443929047,-28.5807179274905,0.11491606,,,,,,,,,,,,,,,,,,,,,
DESY3RM-202647,319.004617175201,-59.4396488450793,0.25576586,,,,,,,,,,,,,,,,,,,,,
DESY3RM-202679,37.5995512306935,-0.926106106967854,0.24309616,,,,,,,,,,,,,,,,,,,,,
DESY3RM-202781,55.9128416881973,-55.1611195634771,0.16923444,,,,,,,,,,,,,,,,,,,,,
DESY3RM-203013,63.9540233461924,-55.4253387726209,0.18036212,,,,,,,,,,,,,,,,,,,,,
DESY3RM-203345,31.560725086744,-5.73383782082089,0.1963122,,,,,,,,,,,,,,,,,,,,,
DESY3RM-204481,16.7551357156517,0.354971816280173,0.28151122,,,,,,,,,,,,,,,,,,,,,
DESY3RM-205067,322.937790921041,-40.4845029012549,0.1560059,,,,,,,,,,,,,,,,,,,,,
DESY3RM-205175,34.874761841636,-6.16704975389776,0.22140466,,,,,,,,,,,,,,,,,,,,,
DESY3RM-205213,83.0914938090211,-26.6593084680632,0.26151797,,,,,,,,,,,,,,,,,,,,,
DESY3RM-205399,30.6818117309788,-6.80238781155192,0.25997657,,,,,,,,,,,,,,,,,,,,,
DESY3RM-205498,37.6449388286495,-5.17888097426309,0.2947363,,,,,,,,,,,,,,,,,,,,,
DESY3RM-205567,355.296506470088,-53.7044208021023,0.22997794,0.0118,664.1617896454663,119.29314747851429,3.890805418,1.138916283,9.095816972,6.563847579000001e+42,6.563847579000001e+42,-6.563847578999981e+42,1.9008386870000002e+43,1.9008386870000002e+43,6.724117688214828e+50,,,,,,,,,
DESY3RM-205762,354.116434534623,-47.5999903026372,0.10488392,0.0112,259.8057086677364,32.05796908340649,0.4319235663,0.0858862152,0.1214972256,7.443189629e+41,3.3300377128185e+41,9.782803655191e+40,1.482925894e+42,4.938128914076901e+41,2.7812478454574e+41,,,,,,,,,
DESY3RM-205896,47.7809084545021,-9.91627922354365,0.27096486,,,,,,,,,,,,,,,,,,,,,
DESY3RM-206018,35.6092273632064,-8.95073202565523,0.16615471,0.0385,723.3481028200772,20.91003771768021,2.725976166,0.1215892890000001,0.1971777919999997,5.480027288e+43,2.83936044060948e+42,2.9308880381665704e+42,1.367554182e+44,1.151603377416215e+43,7.960377270102081e+42,2.369647752,0.385675325,0.703384383,1.4490716440000004e+43,1.4497903249924803e+42,1.9755543419309503e+42,3.433418872e+43,4.59319653677681e+42,7.576053974860371e+42
DESY3RM-206534,17.4385134404426,-15.382180749196,0.2825383,,,,,,,,,,,,,,,,,,,,,
DESY3RM-206935,80.0091378830236,-32.4830559616414,0.2473187,,,,,,,,,,,,,,,,,,,,,
DESY3RM-207366,56.7651420617984,-41.1704841754757,0.10825304,,,,,,,,,,,,,,,,,,,,,
DESY3RM-209180,348.524951174348,-54.1654984191555,0.202666,,,,,,,,,,,,,,,,,,,,,
DESY3RM-209537,83.4740150690179,-54.6706055711469,0.28216833,,,,,,,,,,,,,,,,,,,,,
DESY3RM-209630,332.836830682884,-0.0364398918847554,0.198968,,,,,,,,,,,,,,,,,,,,,
DESY3RM-209934,40.2030315556988,-1.50999537538697,0.16624878,0.0286,487.38233492812714,42.51535676828432,1.365367513,0.173571712,0.3130284999999999,1.069737816e+42,4.8320570607126e+41,6.6084908779874005e+41,2.1179323840000002e+42,8.591444305033002e+41,1.29022903661559e+42,1.367204137,0.3073351720000001,1.002544321,5.059949559e+41,5.059949559e+41,4.7449117992165006e+41,1.0022517530000001e+42,1.00225175121387e+42,1.12706172041215e+42
DESY3RM-211234,41.6688288853756,-8.19853587637327,0.2698264,,,,,,,,,,,,,,,,,,,,,
DESY3RM-211688,350.464306517389,-52.7887740726779,0.10226062,,,,,,,,,,,,,,,,,,,,,
DESY3RM-211905,29.8545282593609,-36.6493305669914,0.16263762,,,,,,,,,,,,,,,,,,,,,
DESY3RM-212004,52.0653015705238,-28.7849489571045,0.28451172,0.00863,400.688597433693,21.445391527885416,1.121355526,0.0814200610000002,0.1819441129999999,2.2653833200000002e+42,7.582718877811401e+41,5.9472991542930004e+41,4.0884999200000007e+42,1.04510192257193e+42,1.0251524157262801e+42,1.084881351,0.0673065569999999,0.1610162400000001,2.166711357e+42,5.2927240722072e+41,4.3946766332113006e+41,3.867744585e+42,1.0665927993286302e+42,9.401725481440201e+41
DESY3RM-212078,9.38851843471243,-43.5597855819626,0.2298477,0.0261,340.1360929905249,106.72815635462989,0.4560388396,0.0917530003,0.1898439546,1.7958770700000003e+42,7.840136276258601e+41,2.3890864258471004e+41,2.910276483e+42,1.08484382533257e+42,3.3741674263929005e+41,0.4613227824,0.1038761270999999,0.1775698927,1.599559575e+42,9.553485125310802e+41,9.462445667715e+40,2.5848798980000004e+42,1.11492174538998e+42,5.007014427621901e+41
DESY3RM-212619,17.9007334631205,-38.1868342708264,0.12427556,0.0159,476.20829249226955,15.581581347559094,1.269627469,0.029903655,0.0281674279999999,4.886399388e+42,4.886399388e+42,1.120739658594153e+47,9.336618825e+42,9.336618825e+42,3.3770674993641605e+47,1.040653983,0.0286058999999998,0.02722065,3.103124519e+42,4.4680092437843005e+41,5.5330946348301e+41,5.4611460180000006e+42,8.2755374739536e+41,8.082411896844501e+41
DESY3RM-212629,15.0271616618716,0.113730221677659,0.12088929,0.0288,411.39903566119017,95.25146566730382,0.6186531902,0.2058522264999999,0.6862662888000001,3.221994699e+41,3.221994699e+41,1.8831675631486e+41,5.027562997e+41,5.0275629577663e+41,3.967267911146501e+41,0.008000029379,0.008000029379,0.235837562421,4.945379498e+31,4.945379498e+31,7.74624751964743e+34,1.3905145580000001e+54,1.3905145580000001e+54,2.202938961380276e+57
DESY3RM-212846,35.9802691053693,-6.03741834345501,0.24741185,,,,,,,,,,,,,,,,,,,,,
DESY3RM-212865,14.244235672701,-27.4945386310083,0.21519127,,,,,,,,,,,,,,,,,,,,,
DESY3RM-212901,51.3535768494825,-63.6061321255447,0.22123978,,,,,,,,,,,,,,,,,,,,,
DESY3RM-214383,32.5007820059313,-4.3648499468441,0.2983462,,,,,,,,,,,,,,,,,,,,,
DESY3RM-214406,324.277203243688,-62.4774205686662,0.21207468,,,,,,,,,,,,,,,,,,,,,
DESY3RM-214560,332.818870206922,2.06304230441997,0.2881272,,,,,,,,,,,,,,,,,,,,,
DESY3RM-214672,25.1232683913621,0.30722644934337,0.14763029,,,,,,,,,,,,,,,,,,,,,
DESY3RM-214806,22.8659819475558,-3.20533097369435,0.20361452,0.0326,516.4627422681533,50.28806960752644,1.364080093,0.2164323540000001,0.2021662279999998,2.035127104e+42,6.628374491890801e+41,6.3074539956001006e+41,4.01404071e+42,1.50908189299278e+42,2.04054705159052e+42,1.371960492,0.1611937079999998,0.4750172160000001,1.359895632e+42,5.9296647351628e+41,8.0687027961362e+41,2.6874096920000004e+42,2.0939658346360002e+42,1.6028717856627502e+42
DESY3RM-215100,28.1733735934832,1.13442341632731,0.18835288,,,,,,,,,,,,,,,,,,,,,
DESY3RM-215113,76.5263521995553,-28.4599318289798,0.2992079,,,,,,,,,,,,,,,,,,,,,
DESY3RM-215554,14.6814923564991,-0.211986320160753,0.14439003,,,,,,,,,,,,,,,,,,,,,
DESY3RM-215785,307.171081790666,-47.0080637046202,0.13319057,0.0324,191.70088128327106,35.22602875789587,0.2599540235,0.0778336093,0.1640721753999999,4.033477022e+39,4.033477022e+39,4.1026359619189e+41,1.5808853410000002e+40,1.5808853410000002e+40,1.5344872711545502e+42,0.05408585634,0.01972202684,0.2240038562599999,8.170835416000001e+29,8.170835416000001e+29,6.329919049668901e+37,6.735760636000001e+33,6.735760636000001e+33,1.4424261855344527e+45
DESY3RM-215891,54.396936073329,-34.6646536564335,0.12530509,,,,,,,,,,,,,,,,,,,,,
DESY3RM-216543,35.2836656815569,-2.89080864480321,0.2711948,,,,,,,,,,,,,,,,,,,,,
DESY3RM-216769,30.8169975126687,-20.2248675721603,0.28076458,,,,,,,,,,,,,,,,,,,,,
DESY3RM-216885,36.4195581379995,-4.48315000224001,0.22794022,0.0216,826.9044360974398,101.3068685273439,0.2385656848,0.0636664445,0.0937395528,2.3028860190000002e+42,2.3028860190000002e+42,6.883607420757148e+62,5.90559753e+42,5.90559753e+42,2.7799487142354843e+63,2.808477488,1.219702226,7.906131912000001,1.474501017e+42,1.474501017e+42,2.965992703501005e+44,3.7151637260000005e+42,3.7151637260000005e+42,7.504632349119952e+44
DESY3RM-217086,303.178279943605,-56.9016334290183,0.29789883,0.0429,944.7955939800112,15.433204794097701,5.114796367,0.0790024160000006,0.0794258999999995,6.220013666e+44,3.587456104238766e+44,2.550153247155999e+44,2.0541334870000003e+45,1.0541717045436324e+45,1.042407890755999e+45,5.128773746,0.0798817899999999,0.0803170999999993,6.043627938000001e+44,6.043627938000001e+44,2.1911515257044354e+46,1.99870429e+45,1.99870429e+45,7.740981869027576e+46
DESY3RM-219780,352.207851886219,-52.5769908588739,0.121803895,0.00953,439.6824168137388,20.939692663943934,1.058912218,0.0424731509999998,0.0910532970000002,1.2876599410000001e+42,7.684599234919801e+41,9.563921288792001e+41,2.2864960100000005e+42,1.62344284883847e+42,1.2606373152694201e+42,1.03418501,0.0610332453,0.108653321,1.288952031e+40,1.288952031e+40,9.55491622680164e+42,2.2624546040000004e+40,2.2624546040000004e+40,1.163873631018251e+43
DESY3RM-220200,356.810046572086,-56.4568716741104,0.17502718,,,,,,,,,,,,,,,,,,,,,
DESY3RM-220341,17.0778964380113,0.369767209546205,0.24951015,,,,,,,,,,,,,,,,,,,,,
DESY3RM-220372,37.0908176140798,-4.95531389320943,0.2764023,,,,,,,,,,,,,,,,,,,,,
DESY3RM-220739,26.68962995265,-38.8543389016379,0.23545727,0.0156,497.789799911473,133.8977524934376,1.688696082,0.4510344270000002,1.938180194,6.128336126000001e+42,1.7400028120391403e+42,2.4941256570487503e+42,1.3802485870000001e+43,3.0850991506393405e+42,6.33475886412368e+42,1.326155398,0.3812961252,0.7900593570000001,4.4405618020000006e+42,1.80634319697983e+42,1.5571597359724402e+42,9.224857042000001e+42,4.07643914249241e+42,4.7396041962592003e+42
DESY3RM-220822,32.8416304139802,-24.6268003398976,0.21853583,,,,,,,,,,,,,,,,,,,,,
DESY3RM-221567,20.166356552536,3.85775131066623,0.20037349,,,,,,,,,,,,,,,,,,,,,
DESY3RM-221833,40.7037221410425,-48.726789429898,0.27453014,,,,,,,,,,,,,,,,,,,,,
DESY3RM-222225,75.9062071973281,-29.5700456791818,0.12534551,,,,,,,,,,,,,,,,,,,,,
DESY3RM-222367,17.6245221339718,-0.298604950211223,0.2726896,,,,,,,,,,,,,,,,,,,,,
DESY3RM-222560,16.4371851619965,-42.4202757280913,0.2317369,,,,,,,,,,,,,,,,,,,,,
DESY3RM-222794,8.64101436694185,-44.0674286749441,0.2742876,,,,,,,,,,,,,,,,,,,,,
DESY3RM-223451,89.7746680547158,-50.3645078617986,0.25023577,,,,,,,,,,,,,,,,,,,,,
DESY3RM-223711,31.3450473431459,-5.88942688948398,0.24547443,,,,,,,,,,,,,,,,,,,,,
DESY3RM-223894,15.9074997719748,-22.292416982068,0.22131905,0.0151,719.0968992727555,125.05185331118102,2.986924633,1.173163444,8.572945226999998,3.7733617990000004e+42,3.7733617990000004e+42,7.813333920271901e+41,9.712292879e+42,9.712292333644482e+42,4.72818719876925e+42,2.949521012,1.13145325,8.529331468,3.5875948390000005e+42,3.5875948390000005e+42,1.5239070088370202e+42,9.186400121000002e+42,9.18639943386739e+42,6.98509992735913e+42
DESY3RM-224144,305.837945568114,-55.4347913592207,0.26828974,,,,,,,,,,,,,,,,,,,,,
DESY3RM-224467,48.6844058381694,-53.864064667977,0.18532678,,,,,,,,,,,,,,,,,,,,,
DESY3RM-224806,37.3651652355152,-4.80696339382034,0.24707882,0.0239,464.8942000366019,89.35842802473627,1.108807303,0.2746541321000001,0.4033260239999998,4.4233245970000005e+42,3.09937597931429e+42,1.4983186361951402e+42,8.498181896000001e+42,5.59210667926035e+42,4.8123899914504406e+42,0.8634528489,0.1121387404999999,0.2570054411,4.6708999950000006e+42,2.6097578258665202e+42,6.5116527601871005e+41,8.128432846e+42,2.8483455802943703e+42,2.03129367992569e+42
DESY3RM-224872,41.050447592844,-50.1392048198673,0.21787317,,,,,,,,,,,,,,,,,,,,,
DESY3RM-225316,69.7870147606885,-54.5318372659974,0.16893646,,,,,,,,,,,,,,,,,,,,,
DESY3RM-225511,331.148106487024,-1.77139204370218,0.14750642,,,,,,,,,,,,,,,,,,,,,
DESY3RM-225582,65.8848136766293,-51.5592983802804,0.1863392,0.0131,376.52984085190747,17.6614783384628,0.8925519901,0.0485582069,0.0611953675999999,2.2563935420000003e+42,2.059271599929e+41,1.9478746482614e+41,3.7141035500000003e+42,4.0077280822195e+41,3.6408155467921e+41,0.8670543364,0.0647333112999999,0.1250339772000001,1.0587558420000001e+42,1.0587558419999901e+42,1.039520794348213e+44,1.7258295690000002e+42,1.7258295690000002e+42,1.2984361057769868e+44
DESY3RM-225773,37.3202385906136,-33.6360590192934,0.2312385,,,,,,,,,,,,,,,,,,,,,
DESY3RM-225963,28.4083457182371,-48.3803273652067,0.2320454,0.0148,290.28522310393754,33.575222169413394,0.2146575649,0.0485236944999999,0.0372532899999999,1.457597783e+42,6.600595233039301e+41,3.5995585746332e+41,4.2399250290000004e+42,1.84207409990294e+42,1.11159105109444e+42,0.1906933285,0.0504590351,0.0503791022999999,1.1908160620000002e+42,6.587259851947201e+41,2.0079087532952005e+41,4.852779371000001e+42,2.5604805237605802e+42,1.42434498610589e+42
DESY3RM-226023,348.976554343879,-55.1671556526958,0.22395867,,,,,,,,,,,,,,,,,,,,,
DESY3RM-226024,334.401005575741,0.832442963578197,0.28164744,,,,,,,,,,,,,,,,,,,,,
DESY3RM-226173,26.9397672441438,0.229864692084613,0.16725811,,,,,,,,,,,,,,,,,,,,,
DESY3RM-226500,349.07900955262,-52.3228068236595,0.246322,,,,,,,,,,,,,,,,,,,,,
DESY3RM-226709,35.9793853751073,-5.82260492645542,0.27542612,,,,,,,,,,,,,,,,,,,,,
DESY3RM-226916,14.1399705487548,-1.12951430956579,0.1791166,0.0335,326.29475871797257,29.73607456249473,6.716784946,4.01393815,16.522833074,1.9037668170000002e+42,1.9037668170000002e+42,1.0706494071573102e+42,7.166015728e+42,7.16601572432518e+42,5.753046949423061e+42,0.6889487583,0.1356258247,0.146959912,1.441075953e+42,1.1160763605894901e+42,8.094968368560502e+41,2.2344203300000004e+42,1.50115805215897e+42,1.3331870826258302e+42
DESY3RM-227123,58.7643626367752,-20.3004037369719,0.29597118,,,,,,,,,,,,,,,,,,,,,
DESY3RM-227323,38.1139523084177,-53.9681905766244,0.28867432,,,,,,,,,,,,,,,,,,,,,
DESY3RM-227618,322.327337794659,-57.4567029173441,0.101055674,,,,,,,,,,,,,,,,,,,,,
DESY3RM-227790,348.305122513696,-54.0858646459534,0.21868412,0.00998,414.96271707261246,31.97188738603448,1.083542376,0.1408037996,0.258346489,2.9181298000000006e+42,1.18273504852115e+42,9.930532045867902e+41,5.2102031200000007e+42,1.6571786587889302e+42,2.1145567441324e+42,1.085903398,0.0634191379999999,0.3782485,3.0316363e+42,9.324418612256301e+41,8.305354912746201e+41,5.417967843000001e+42,1.6931800584981503e+42,1.85784623308972e+42
DESY3RM-228216,38.5015910867202,-4.82724567307939,0.17503555,0.0213,426.49547315012927,18.65733425047489,1.074216113,0.0752284871,0.1033620619999999,4.0895297790000003e+42,4.7371703234727e+41,5.9176601933176e+41,7.298121907000002e+42,7.0813769035142e+41,1.0885191402051201e+42,1.084719086,0.0772077399999999,0.0702747729999999,3.3293322790000005e+42,7.046565113338201e+41,5.978212770854101e+41,5.971891766e+42,1.3892166190790601e+42,9.182703924429002e+41
DESY3RM-228284,24.2729890502262,-8.5144269360375,0.21381932,,,,,,,,,,,,,,,,,,,,,
DESY3RM-228287,29.8061961447601,-1.78963752643981,0.2275588,,,,,,,,,,,,,,,,,,,,,
DESY3RM-228300,351.852912260824,-55.0661406479859,0.22511937,0.0106,401.34915558353237,26.225291420072253,1.568756981,0.200224116,0.62195037,4.174228182e+42,9.358070719093402e+41,6.262450747318601e+41,8.577438015e+42,1.63200042356643e+42,1.72367895815297e+42,1.220891448,0.1813542989999998,0.146021701,2.5705593770000002e+42,6.2661253364304005e+41,7.628069437685301e+41,4.794268991000001e+42,1.5705710566015703e+42,1.21572610099123e+42
DESY3RM-228308,7.65927276802346,-53.4796846714845,0.2654665,,,,,,,,,,,,,,,,,,,,,
DESY3RM-228384,350.821468329879,-1.13764681040691,0.23588288,,,,,,,,,,,,,,,,,,,,,
DESY3RM-229835,36.6974124969906,-4.25314520171047,0.25211146,,,,,,,,,,,,,,,,,,,,,
DESY3RM-229879,30.4761077932408,-5.83633143372243,0.23122413,,,,,,,,,,,,,,,,,,,,,
DESY3RM-230283,16.9656323244707,0.0239127072292433,0.27201656,,,,,,,,,,,,,,,,,,,,,
DESY3RM-230431,25.0929477105413,-34.8289336497944,0.27615172,,,,,,,,,,,,,,,,,,,,,
DESY3RM-231838,318.876394366742,-43.4014549812832,0.13865007,,,,,,,,,,,,,,,,,,,,,
DESY3RM-232082,324.471400253715,0.444933764209577,0.23843572,,,,,,,,,,,,,,,,,,,,,
DESY3RM-232858,35.8329719942954,-4.71473708002802,0.19479555,,,,,,,,,,,,,,,,,,,,,
DESY3RM-232860,355.327268354668,-54.2126948568961,0.13517453,,,,,,,,,,,,,,,,,,,,,
DESY3RM-232901,28.5339513598914,-48.1673122242464,0.22236237,,,,,,,,,,,,,,,,,,,,,
DESY3RM-233252,39.9542698532419,-1.64829735666784,0.24152473,0.0291,1001.7370730534283,64.86514730318008,12.87362192,5.347872928999999,10.985899600000002,9.604090230000001e+42,1.2345596723096402e+42,9.4480239794208e+41,4.807933649000001e+43,2.3980972132657863e+43,1.010580724861003e+43,,,,,,,,,
DESY3RM-233330,46.3750748442357,-44.002445778875,0.12897003,,,,,,,,,,,,,,,,,,,,,
DESY3RM-233621,35.4876369274678,-8.97864946146176,0.26764965,0.0376,524.4438457565864,71.49510813235128,1.723525666,0.3702091089999999,0.6892531179999999,1.299294788e+43,2.3999290524136903e+42,5.0126529403709906e+42,2.7648716460000003e+43,6.58659789883084e+42,1.139907434714304e+43,1.717411011,0.3986088679999999,0.618178578,1.2482880530000002e+43,3.4991291856454403e+42,4.1634910014592404e+42,2.6533037310000006e+43,7.36349290054634e+42,1.0041786484863321e+43
DESY3RM-233622,6.2632173847116,-33.115041442859,0.23295335,,,,,,,,,,,,,,,,,,,,,
DESY3RM-233694,351.959971340373,-0.642513778022676,0.26483268,,,,,,,,,,,,,,,,,,,,,
DESY3RM-233941,14.4009614740388,0.590841752151991,0.2855084,,,,,,,,,,,,,,,,,,,,,
DESY3RM-234071,349.357249476095,-52.9575760029294,0.25938088,0.0116,533.2035358824475,50.7955199481344,2.547694031,0.5166644349999996,0.8835698840000004,1.134864412e+43,2.0627833246700302e+42,1.4109662787110803e+42,2.750603082e+43,5.35419871291215e+42,4.3382838191663905e+42,2.734995051,0.6031540440000001,1.1708051150000005,8.992065717000001e+42,1.2335684689449802e+42,2.4410004296493602e+42,2.239543956e+43,4.8079099109654304e+42,7.9962962713043e+42
DESY3RM-234365,9.72558985490486,-51.5623643469506,0.15578657,,,,,,,,,,,,,,,,,,,,,
DESY3RM-234905,32.5761344052424,-3.57978030972428,0.23813953,,,,,,,,,,,,,,,,,,,,,
DESY3RM-234957,32.9747456535337,-9.52250427719462,0.25032794,,,,,,,,,,,,,,,,,,,,,
DESY3RM-235299,350.049392251722,-52.0355371175767,0.2293278,,,,,,,,,,,,,,,,,,,,,
DESY3RM-237015,29.6429018640248,-1.84896085345873,0.23669718,,,,,,,,,,,,,,,,,,,,,
DESY3RM-237098,34.9892243435361,-5.96709894061607,0.26086554,,,,,,,,,,,,,,,,,,,,,
DESY3RM-237469,307.819609974084,-40.4318332775445,0.18422341,,,,,,,,,,,,,,,,,,,,,
DESY3RM-237895,29.3062149530104,-5.9415865725706,0.22418438,,,,,,,,,,,,,,,,,,,,,
DESY3RM-239244,25.1639964379541,-34.0608166727987,0.24929997,,,,,,,,,,,,,,,,,,,,,
DESY3RM-239455,352.265754857074,-53.4401556825523,0.25048763,,,,,,,,,,,,,,,,,,,,,
DESY3RM-239637,348.597494688118,-53.6667817368489,0.24153246,,,,,,,,,,,,,,,,,,,,,
DESY3RM-240276,16.4312545853575,-0.532661440241093,0.22912918,,,,,,,,,,,,,,,,,,,,,
DESY3RM-240596,11.4346404757614,-1.49124090839322,0.22364874,,,,,,,,,,,,,,,,,,,,,
DESY3RM-240698,18.2797107013956,-0.0009562946398348,0.22028469,,,,,,,,,,,,,,,,,,,,,
DESY3RM-240795,16.5919366227109,-0.441848636176085,0.23365833,,,,,,,,,,,,,,,,,,,,,
DESY3RM-241173,22.899945475981,-0.128656979791703,0.2597424,,,,,,,,,,,,,,,,,,,,,
DESY3RM-241902,18.3811673194499,-0.162538279413814,0.2520253,0.0267,290.47204892290097,57.41006837326985,0.566087608,0.2635688399,0.793612321,6.50196883e+41,6.50196883e+41,2.2129581469746004e+41,1.006841515e+42,1.0068415137388702e+42,5.5061251928098006e+41,0.08615357487,0.06517037417,0.14503240773,1.5517375880000002e+38,1.5517375880000002e+38,4.008385016299891e+43,2.265831229e+40,2.265831229e+40,5.291991879207972e+45
DESY3RM-241941,334.013922967293,0.213238423521752,0.111654945,,,,,,,,,,,,,,,,,,,,,
DESY3RM-242071,38.253644033766,-5.52789893765282,0.2883916,0.0216,591.9687268018322,39.23915687968254,2.97108385,0.5579887279999998,0.97056317,9.832280620000001e+42,1.80438147158919e+42,2.52857496963418e+42,2.528601477e+43,7.44352806519432e+42,5.785257313498631e+42,2.856229119,0.5415493749999998,1.1628384120000002,6.712294067000001e+42,2.9101772726231004e+42,7.2271506455098e+41,1.69888015e+43,1.0546994472351531e+43,7.0172657932653e+41
DESY3RM-242278,36.1432843107865,-8.33716638337539,0.27887276,,,,,,,,,,,,,,,,,,,,,
DESY3RM-242737,82.749765275407,-26.7908015648278,0.29458153,,,,,,,,,,,,,,,,,,,,,
DESY3RM-243147,21.5182901010471,0.144879137500713,0.21854445,0.0309,487.87391107359184,82.95909166841672,3.445765973,1.810783915,17.291948867,2.2352335540000003e+42,1.99056124111561e+42,1.13891629616372e+42,6.129756634e+42,6.12975662914772e+42,2.72914534594331e+42,3.874985068,2.0606152570000003,12.198093592,1.787040274e+42,1.2730844207149e+42,1.0174996611528301e+42,5.166322645000001e+42,5.1663226413828707e+42,2.8988174343733e+42
DESY3RM-243263,357.068685531239,0.969014970126469,0.28307936,0.0313,465.44832456655996,58.82438977801665,1.155326758,0.1663063583999999,0.3237813360000001,3.823652253e+42,1.80877802490977e+42,1.24552121553363e+42,6.976953458e+42,4.86929480116622e+42,2.6831344117122304e+42,1.085310319,0.2114110712999999,0.463819111,3.574058369e+42,2.10828068924291e+42,1.4146510752868e+42,6.383013090000001e+42,5.32448573789261e+42,2.80884144388659e+42
DESY3RM-243310,24.225320043145,-0.23089961183765,0.19280726,,,,,,,,,,,,,,,,,,,,,
DESY3RM-243557,345.727066882618,0.20804501778795,0.29092655,0.04,268.3363173115076,45.87867003223371,0.5433597166,0.1558087123,0.1538664531999999,7.293815449e+41,7.1373381317864e+41,4.6428058264402e+41,1.1247960200000001e+42,1.12352469530187e+42,7.6029572791991e+41,0.6047242657,0.1577130319,0.1334989636999999,9.723420111000002e+41,5.139098166192801e+41,4.7054163152421e+41,1.497719201e+42,1.10640783077021e+42,6.9058896485184e+41
DESY3RM-243566,14.8810565838308,0.569460450547463,0.22953475,,,,,,,,,,,,,,,,,,,,,
DESY3RM-243661,315.034592272443,-42.8832345635612,0.2057897,,,,,,,,,,,,,,,,,,,,,
DESY3RM-245121,37.3546184464352,-8.8407756411316,0.19423848,0.029,417.38046083276066,26.643046368289635,1.05107914,0.1029390358999998,0.091127006,1.0370608320000001e+42,1.0370608320000001e+42,8.31768781891546e+46,1.828748282e+42,1.828748282e+42,3.918009614009225e+47,1.030421662,0.1904899573999999,0.1681311279999999,1.178317279e+42,1.1783172789999901e+42,2.512574700004995e+48,2.0579876600000004e+42,2.0579876600000004e+42,9.124492031774585e+48
DESY3RM-245475,47.5510220094379,-9.5664699960993,0.28785816,,,,,,,,,,,,,,,,,,,,,
DESY3RM-246513,36.5731636411928,-2.65845614753601,0.1220092,0.0217,370.0654369807745,18.592659146921278,0.8134682829,0.0470104564999999,0.0462482162,2.987281563e+42,4.8181407208729005e+41,4.4355152081754e+41,4.8129433910000005e+42,7.964923171279e+41,6.5725044716751e+41,0.8164303678,0.0551338724,0.0586719945999999,2.4837674300000004e+42,5.156706968943601e+41,3.572306786835e+41,4.0050204010000004e+42,6.3510846072842006e+41,7.323604795265601e+41
DESY3RM-246761,351.390361956858,-55.741657318003,0.20674288,0.0123,398.29201987563823,36.27146449728491,0.8645006737,0.1291887743000001,0.1363988693,9.625262725e+41,9.297729491090101e+41,7.607753298625e+41,1.566407827e+42,1.566407827e+42,1.61330369093762e+42,1.571195887,0.380542739,0.649421254,2.4291289600000004e+42,7.4880110092441e+41,8.6473149056405e+41,5.007342881e+42,1.4522936887782802e+42,2.41044480326916e+42
DESY3RM-246920,324.13631357412,0.505551673299744,0.23310013,,,,,,,,,,,,,,,,,,,,,
DESY3RM-246941,20.5689481639221,-57.6124595262564,0.29872113,,,,,,,,,,,,,,,,,,,,,
DESY3RM-247013,31.2472970720592,-6.47509124722525,0.28638723,,,,,,,,,,,,,,,,,,,,,
DESY3RM-248385,16.9813214064103,0.155141638631061,0.26046908,,,,,,,,,,,,,,,,,,,,,
DESY3RM-248670,9.94404807756362,-43.3480438590898,0.13844775,0.026,346.2188532448345,46.801526487566605,0.7390486772,0.1649528033999999,0.1065465276,1.0318165500000001e+42,2.3779974537723e+41,2.2500590743701e+41,1.626208208e+42,4.9564590678855e+41,3.2946472610043005e+41,0.3812673861,0.0744779308999999,0.3774271898,5.888011460000001e+41,3.1524039254411e+41,1.7209206942499002e+41,1.0338543210000001e+42,5.2011135932204e+41,5.219613709634101e+41
DESY3RM-248882,31.0053808167437,-6.02865189477985,0.29711515,,,,,,,,,,,,,,,,,,,,,
DESY3RM-248916,50.2322533015951,-62.6684812683637,0.22908549,,,,,,,,,,,,,,,,,,,,,
DESY3RM-248926,8.51687348961677,-2.2837075357094,0.2360693,,,,,,,,,,,,,,,,,,,,,
DESY3RM-249077,302.913674810733,-57.0267214963523,0.23844431,,,,,,,,,,,,,,,,,,,,,
DESY3RM-249086,46.6485257146755,-9.77202392028772,0.29243767,0.0661,753.2640041013276,118.60736964852113,3.356013798,0.9139085430000002,1.4609929299999995,1.050632129e+43,1.06986549124978e+42,1.3410923435088302e+42,2.8334235470000004e+43,6.68890296868752e+42,5.0801245023103006e+42,3.2477728,1.0020016109999998,1.7317436209999997,9.129820408000001e+42,8.936901236321001e+41,1.32851589527244e+42,2.426106461e+43,5.3999535228047206e+42,4.76398140382628e+42
DESY3RM-250039,33.3705607856619,-8.2205522321727,0.24002561,0.0245,462.7701201926444,49.6323933932543,1.332720755,0.2493556459999999,0.1780319329999999,1.871840768e+43,4.9583943388778305e+42,4.9132719762455705e+42,3.6438086310000004e+43,8.7564142051635e+42,1.2543146740314803e+43,1.365160049,0.310128886,0.3296130939999999,1.407455982e+43,4.18214361835952e+42,5.5423867449457003e+42,2.776325737e+43,9.217373802623691e+42,1.112752118833807e+43
DESY3RM-250091,29.8612756725296,-1.74967708275822,0.24130861,,,,,,,,,,,,,,,,,,,,,
DESY3RM-250310,349.423463650721,-55.1672883205702,0.21555558,0.0115,155.40563514430156,18.976911605136895,0.1973466293,0.0329017174,0.0365946092,1.436173966e+42,4.6181584981143e+41,1.5472018075068001e+41,5.699136008e+42,1.2421696707905101e+42,8.2564143463455e+41,1.434069558,0.2242386300000001,0.4286413959999999,1.3773145430000002e+42,2.9896485542635e+41,4.7083091698176e+41,2.7567686460000004e+42,1.1448151821139701e+42,1.05455311498905e+42
DESY3RM-250367,329.909219663027,-62.8920702475293,0.1589029,,,,,,,,,,,,,,,,,,,,,
DESY3RM-250897,54.2283317128681,-28.0766069771852,0.20997241,0.00778,746.4897115958134,27.67019666838522,2.9906943,0.1787719339999998,0.1794014270000001,3.981212726000001e+43,2.0375788490053204e+42,2.2248552111349002e+42,1.025670477e+44,5.70120521539787e+42,7.103564868719751e+42,2.972602088,0.1866933610000001,0.1876834560000002,3.5735721430000006e+43,2.2209323709499104e+42,2.43953403206707e+42,9.183523325e+43,8.54710659571067e+42,6.378519015835541e+42
DESY3RM-251382,57.8077069545096,-40.5957930393388,0.29356855,,,,,,,,,,,,,,,,,,,,,
DESY3RM-252049,52.0996464165969,-28.8715373373487,0.11403212,,,,,,,,,,,,,,,,,,,,,
DESY3RM-252110,333.670090840217,0.656708920806446,0.20856525,,,,,,,,,,,,,,,,,,,,,
DESY3RM-252199,18.868135396158,-0.0557118805241775,0.10285846,0.0306,653.4829698097338,104.51494667414563,2.101834723,0.5865902590000001,1.2276559639999998,1.8695198170000002e+42,4.7673561125375e+41,6.5294174009870005e+41,4.263335766000001e+42,1.29918187072823e+42,2.34862006733301e+42,2.157855949,0.624701913,1.481827112,1.8379558790000003e+42,2.3340916245756e+41,7.749457798120601e+41,4.229847997e+42,1.2805078111753902e+42,1.7853235296126302e+42
DESY3RM-252203,348.887093678501,-58.8314683711047,0.16321264,,,,,,,,,,,,,,,,,,,,,
DESY3RM-252317,8.5374623919203,2.27973906455833,0.106003664,0.0202,223.3911295679024,127.93639054803724,0.7712663511,0.2246974572,0.2854532769,1.501582111e+42,4.483681852712201e+41,4.079479333494601e+41,2.3943265390000002e+42,7.6116123636442e+41,5.9212992386178005e+41,1.244917543,0.6583848870999999,0.8026110849999999,1.435006069e+42,7.2919663597963e+41,6.232937104792501e+41,2.7219509410000002e+42,1.2268262025952402e+42,1.2986687412443002e+42
DESY3RM-252894,33.8221409269967,-6.29479677248766,0.2908338,,,,,,,,,,,,,,,,,,,,,
DESY3RM-253076,36.5190508005103,-2.96971519951739,0.28704357,0.0208,418.960801513917,56.12809271594893,1.189123107,0.2646178674999999,0.162757733,4.5728464620000004e+42,1.30892633495953e+42,1.12700126754125e+42,8.428228115e+42,2.82843575615294e+42,1.9435294556655203e+42,0.8302419969,0.5112310839,0.2486241920999999,1.7664921950000002e+42,1.3091772626354702e+42,4.2386331190570996e+41,2.835713359e+42,1.7360247418534702e+42,1.04202002674535e+42
DESY3RM-253108,90.4928513615263,-39.7595703855124,0.28292155,,,,,,,,,,,,,,,,,,,,,
DESY3RM-253710,33.9762530767619,-30.6602761104437,0.28551668,,,,,,,,,,,,,,,,,,,,,
DESY3RM-253780,355.809008984977,-56.643306967093,0.17789845,,,,,,,,,,,,,,,,,,,,,
DESY3RM-253814,334.33560111307,-65.0682418933259,0.29650295,,,,,,,,,,,,,,,,,,,,,
DESY3RM-253974,41.2404871683495,-52.8253775962704,0.27269435,,,,,,,,,,,,,,,,,,,,,
DESY3RM-254172,54.0356799605756,-27.8973099192414,0.2191251,,,,,,,,,,,,,,,,,,,,,
DESY3RM-254825,330.56423540075,-61.6596860962355,0.2353179,,,,,,,,,,,,,,,,,,,,,
DESY3RM-255122,325.41597675596,-44.4532829880808,0.18015786,,,,,,,,,,,,,,,,,,,,,
DESY3RM-255268,39.911387632812,-52.0927061121478,0.22524568,,,,,,,,,,,,,,,,,,,,,
DESY3RM-255549,35.8523700832565,-8.81989382562211,0.22719681,,,,,,,,,,,,,,,,,,,,,
DESY3RM-256193,351.2406774729,-52.9178990679106,0.114387915,,,,,,,,,,,,,,,,,,,,,
DESY3RM-256635,354.973287227648,-55.9988834864746,0.29499626,0.0105,593.1444068845908,30.283836272484105,1.649373183,0.1266901710000001,0.289294017,1.2355337130000003e+43,3.0813451332186e+42,1.4578255798242e+42,2.5515663770000006e+43,6.778912862895601e+42,2.9759689477304003e+42,1.837207783,0.2701402449999999,0.2803121949999998,1.2253132280000002e+43,2.06955866523983e+42,1.9369670634072504e+42,2.6233430940000003e+43,6.05939747752472e+42,1.97648889664371e+42
DESY3RM-256697,36.8107914246251,-2.59448349794259,0.27350906,,,,,,,,,,,,,,,,,,,,,
DESY3RM-257876,14.018845767596,0.523710115531319,0.20091349,,,,,,,,,,,,,,,,,,,,,
DESY3RM-258292,38.5301329896063,-43.5859164568723,0.21985886,,,,,,,,,,,,,,,,,,,,,
DESY3RM-258609,39.57515027113,-27.8856198822596,0.24129501,,,,,,,,,,,,,,,,,,,,,
DESY3RM-258912,89.3904026626231,-33.2905085741873,0.27095577,,,,,,,,,,,,,,,,,,,,,
DESY3RM-259187,44.1498353849416,-57.3708040202443,0.24290867,,,,,,,,,,,,,,,,,,,,,
DESY3RM-259193,18.622668440936,0.470216688637079,0.106846884,0.0312,201.61691463087936,48.0947975674076,0.1353068683,0.10751403183,0.4807129882,3.927708206e+40,3.927708206e+40,-3.9275654376640003e+40,7.392261644e+41,7.392261644e+41,-2.9058502745862003e+41,0.1358629146,0.126153156909,0.3589509281,3.2262440840000004e+40,3.2262440840000004e+40,-3.0376645005200004e+40,5.9869087590000006e+41,5.9869087590000006e+41,-5.986908004212e+41
DESY3RM-259552,354.439721717706,-53.5386735502638,0.25892594,,,,,,,,,,,,,,,,,,,,,
DESY3RM-259714,329.89204911247,-60.2283287911448,0.29582304,,,,,,,,,,,,,,,,,,,,,
DESY3RM-259854,353.179704844213,-56.2388648936462,0.28524566,,,,,,,,,,,,,,,,,,,,,
DESY3RM-259865,21.1803461223923,-0.503526577609396,0.23942252,,,,,,,,,,,,,,,,,,,,,
DESY3RM-259891,54.8775530882103,-53.5725283693053,0.2261626,0.0135,524.1401906127702,37.72430935452866,1.59058519,0.2207864970000002,0.2624128849999998,5.5458597300000007e+42,6.1271491950711005e+41,8.0851885854804e+41,1.146624987e+43,2.15860699155651e+42,2.5956565476255003e+42,1.622281185,0.2332667459999999,0.327425646,4.5362336840000005e+42,1.02287074921441e+42,6.3808777823086e+41,9.445007541000001e+42,1.48802755831026e+42,1.9165096729850502e+42
DESY3RM-260029,3.79255710441962,-30.4893062648685,0.2572588,,,,,,,,,,,,,,,,,,,,,
DESY3RM-260206,349.188747064303,-54.3726270301407,0.2722827,,,,,,,,,,,,,,,,,,,,,
DESY3RM-260336,60.7258985276834,-15.5902721618344,0.26766744,,,,,,,,,,,,,,,,,,,,,
DESY3RM-260804,321.848893517699,-44.2853005370974,0.1232112,,,,,,,,,,,,,,,,,,,,,
DESY3RM-261016,34.8828871316761,-7.79531378125774,0.24584483,,,,,,,,,,,,,,,,,,,,,
DESY3RM-262040,354.155972080304,-56.2955021425749,0.24268991,0.0136,399.3070089275158,62.45936260786111,1.023991836,0.1930750348,0.169075295,1.1232563980000002e+42,9.7676439508848e+41,8.599198768529401e+41,1.944190431e+42,1.3867693388825801e+42,1.48019359231023e+42,1.027027551,0.1917707210999999,0.1833968889999999,7.831230344e+41,7.831230344e+41,7.9338624722852e+41,1.3573060760000002e+42,1.3573060760000002e+42,1.94156196300154e+42
DESY3RM-262342,51.7510335919318,-28.2771531342385,0.2252648,0.00918,414.0057236238005,27.008879406041967,0.9887463567,0.1468243865999999,0.1308903582999999,1.752344431e+42,6.3576036694691e+41,5.668665768686901e+41,2.994972577e+42,7.411535767385201e+41,8.913593212779301e+41,0.964621662,0.3274665758999999,0.331072074,1.0078384610000001e+42,5.3908515503006005e+41,4.1090335002732e+41,1.7048303540000003e+42,8.928624797205701e+41,8.2419277356125e+41
DESY3RM-262814,10.9161171411279,0.225720604319849,0.2638905,,,,,,,,,,,,,,,,,,,,,
DESY3RM-263113,62.3561966970828,-28.0221905732658,0.22652012,0.0253,412.7140696576715,179.35305156244806,0.8839266541,0.2626498464,0.7130107068999999,1.9111513910000002e+42,1.44786150090374e+42,6.039180685164901e+41,3.134513075e+42,2.33874739295846e+42,1.5913265289352003e+42,0.8068193043,0.381937994,3.7637480447,1.2229798280000001e+42,7.103941048682901e+41,9.638717240462001e+41,1.9583123160000002e+42,1.5458754424088403e+42,1.2141091588438502e+42
DESY3RM-263183,342.577065357239,-45.0312939599104,0.22852041,0.0107,413.7444159823742,18.092425632304202,0.2452286759,0.0346115174999999,0.0432515648,2.7582735040000002e+42,2.7582735040000002e+42,5.703595629521771e+53,6.834834625e+42,6.834834625e+42,1.83184147850437e+54,0.2314049025,0.0210227283999999,0.0483195748999999,2.4923939430000003e+42,2.4923939430000003e+42,-4.2478692803723e+41,6.616958099000001e+42,6.616958099000001e+42,2.3586965747561e+41
DESY3RM-263224,34.0247742724867,-4.98170346571203,0.29688728,,,,,,,,,,,,,,,,,,,,,
DESY3RM-263619,334.634692271516,-0.500705798327154,0.12813677,0.0488,370.775832918843,35.950603948940476,0.8554921236,0.1423095009,0.1148532784999999,1.134375436e+42,3.9017312025854e+41,3.8354076826994e+41,1.8492248800000002e+42,8.590169135963901e+41,6.3546537885433005e+41,0.8616162741,0.1201249818999999,0.1133429263999999,6.746731402000001e+41,4.5944775750407005e+41,5.653686255987901e+41,1.1017181520000001e+42,7.0553233363772e+41,9.306785818255301e+41
DESY3RM-263825,5.73693846597179,1.26552538071169,0.15862367,0.0246,826.1474059232168,103.92304537044218,2.506558467,0.3704823269999999,0.3981530069999999,1.1121195450000001e+43,6.0209784245115006e+41,8.853103838171901e+41,2.690130721e+43,2.46482195246375e+42,2.6327547241922803e+42,2.501437952,0.3629853649999996,0.3843283880000001,1.1044119080000001e+43,6.5052028692087e+41,6.131749698378401e+41,2.669490877e+43,2.1152690526574402e+42,3.6467564872686206e+42
DESY3RM-264322,349.471486343465,0.447514406596056,0.17997819,,,,,,,,,,,,,,,,,,,,,
DESY3RM-264810,37.8194085930585,-57.620706636339,0.22941814,,,,,,,,,,,,,,,,,,,,,
DESY3RM-265996,324.373698696064,-60.7054627755733,0.25742957,0.0292,574.8297679051115,43.7090185507126,2.027791306,0.2542070460000001,0.2796024509999997,1.750389288e+43,1.52471921652725e+42,1.4566312605332702e+42,3.917865711e+43,3.76146216595942e+42,3.83185043361666e+42,0.7524168623,0.0454207966,0.0454408896999999,1.4373809900000001e+43,1.1863842497328202e+42,1.1854619290921301e+42,2.2619061080000004e+43,2.2859241623629003e+42,2.3037761682523002e+42
DESY3RM-266854,40.5836419641222,-28.7110031801751,0.24264354,,,,,,,,,,,,,,,,,,,,,
DESY3RM-267111,32.4801761686427,-5.65213678781601,0.24525404,,,,,,,,,,,,,,,,,,,,,
DESY3RM-267134,318.826007380061,-48.4828635619229,0.24716458,,,,,,,,,,,,,,,,,,,,,
DESY3RM-267894,348.734096004131,-42.6834532556414,0.26135224,0.00942,601.8656831272416,22.950059843401654,1.0202609,0.1707331953999999,0.2334899349999999,9.519933302e+43,9.519933302e+43,4.278868038311294e+50,1.648557143e+44,1.648557143e+44,1.04414981258443e+51,1.028854663,0.1857366376999999,0.291372079,1.883621151e+45,1.883621151e+45,1.0848431496725318e+52,3.2746246100000003e+45,3.2746246100000003e+45,2.1381409975622955e+52
DESY3RM-268339,7.43654578541578,-53.4543036748078,0.25326797,,,,,,,,,,,,,,,,,,,,,
DESY3RM-269027,359.769081009557,-55.2923033188501,0.2197055,0.0115,502.660467978408,46.986548360063644,1.193637452,0.135374442,0.126805475,2.6931085560000004e+42,4.6675545700225e+41,5.4294029040695e+41,4.9590431870000004e+42,8.779668270894502e+41,1.0355217499604001e+42,1.194004262,0.1360078199999999,0.1300786309999999,2.5741805420000003e+42,4.9889701042418e+41,5.717153548902401e+41,4.7406203580000007e+42,1.1530153406170001e+42,6.9878098984042e+41
DESY3RM-269333,78.2550457660521,-51.9050584163234,0.27951953,,,,,,,,,,,,,,,,,,,,,
DESY3RM-269486,22.6830364463522,0.156067702893064,0.27186972,,,,,,,,,,,,,,,,,,,,,
DESY3RM-270061,28.7259108887617,-49.6959789306005,0.29945824,,,,,,,,,,,,,,,,,,,,,
DESY3RM-270144,355.188538890858,-56.0543033814174,0.2814677,0.0103,400.3263013286124,134.91492358868814,0.0131677873,0.0131677873,6.923788082700001,1.361562643e+40,1.361562643e+40,-1.3615354008200002e+40,2.6061902900000004e+56,2.6061902900000004e+56,3.936512102963319e+60,0.2222822287,0.0388952388,0.0499615734999999,7.636417003e+42,7.636417003e+42,9.384665821662701e+41,2.0387932610000003e+43,2.0387932610000003e+43,-1.0730887188281101e+42
DESY3RM-270366,20.4234254383492,-0.129866267987392,0.28827682,0.0351,297.5018876487433,47.5943599097895,0.6825929775,0.2322269951,0.1612939025999999,1.1604589800000001e+43,3.61437411458556e+42,2.2904074318963e+42,1.7859427330000002e+43,5.642724212530271e+42,3.15008235455152e+42,0.5821608436,0.1632139697999999,0.2554826744,8.586011416000001e+42,3.32202457421932e+42,9.6902255516019e+41,1.3237144660000002e+43,5.0499018671552103e+42,4.6562035653949e+42
DESY3RM-270688,14.2472328730103,-0.143299923511987,0.27759814,0.0249,450.1025340663945,150.79047325744082,1.248092926,0.4573337745,2.490001017,5.360017873000001e+42,3.2763017872292206e+42,3.0955333835157106e+42,1.0795011660000002e+43,9.94085625532004e+42,7.952303907258182e+42,1.36647499,0.1588191439999999,0.549914005,7.315395432000001e+42,2.55768313902669e+42,3.08493598333913e+42,1.542269117e+43,4.60159006194508e+42,1.013967935246644e+43
DESY3RM-270814,10.5345766996966,-44.1625603705351,0.27569908,,,,,,,,,,,,,,,,,,,,,
DESY3RM-270833,33.6692308191244,-30.5219284967346,0.17706113,,,,,,,,,,,,,,,,,,,,,
DESY3RM-271286,29.3070091321269,-16.9235338031118,0.23364179,,,,,,,,,,,,,,,,,,,,,
DESY3RM-271751,27.077899439201,0.165901850675631,0.2036793,,,,,,,,,,,,,,,,,,,,,
DESY3RM-272031,39.9728339210936,-1.55513108158888,0.13085814,0.0289,1100.163257232107,29.10533390192601,5.555116907,0.2241263470000003,0.1548514219999992,6.856043561000001e+43,5.2125779534853005e+41,4.2834038643019004e+41,2.355108092e+44,3.1529499455116306e+42,4.47444079658825e+42,6.324453626,0.1944764870000002,0.1938041289999992,5.242058543000001e+43,4.9794287106621e+41,3.6873918491246e+41,1.9112489370000004e+44,4.03325888863502e+42,2.7634481971392302e+42
DESY3RM-272168,25.5882790083348,0.088929159396184,0.18830092,0.0275,416.53691491091456,40.022897209529766,1.09095627,0.1911898340999999,0.2359141010000001,1.898645954e+42,9.552622819852302e+41,3.5858821576610006e+41,3.3942581940000007e+42,1.63593973329485e+42,1.275991198394e+42,1.071662873,0.2873642157999999,0.2068069599999999,1.395207578e+42,5.926926297795001e+41,5.6140122091081e+41,2.474280599e+42,1.3692767230846902e+42,6.606527837888101e+41
DESY3RM-272482,0.323901580308236,-54.817294913923,0.28837013,,,,,,,,,,,,,,,,,,,,,
DESY3RM-272618,27.0183410881764,0.233682150915838,0.2042069,,,,,,,,,,,,,,,,,,,,,
DESY3RM-272682,36.2614389804546,-9.47175791472731,0.2651252,,,,,,,,,,,,,,,,,,,,,
DESY3RM-272940,41.9698612364444,-1.02931918836089,0.2829535,,,,,,,,,,,,,,,,,,,,,
DESY3RM-273226,324.405715081639,-63.191256866586,0.11893194,,,,,,,,,,,,,,,,,,,,,
DESY3RM-273488,331.318752969887,-1.91299863269575,0.11637845,0.0594,1174.4752863457184,38.79680170297889,6.140225168,0.3307177439999993,0.3283762170000006,2.63616031e+43,5.0250599073515e+41,3.8211371197515e+41,9.468746476000001e+43,2.7399857298500102e+42,3.0891552579675507e+42,6.320810709,0.4248475919999999,0.4228448499999997,2.0602088380000002e+43,4.9610421063945e+41,4.8937172726449006e+41,7.502342168000001e+43,3.9439664246243404e+42,2.80514171028173e+42
DESY3RM-273518,15.6175123424424,-55.1384374602514,0.24033405,,,,,,,,,,,,,,,,,,,,,
DESY3RM-274144,17.0218412556161,-15.9720134737989,0.20985284,0.0164,544.0015584954963,103.58784351349794,0.2377110893,0.0302282445,0.0370002885999999,7.147578117000001e+42,3.84605067611803e+42,1.7321280731312e+42,3.451516387e+43,1.9025736963751072e+43,1.030550728079194e+43,2.149504362,0.673591426,1.524490133,4.8738826150000005e+42,3.52933888359938e+42,2.21982488350551e+42,1.1756184350000002e+43,6.674291975922361e+42,6.32768522885832e+42
DESY3RM-274326,14.1694117582368,0.322843758616712,0.20152941,,,,,,,,,,,,,,,,,,,,,
DESY3RM-274354,323.173698537515,-64.9947462850066,0.2980655,,,,,,,,,,,,,,,,,,,,,
DESY3RM-274622,84.5303070110326,-20.8027001037779,0.2624904,,,,,,,,,,,,,,,,,,,,,
DESY3RM-274768,350.169564702574,-52.1292241511568,0.27443984,,,,,,,,,,,,,,,,,,,,,
DESY3RM-275098,46.4731871632296,-36.7669830988951,0.17079194,,,,,,,,,,,,,,,,,,,,,
DESY3RM-275644,48.6371612874731,-55.3409374321991,0.15831228,,,,,,,,,,,,,,,,,,,,,
DESY3RM-275698,69.8742109914498,-45.7212264262539,0.15515114,,,,,,,,,,,,,,,,,,,,,
DESY3RM-275869,35.0435651040666,-7.80415942300552,0.24516994,,,,,,,,,,,,,,,,,,,,,
DESY3RM-276321,23.4831740235822,0.241296622484051,0.27883276,,,,,,,,,,,,,,,,,,,,,
DESY3RM-276641,355.725226969976,-53.9153139944752,0.23247612,,,,,,,,,,,,,,,,,,,,,
DESY3RM-277029,17.4284421528394,-0.155718616362816,0.29218107,,,,,,,,,,,,,,,,,,,,,
DESY3RM-277276,38.5079845616254,-44.4471526333454,0.29173067,0.016,310.1648362820129,29.121080131240667,0.8574503079,0.1641482588999999,0.0951463449999999,2.006297783e+42,1.0375756504258702e+42,1.08746009860863e+42,3.242086589e+42,2.1409037863463403e+42,2.4600408076678904e+42,0.344126267,0.1085178128999999,0.3984497614,4.321227487e+41,4.321227487e+41,6.107264303515896e+45,7.774957748e+41,7.774957748e+41,1.1797116668541555e+46
DESY3RM-277560,340.322331497769,-52.4995884900669,0.21692756,0.0114,439.6409696027004,45.25718465468174,0.7623879338,0.0536869355,0.0667247952999999,3.046283929e+42,6.8739952547318006e+41,8.4542783266404e+41,4.812601082000001e+42,1.0855737704351102e+42,1.63903027025828e+42,0.7555751784,0.3316480931,0.0686465989,2.741463666e+42,8.689796788371101e+41,8.1494605964822e+41,4.3227215790000004e+42,9.425889788532402e+41,1.3531307368616801e+42
DESY3RM-277648,35.8392017300706,-8.88049449588443,0.27436924,0.0422,775.7052921584021,128.5499488775575,3.396110277,1.084334515,1.7363532609999996,1.5778126780000002e+43,3.56289801138706e+42,4.745379168683791e+42,4.299429065e+43,1.468129355645356e+43,1.340097478320633e+43,3.183917532,1.0318034480000002,1.911881102,1.350893181e+43,3.91141879177565e+42,3.562118028825221e+42,3.5786278560000005e+43,1.274024369153808e+43,1.1134539835476461e+43
DESY3RM-277692,358.926255351542,-37.7035478288889,0.15423746,,,,,,,,,,,,,,,,,,,,,
DESY3RM-277695,39.9312028384471,-1.33599246108864,0.23652679,,,,,,,,,,,,,,,,,,,,,
DESY3RM-277784,351.30508000906,-52.5362459975401,0.20769477,,,,,,,,,,,,,,,,,,,,,
DESY3RM-277792,356.695380173816,0.958735107286591,0.27955398,,,,,,,,,,,,,,,,,,,,,
DESY3RM-278360,81.3150563344382,-45.8013204715966,0.22529408,,,,,,,,,,,,,,,,,,,,,
DESY3RM-278606,93.4846158073591,-49.4393598537546,0.2956199,,,,,,,,,,,,,,,,,,,,,
DESY3RM-278711,5.66879338206419,0.159262241530439,0.28231937,,,,,,,,,,,,,,,,,,,,,
DESY3RM-278772,77.8928346289176,-45.2774498493246,0.20038332,,,,,,,,,,,,,,,,,,,,,
DESY3RM-278971,31.1443730839969,-9.55849189149398,0.25832027,0.0238,355.3152008378086,51.8159765730024,1.376428497,1.376428497,-1.376428497,1.034080672e+41,1.034080672e+41,6.750919595608901e+41,2.0432306210000005e+41,2.0432306210000005e+41,2.04710727905752e+42,1.372677525,1.372677525,-1.372677525,8.174560350000001e+40,8.174560350000001e+40,1.0499298569304677e+46,1.6139980870000002e+41,1.6139980870000002e+41,3.5387363769735405e+46
DESY3RM-279609,28.2587460489251,-49.4294444194837,0.22315022,,,,,,,,,,,,,,,,,,,,,
DESY3RM-280014,18.8780143565587,-55.251023720592,0.22189856,,,,,,,,,,,,,,,,,,,,,
DESY3RM-280413,68.2190589369306,-56.5212854297312,0.28013566,,,,,,,,,,,,,,,,,,,,,
DESY3RM-280499,52.0829060481221,-27.8776473072987,0.29990196,0.00762,293.82784568946215,38.689911098804515,0.2941763121,0.1062937788,0.1510053431999999,1.3449562910000002e+42,6.0234492704943e+41,5.7014166836812e+41,2.7062054410000005e+42,1.3739290103913202e+42,1.4353176578373803e+42,,,,,,,,,
DESY3RM-281763,313.151860428064,-61.0356925500819,0.23900826,,,,,,,,,,,,,,,,,,,,,
DESY3RM-281787,37.3372575488938,0.593867323617695,0.12569346,0.0219,680.212507424323,54.03988301768316,2.701229341,0.5143175909999997,0.5295085840000002,5.1723314920000006e+42,1.9167526313218e+41,4.8913224217315e+41,1.287735786e+43,1.7685720363814102e+42,1.0566468441820702e+42,2.724069823,0.4757089029999997,0.6434216640000003,4.9388141470000006e+42,3.4759924836972003e+41,5.5644138284044e+41,1.2336175060000001e+43,1.67662408331162e+42,2.5602265655818905e+42
DESY3RM-281880,38.2171276769393,0.720294423571953,0.27249467,0.0212,457.28129992458685,195.66308831816016,1.355451197,1.015167904,2.625055334,1.9357341690000003e+42,1.9357341690000003e+42,2.4105254931977e+42,3.7950623930000006e+42,3.7950623930000006e+42,5.73585377937339e+42,1.272133881,0.9665741711,3.357312403,1.3031704780000002e+42,1.3031704780000002e+42,2.0026123396020503e+42,2.4732981700000002e+42,2.4732981700000002e+42,4.92537115867311e+42
DESY3RM-282052,35.985421697851,-8.49959268635384,0.16784413,0.0389,485.92138674214755,55.98510934230025,0.3575265254,0.0799163558,0.2240002415,1.9529897230000002e+42,1.9140970351428603e+42,6.4355857936201005e+41,3.537373107e+42,3.0774011143625e+42,1.1082847098444e+42,0.3432239374,0.0961108929,0.2054519308,1.602496815e+42,1.602496815e+42,5.9448644621997e+41,2.962328776e+42,2.96232877207833e+42,1.3928575375380602e+42
DESY3RM-282328,57.3298668967197,-52.2953030878305,0.24330808,,,,,,,,,,,,,,,,,,,,,
DESY3RM-282953,36.7479576922014,-2.77644841264476,0.25129268,,,,,,,,,,,,,,,,,,,,,
DESY3RM-283017,20.714425118227,0.859143076286129,0.25272608,,,,,,,,,,,,,,,,,,,,,
DESY3RM-283174,331.241231686092,-50.310544922056,0.2889981,,,,,,,,,,,,,,,,,,,,,
DESY3RM-283301,30.4389228056486,-5.56692511530594,0.23765326,,,,,,,,,,,,,,,,,,,,,
DESY3RM-283504,326.804932584098,-57.4173793361652,0.22128679,,,,,,,,,,,,,,,,,,,,,
DESY3RM-284244,322.208216081352,0.085237792518274,0.13191126,0.0349,400.0820049668657,67.93690827547252,1.134314384,0.4077979196000001,0.3199949449999999,5.941179052000001e+36,5.941179052000001e+36,3.848130474387e+41,1.1530403380000002e+37,1.1530403380000002e+37,1.0093772406956601e+42,1.178273269,0.5043658485,0.8024381819999999,6.226548892e+41,4.8746285546084005e+41,2.8902969880552e+41,1.2256004280000001e+42,1.0153688034721902e+42,9.656804797743001e+41
DESY3RM-284331,34.0947852359431,-6.09451686918234,0.274909,,,,,,,,,,,,,,,,,,,,,
DESY3RM-284584,353.534848887027,-54.7328692822537,0.21844557,0.0113,516.5446997034179,106.6478612269548,1.465397335,0.2163310579999999,0.4248575489999999,4.543982188000001e+42,8.5011583264456e+41,1.53717197815294e+42,9.132651333000001e+42,2.2448270643185502e+42,4.31512591987799e+42,1.101982281,0.2991871999,0.4779534199999999,2.0057018700000002e+42,2.0057018700000002e+42,1.3419528393573702e+42,3.845168464e+42,3.845168464e+42,3.7766717248147707e+42
DESY3RM-284678,36.5324459085157,-5.31868602936172,0.1135624,,,,,,,,,,,,,,,,,,,,,
DESY3RM-285511,54.2763180750428,-27.8013592406538,0.25576606,0.00753,356.2366361560273,32.7471046813636,0.6884424859,0.3246987794,0.1795710905999999,9.514469482e+41,7.655950234422401e+41,6.7020611117181e+41,1.4713969610000003e+42,1.47139541474599e+42,9.2679752772083e+41,0.8213559168,0.2539293663999999,0.1492149609999999,4.207194339e+41,4.2071943389999004e+41,7.777718916358302e+41,6.754150705e+41,6.7541507049999e+41,1.457322659438e+42
DESY3RM-285524,21.3903711931873,0.519435802677209,0.29565173,,,,,,,,,,,,,,,,,,,,,
DESY3RM-285879,349.065328943823,-54.5842007261982,0.16447838,0.0106,245.66394022748014,137.37643562697932,0.4302412243,0.4302412243,-0.4302412243,2.075177016e+41,2.075177016e+41,-1.0435837770923002e+41,3.4289138710000003e+41,3.4289138710000003e+41,-2.5734798807667004e+41,0.4299645885,0.4299645885,-0.4299645885,2.7181285520000005e+41,2.7181285520000005e+41,-2.1200454350575005e+41,4.492618381000001e+41,4.492618381000001e+41,2.1295185121505e+41
DESY3RM-286941,353.033106048872,-55.8736113405436,0.2832578,,,,,,,,,,,,,,,,,,,,,
DESY3RM-286943,62.4739848699449,-27.7056652695053,0.21672226,,,,,,,,,,,,,,,,,,,,,
DESY3RM-287393,359.372772660807,3.54195584231782,0.26131102,,,,,,,,,,,,,,,,,,,,,
DESY3RM-287741,17.2797126124819,-64.2154596086823,0.1175852,0.027,620.8956004108462,148.15411328424844,0.4601757726,0.1927589206,1.3052231414,1.747771287e+42,1.747771287e+42,4.6310562717839e+41,3.367335717e+42,2.9967755908376504e+42,2.7612752994836502e+42,,,,,,,,,
DESY3RM-287820,30.3135749975844,-6.53653164893289,0.25056708,,,,,,,,,,,,,,,,,,,,,
DESY3RM-287838,351.575781466442,-53.0100869830622,0.17998208,,,,,,,,,,,,,,,,,,,,,
DESY3RM-288470,19.8285205541499,3.4854556825472,0.26050225,0.0307,404.16749713128206,84.65879633940354,0.8497050559,0.4087339296,-0.8497050559,2.5087799000000004e+42,2.5087799000000004e+42,1.47555617483224e+42,4.0558195130000005e+42,4.0558195118326e+42,2.6423407620543e+42,1.7248149,0.5137354489999999,24.725172540000003,1.9384240440000002e+40,1.9384240440000002e+40,5.772190232403267e+43,4.1273329280000004e+40,4.1273329280000004e+40,2.1943108966858456e+44
DESY3RM-288642,349.192704725388,1.69664722710984,0.23504917,0.045,453.16558073229504,98.82449816292852,1.353494193,0.5368415729,1.518319811,7.996308370000001e+41,7.996308370000001e+41,8.9587319433992e+41,1.564009134e+42,1.564009134e+42,1.7635397216390703e+42,0.02699982914,0.00978660849,0.00746717704,1.564434272e+41,1.564434272e+41,-1.5644342719999002e+41,2.276016177e+48,2.276016177e+48,-2.2759140858307744e+48
DESY3RM-289255,35.2259952874692,-2.6724694406238,0.2580869,,,,,,,,,,,,,,,,,,,,,
DESY3RM-289453,89.8973563430545,-52.608470546332,0.2825684,,,,,,,,,,,,,,,,,,,,,
DESY3RM-289629,29.3478745327004,-17.068017923397,0.27679658,,,,,,,,,,,,,,,,,,,,,
DESY3RM-290159,32.3694660964586,-6.10081064960494,0.2664819,,,,,,,,,,,,,,,,,,,,,
DESY3RM-290319,30.7214125568095,-20.5269664210957,0.29894567,,,,,,,,,,,,,,,,,,,,,
DESY3RM-290471,72.1577198281843,-44.6626463139537,0.2815097,0.00887,676.5400607909045,148.43847275890633,0.2639730715,0.0554329068999999,0.0901530020999999,7.114755073e+42,3.6602482175435106e+42,1.96285759166779e+42,1.5703641600000002e+43,4.4180354317250306e+42,4.864062927092911e+42,0.2163688303,0.035604086,0.0530498818,6.745207275e+42,3.61256099868581e+42,1.93979958168676e+42,1.8540710240000002e+43,7.522676530676361e+42,2.5613465203016702e+42
DESY3RM-290552,354.189267666945,-54.4707931334603,0.2050438,,,,,,,,,,,,,,,,,,,,,
DESY3RM-290579,355.644726853573,-56.0893668316533,0.22365628,,,,,,,,,,,,,,,,,,,,,
DESY3RM-290582,354.214143305849,-53.9551213411953,0.29503724,,,,,,,,,,,,,,,,,,,,,
DESY3RM-290676,31.8517402736329,-5.29462444389432,0.26814935,,,,,,,,,,,,,,,,,,,,,
DESY3RM-290851,322.7998004121,-42.8880866137972,0.29693854,,,,,,,,,,,,,,,,,,,,,
DESY3RM-291339,334.6360717101,0.236216811021901,0.29169947,,,,,,,,,,,,,,,,,,,,,
DESY3RM-291644,9.8436206395599,-43.6732026958468,0.23663074,0.0295,289.23184597048163,50.18873957160628,0.9701982287,0.1811553685,0.1768270943,4.241293085000001e+41,2.1591064262297e+41,2.189680309237e+41,7.193928651e+41,3.4639603810821005e+41,3.524050071095001e+41,0.272556412,0.1434205064,0.2245779737,1.4909379070000001e+41,1.4909379070000001e+41,2.1359809505636e+41,3.240692112e+41,3.240692112e+41,5.2491038276239004e+41
DESY3RM-292453,65.4978265007132,-38.8994925591975,0.25449473,,,,,,,,,,,,,,,,,,,,,
DESY3RM-292987,68.0289832656422,-51.9760921484591,0.223149,,,,,,,,,,,,,,,,,,,,,
DESY3RM-294558,324.630619420442,-43.688638376566,0.29469088,,,,,,,,,,,,,,,,,,,,,
DESY3RM-295178,53.7095251000537,-25.8833476327681,0.2678209,,,,,,,,,,,,,,,,,,,,,
DESY3RM-295784,37.1220868835308,-4.14653778903349,0.24341235,0.0221,261.7536504850727,50.026134512705084,0.5468296338,0.148283206,0.1901440776999999,1.6758099910000002e+42,7.9753281731732e+41,2.0643089171718e+41,2.596572215e+42,1.03844457661894e+42,7.1167125698294e+41,0.5506610866,0.1498333455,0.1890334311999999,1.643130021e+42,7.1473152522655e+41,2.5497636626171e+41,2.5456055250000005e+42,1.08595217499997e+42,5.5700067514829005e+41
DESY3RM-296141,33.634164345667,-3.85539480803547,0.25834912,,,,,,,,,,,,,,,,,,,,,
DESY3RM-296273,65.3449403346699,-41.1753313264124,0.16519971,,,,,,,,,,,,,,,,,,,,,
DESY3RM-296293,5.51614610225247,1.34724912564582,0.22887316,,,,,,,,,,,,,,,,,,,,,
DESY3RM-296460,343.526939016518,-40.8370601029694,0.20281535,,,,,,,,,,,,,,,,,,,,,
DESY3RM-296542,28.5111710389974,-48.497766791674,0.18015955,,,,,,,,,,,,,,,,,,,,,
DESY3RM-296556,352.424887410949,-55.4883352636063,0.17646115,,,,,,,,,,,,,,,,,,,,,
DESY3RM-296735,349.589190734976,-53.8878277674949,0.276723,,,,,,,,,,,,,,,,,,,,,
DESY3RM-296748,14.8155364478335,-0.528468832753841,0.16491315,,,,,,,,,,,,,,,,,,,,,
DESY3RM-296815,303.959232793058,-56.9973793259452,0.22029458,,,,,,,,,,,,,,,,,,,,,
DESY3RM-296975,53.9712163915351,-27.5491204299122,0.19176951,,,,,,,,,,,,,,,,,,,,,
DESY3RM-297478,51.0544409858325,-29.4644515846856,0.13203652,0.0155,204.5025619883676,28.432470317646356,1.835926868,0.756407463,-1.835926868,1.4275821420000002e+39,1.427582142e+39,4.7202469103327395e+45,3.1135250770000004e+39,3.1135250770000004e+39,9.05901538120658e+45,0.01832219543,0.01832219543,-0.01832219543,2.6335151540000003e+38,2.6335151540000003e+38,-2.6335151539603895e+38,1.534924663e+48,1.534924663e+48,-7.011115789934758e+46
DESY3RM-297638,35.7976978348423,-8.36056267359903,0.25064352,,,,,,,,,,,,,,,,,,,,,
DESY3RM-298095,23.3344683216108,-0.0028269754467554,0.2896899,,,,,,,,,,,,,,,,,,,,,
DESY3RM-298167,48.7865783234563,-29.3651830508696,0.2413707,,,,,,,,,,,,,,,,,,,,,
DESY3RM-298487,351.470290990679,-52.2235687359133,0.16132142,0.0126,364.0928635715181,32.984565035446394,0.940842302,0.1832209701999999,0.164692095,1.9288874740000003e+42,1.9288874740000003e+42,9.561339173834e+41,3.2441080060000006e+42,2.6351798339280904e+42,2.79428447706244e+42,0.978030463,0.1838744704999999,0.154418748,2.0929297970000003e+42,1.9455850318037305e+42,1.5550971190829302e+42,3.5757458960000006e+42,2.4242137793945403e+42,2.4222027425200204e+42
DESY3RM-298547,32.9811372860699,-4.68842269951314,0.27182215,,,,,,,,,,,,,,,,,,,,,
DESY3RM-298639,26.7816876063531,-0.236898021662208,0.26421213,,,,,,,,,,,,,,,,,,,,,
DESY3RM-299093,46.7349462529649,-15.549052243753,0.29157615,0.0345,397.68442016253283,20.93555336040296,1.083054445,0.078017121,0.0628736570000001,3.9257057130000006e+42,8.1764820337816e+41,6.5018177905815005e+41,6.959468013000001e+42,1.46482579635564e+42,1.10346589895524e+42,1.084419496,0.0986781913,0.1146021480000001,2.152681889e+42,6.246983314470101e+41,5.2520548996905e+41,3.818711257e+42,9.756698291639302e+41,8.3547423514116e+41
DESY3RM-299271,19.6452335673702,0.285632238780694,0.2700603,,,,,,,,,,,,,,,,,,,,,
DESY3RM-300552,355.190826676106,-54.1995216961176,0.23464064,,,,,,,,,,,,,,,,,,,,,
DESY3RM-300595,332.783340356164,1.66594500306852,0.29842585,,,,,,,,,,,,,,,,,,,,,
DESY3RM-300615,333.572187995679,0.547165512088371,0.28190303,,,,,,,,,,,,,,,,,,,,,
DESY3RM-300790,349.782160877192,-54.5696232810744,0.16992587,,,,,,,,,,,,,,,,,,,,,
DESY3RM-300828,52.2079226427552,-27.6241364000417,0.24640052,,,,,,,,,,,,,,,,,,,,,
DESY3RM-300856,76.1777363116432,-29.0353987965453,0.13403478,,,,,,,,,,,,,,,,,,,,,
DESY3RM-301970,24.8352299175606,-18.1574005941125,0.2875434,,,,,,,,,,,,,,,,,,,,,
DESY3RM-302111,24.3186780570596,0.0354703474155519,0.22831154,,,,,,,,,,,,,,,,,,,,,
DESY3RM-302152,26.6505399553984,-9.66380725667998,0.14606877,0.0273,474.57800144430763,46.265602293076476,1.27123626,0.2013884809999999,0.4176473519999999,1.015081767e+42,5.847623112528201e+41,5.0583321179651e+41,1.9387240260000004e+42,9.8692516559901e+41,7.2505422396426e+41,1.269223219,0.2011847529999999,0.5071141760000002,1.040613441e+42,6.482303341381501e+41,4.6710755977952e+41,1.9860114060000002e+42,7.893701751121501e+41,1.1750555625342702e+42
DESY3RM-302643,94.1421718800552,-47.846894228445,0.29747444,,,,,,,,,,,,,,,,,,,,,
DESY3RM-302664,36.8541350348752,0.832242907426764,0.2987665,,,,,,,,,,,,,,,,,,,,,
DESY3RM-302934,334.35248690021,0.634681017579166,0.23281616,,,,,,,,,,,,,,,,,,,,,
DESY3RM-303147,354.541301466471,-56.6085088008162,0.2679408,,,,,,,,,,,,,,,,,,,,,
DESY3RM-303234,40.1627739118448,-8.04114554928086,0.17003837,,,,,,,,,,,,,,,,,,,,,
DESY3RM-303445,50.2173364815312,-62.4539977892437,0.12441755,0.0197,173.32857526767796,19.37194869982846,1.725159874,0.1927035670000001,0.5577400949999998,1.3290160770000002e+42,1.8944161615945e+41,3.9947998600567e+41,2.847680215e+42,6.7163597154455e+41,1.2163958166079302e+42,1.741499844,0.2298997119999999,0.700211922,1.2347975920000001e+42,2.7493777839597003e+41,4.339851891214101e+41,2.6527975820000004e+42,5.689014997540701e+41,1.2504168766398501e+42
DESY3RM-304339,350.414918178795,-54.2654736832088,0.26037973,,,,,,,,,,,,,,,,,,,,,
DESY3RM-304393,3.46305326246149,-30.3349747080596,0.2911122,,,,,,,,,,,,,,,,,,,,,
DESY3RM-305365,352.871326329244,-55.1210310012577,0.22055598,0.0109,429.6091963464823,38.707946956259725,1.099414445,0.0986181050000001,0.1829234819999998,1.330661064e+42,9.505301316771501e+41,8.852855664599202e+41,2.380521518e+42,1.73023214647803e+42,1.4507319922077802e+42,1.179859292,0.2288930447999999,0.2520787209999999,1.3321760020000002e+42,1.3321760020000002e+42,8.335442308994801e+41,2.4430218590000002e+42,1.9240535495447202e+42,1.8527059335393804e+42
DESY3RM-305820,13.6562591009148,-37.4099278970392,0.10962673,,,,,,,,,,,,,,,,,,,,,
DESY3RM-306896,61.3585578596132,-57.2175810167881,0.10622317,,,,,,,,,,,,,,,,,,,,,
DESY3RM-307400,38.305518479376,-5.16087215076597,0.28588164,,,,,,,,,,,,,,,,,,,,,
DESY3RM-307493,23.4639889740354,0.151500706070382,0.23577888,,,,,,,,,,,,,,,,,,,,,
DESY3RM-307760,59.2330153752218,-62.7231312335943,0.101336546,,,,,,,,,,,,,,,,,,,,,
DESY3RM-308087,26.9414267943678,0.39449627048415,0.28141513,,,,,,,,,,,,,,,,,,,,,
DESY3RM-309554,352.183555217782,-0.155979286389028,0.29444447,,,,,,,,,,,,,,,,,,,,,
DESY3RM-309824,41.0095553849584,-50.1810664784555,0.1323695,,,,,,,,,,,,,,,,,,,,,
DESY3RM-309866,35.6467685212093,-3.06270478315494,0.21431766,,,,,,,,,,,,,,,,,,,,,
DESY3RM-310210,52.6568322146266,-28.8558014464055,0.29236963,0.00679,484.02521558968607,46.85728838952917,1.354643868,0.1278535349999998,0.1438133750000001,5.091300994e+42,1.00941580603109e+42,1.3404144836637701e+42,9.856849080000001e+42,1.5271079591689703e+42,2.7113821074299303e+42,1.3378604,0.138566481,0.1463493899999999,4.8665864080000007e+42,8.8346609655856e+41,1.2348185824985e+42,9.362084329000001e+42,2.00945619657022e+42,3.0504431054814004e+42
DESY3RM-310469,15.8511688749588,-22.2585980206697,0.14321576,,,,,,,,,,,,,,,,,,,,,
DESY3RM-312287,16.9483084807433,-0.401621847164551,0.27993459,,,,,,,,,,,,,,,,,,,,,
DESY3RM-313549,358.521921624769,-51.9720903991096,0.25927904,,,,,,,,,,,,,,,,,,,,,
DESY3RM-313677,19.8011894799472,-27.0207882520137,0.23333643,,,,,,,,,,,,,,,,,,,,,
DESY3RM-314398,20.600997057467,-28.1560673825056,0.27380258,,,,,,,,,,,,,,,,,,,,,
DESY3RM-314905,52.5107157261374,-28.6545887171756,0.2829686,,,,,,,,,,,,,,,,,,,,,
DESY3RM-314949,52.7420748073033,-28.3964010340351,0.28435206,,,,,,,,,,,,,,,,,,,,,
DESY3RM-315004,29.2073031734141,0.411763056471898,0.27446198,,,,,,,,,,,,,,,,,,,,,
DESY3RM-315801,324.261728913098,0.20228152625033,0.13965939,,,,,,,,,,,,,,,,,,,,,
DESY3RM-316717,333.823270052976,0.886193417914825,0.22634412,,,,,,,,,,,,,,,,,,,,,
DESY3RM-318357,97.556028652264,-54.6293581266884,0.29500857,,,,,,,,,,,,,,,,,,,,,
DESY3RM-318368,92.4952149554499,-35.8645960055328,0.2708482,,,,,,,,,,,,,,,,,,,,,
DESY3RM-318659,32.7281290763562,-51.0564861701444,0.27210268,,,,,,,,,,,,,,,,,,,,,
DESY3RM-318697,324.294249092766,-43.5667242951492,0.16479194,,,,,,,,,,,,,,,,,,,,,
DESY3RM-318788,348.257651903353,-54.4883286669506,0.21564113,,,,,,,,,,,,,,,,,,,,,
DESY3RM-319899,0.829409550020309,-35.9231482351643,0.1492226,0.0116,725.510867570905,12.569085372338767,2.717131744,0.0169834770000001,0.0100449139999998,1.866198329e+44,6.8361109408739005e+41,5.3277697146788005e+41,4.653196290000001e+44,2.4758049570901103e+42,2.26347158823372e+42,2.716043053,0.0176351079999999,0.0110945149999999,1.7647242010000001e+44,6.419412611889101e+41,6.063153100499e+41,4.3994943530000004e+44,2.34460037457832e+42,2.18472552947819e+42
DESY3RM-320196,5.15112686219959,-48.476874361456,0.29935607,,,,,,,,,,,,,,,,,,,,,
DESY3RM-320212,48.8088883073735,-29.3830437232094,0.101301074,,,,,,,,,,,,,,,,,,,,,
DESY3RM-320257,27.5990867000939,-44.6744936995922,0.22286062,,,,,,,,,,,,,,,,,,,,,
DESY3RM-320292,352.424843784954,-0.417388162800137,0.2871369,,,,,,,,,,,,,,,,,,,,,
DESY3RM-320464,51.4557454908169,-21.1591282792712,0.1843629,0.022,192.4506690194945,18.089902519416512,0.2725178559,0.0402311250999999,0.074552493,1.2616719520000001e+42,1.2616719520000001e+42,-1.0614493676413e+41,4.4354872320000003e+42,4.4354872320000003e+42,-2.6992044362059004e+41,0.272921344,0.0434516468,0.0746884763999999,1.1870662810000002e+41,1.1870662810000002e+41,1.4088416561831e+41,2.604643844e+41,2.604643844e+41,2.1060769264316003e+41
DESY3RM-320474,37.1174356522059,0.700802352229142,0.1750764,0.0229,149.12546681971364,46.79192063476023,0.1786367016,0.064837179,0.0503329988,2.83071606e+41,1.6423224662444e+41,7.602041569736001e+40,1.610454388e+42,9.244530867969e+41,4.3964134571179005e+41,1.084389319,0.2812679335,0.657920992,2.840033327e+40,2.840033327e+40,2.292751681549563e+45,5.093341397000001e+40,5.093341397000001e+40,4.925710782598553e+45
DESY3RM-320861,35.0592446201645,-5.3883731819445,0.29102156,,,,,,,,,,,,,,,,,,,,,
DESY3RM-321229,36.1311203287933,-47.086867987724,0.13482614,,,,,,,,,,,,,,,,,,,,,
DESY3RM-321290,85.4103927344829,-40.7164467585938,0.29374,,,,,,,,,,,,,,,,,,,,,
DESY3RM-321415,35.4503769526732,-5.23314305585572,0.26303944,,,,,,,,,,,,,,,,,,,,,
DESY3RM-321468,34.4797952530163,-5.44803321333254,0.25249827,0.0204,328.3986142323976,35.29901073639293,0.7534341194,0.0907321079,0.0877340835999999,1.9487755950000003e+42,3.2603589301718e+41,2.9799006911503004e+41,3.066065678e+42,4.488968797220401e+41,5.721027249631901e+41,0.6963806538,0.1154310251,0.1028068395,1.680957303e+42,3.0592756797211e+41,3.296330443512e+41,2.602526111e+42,5.2228067848214e+41,3.1520667244931003e+41
DESY3RM-321561,57.7800529218536,-40.3274972405462,0.29776037,0.0245,515.0077445284984,73.80518976135322,1.704945068,0.5742939950000001,0.6367783659999999,4.9486338240000004e+42,3.54791098361894e+42,2.7293375827654803e+42,1.115800137e+43,5.5424687858023904e+42,7.25763290490038e+42,1.718876379,0.4783544229999998,1.018363229,3.626921018e+42,3.1564340128273406e+42,1.2942179257154502e+42,8.202918610000001e+42,5.698579472964991e+42,5.1494796064312904e+42
DESY3RM-322012,45.8439260308107,-12.1796616281881,0.1864377,,,,,,,,,,,,,,,,,,,,,
DESY3RM-322118,31.8816022620077,2.78805285342652,0.2779365,,,,,,,,,,,,,,,,,,,,,
DESY3RM-322338,356.984520181646,-55.0359261609624,0.13024645,,,,,,,,,,,,,,,,,,,,,
DESY3RM-323046,357.204347213018,-53.3051993170282,0.17231515,,,,,,,,,,,,,,,,,,,,,
DESY3RM-324005,324.242822469285,-60.7536677835248,0.27666542,,,,,,,,,,,,,,,,,,,,,
DESY3RM-324045,23.0134900265288,-39.9997916133909,0.23093152,0.0158,507.9637715212839,49.43795014002891,1.385240654,0.135333551,0.4345643510000001,2.4895595510000002e+42,1.4217263248036102e+42,1.43184256471314e+42,5.2695050430000003e+42,3.782408227942511e+42,4.2475073394254207e+42,1.369451829,0.1543478679999999,0.357417326,2.4107451240000002e+42,1.2461725063000101e+42,1.73451559230873e+42,5.0876599040000005e+42,3.2076930428622806e+42,3.05690607159252e+42
DESY3RM-324078,36.644170474665,-5.51284027935716,0.29059735,,,,,,,,,,,,,,,,,,,,,
DESY3RM-324231,326.357897406621,-57.2405052281235,0.28237027,,,,,,,,,,,,,,,,,,,,,
DESY3RM-324775,35.171493610226,-8.66300825254302,0.122950695,,,,,,,,,,,,,,,,,,,,,
DESY3RM-324855,348.729933907367,-54.9342327536894,0.2529198,,,,,,,,,,,,,,,,,,,,,
DESY3RM-325044,348.901783257551,-59.051913734751,0.17250887,,,,,,,,,,,,,,,,,,,,,
DESY3RM-325616,34.3732003044893,-4.20787669408845,0.29371443,0.0197,451.89033000897643,37.43727740913118,1.493227115,0.1983122779999999,0.3630952889999999,3.6287243830000006e+42,1.75944782102001e+42,1.53765463583209e+42,7.246222031000001e+42,4.6226885101583806e+42,3.68972625236016e+42,1.376221513,0.097179179,0.3130124359999999,8.165597499e+41,5.4471432238802e+41,3.901085119765e+41,1.5923936820000003e+42,1.2982308095995401e+42,6.8933346967403004e+41
DESY3RM-325769,318.453193679315,-58.7794038973862,0.28558806,,,,,,,,,,,,,,,,,,,,,
DESY3RM-325865,50.8002085494454,-49.52435083088,0.11001557,0.0118,741.4505064131802,13.22365770354059,2.725973981,0.027149864,0.03292362,2.2008684170000002e+43,3.0784531761743003e+41,3.4013637159829003e+41,5.503275180000001e+43,1.1870747303043601e+42,1.5585473301137903e+42,3.371450018,0.2515327200000001,0.2124019050000001,1.136051585e+43,3.3345201296804004e+41,1.7648863617088e+41,3.0974565290000003e+43,1.3122477470342302e+42,1.3145403832481802e+42
DESY3RM-326020,29.5968629576591,-21.7654760999185,0.115234345,,,,,,,,,,,,,,,,,,,,,
DESY3RM-326397,323.642660713573,-48.9804025463689,0.28831896,,,,,,,,,,,,,,,,,,,,,
DESY3RM-327182,36.3354887054762,-47.3531991659747,0.27181283,,,,,,,,,,,,,,,,,,,,,
DESY3RM-327768,81.3134260645398,-46.1732798958546,0.23474766,,,,,,,,,,,,,,,,,,,,,
DESY3RM-328730,50.7905307222575,-49.3649660352991,0.104827076,,,,,,,,,,,,,,,,,,,,,
DESY3RM-329036,9.79174207637676,0.991751085667929,0.29697695,0.0186,456.1848319114456,31.7478580083967,1.405911736,0.2444009649999998,0.637870905,3.135749569e+42,7.501354526090201e+41,1.0460159831433202e+42,6.146233228000001e+42,1.6680599677762502e+42,2.6819421783713204e+42,1.55896784,0.3475298369999999,0.929837701,3.1816426270000006e+42,8.491404341373e+41,1.07256291192402e+42,6.437594812e+42,2.6427816059653303e+42,1.98413950807724e+42
DESY3RM-329587,33.3831744920892,-5.60118327520554,0.2915951,,,,,,,,,,,,,,,,,,,,,
DESY3RM-329620,34.4931284148849,-0.734776124944289,0.23164076,,,,,,,,,,,,,,,,,,,,,
DESY3RM-329703,348.62133053264,-59.1103267102546,0.17735244,0.015,983.0079547285037,267.33901275592467,,,,,,,,,,0.06537178422,0.02197866861,0.0470308076799999,3.089104988e+42,3.08910498799999e+42,7.172314642586271e+54,4.354759704e+45,4.354759704e+45,5.306660004237032e+58
DESY3RM-329743,16.7072619824216,0.68558215137284,0.2950139,0.0253,397.4716987918671,31.54541843498665,1.08913699,0.1426119157000001,0.292166154,6.022166598e+42,2.6570815822967504e+42,2.4727588771922104e+42,1.070680037e+43,4.1154257852833404e+42,3.8444790136443605e+42,,,,,,,,,
DESY3RM-330001,323.103767897364,-65.1139800218751,0.11759482,0.0298,77.6589924526582,44.83756394012451,,,,,,,,,,,,,,,,,,
DESY3RM-330144,16.4842003492604,-0.608944875655448,0.25410864,,,,,,,,,,,,,,,,,,,,,
DESY3RM-330726,308.337540486192,-56.5027145767778,0.20493534,,,,,,,,,,,,,,,,,,,,,
DESY3RM-330990,318.900718329634,-43.5295539614076,0.10658788,,,,,,,,,,,,,,,,,,,,,
DESY3RM-331892,17.1270882198172,0.0058446335799296,0.29153818,,,,,,,,,,,,,,,,,,,,,
DESY3RM-332344,75.2445829067986,-38.8569018795022,0.16720125,,,,,,,,,,,,,,,,,,,,,
DESY3RM-332998,43.6161412429206,-58.9400740038171,0.29671118,0.019,1123.950210982593,19.542688877376666,6.729706286,0.1337298200000001,0.2158620080000002,2.74851711e+44,4.6906014658277606e+42,5.0178854055842304e+42,1.042204789e+45,2.108696548184356e+43,2.1050114662081282e+43,6.762390347,0.1399439799999999,0.303472986,2.573348028e+44,3.89882609191558e+42,4.88356714073843e+42,9.783218566000001e+44,2.149368610632953e+43,1.6849854395289432e+43
DESY3RM-333001,352.942215735877,0.0691011787141615,0.29742685,,,,,,,,,,,,,,,,,,,,,
DESY3RM-333107,32.1804027663285,-7.03813410877669,0.25201926,,,,,,,,,,,,,,,,,,,,,
DESY3RM-333909,328.373538380764,-1.38217540608091,0.21468084,,,,,,,,,,,,,,,,,,,,,
DESY3RM-335426,14.8666012759429,-0.227704275444402,0.23247142,,,,,,,,,,,,,,,,,,,,,
DESY3RM-335758,40.3570203202514,-52.8592149066238,0.2940781,,,,,,,,,,,,,,,,,,,,,
DESY3RM-335771,17.6509181094448,-0.468345702969908,0.11832445,,,,,,,,,,,,,,,,,,,,,
DESY3RM-335821,35.440696601304,-4.50512907587382,0.20782867,,,,,,,,,,,,,,,,,,,,,
DESY3RM-336238,77.9394297217442,-44.8580368123268,0.20679109,0.0215,478.9387361131125,36.243957394851655,0.2625946236,0.04552821,0.0740053753999999,7.627054143000001e+42,2.7855227360060903e+42,1.71471872516824e+42,2.9637162950000005e+43,7.90532613258045e+42,9.483761506982801e+42,0.2586492272,0.0523306890999999,0.0791838053,6.846810108e+42,2.24000279905456e+42,2.0380992842552603e+42,2.7586171e+43,9.839693386460352e+42,7.302436965264881e+42
DESY3RM-336534,324.571767626942,-54.5574823418505,0.26996517,,,,,,,,,,,,,,,,,,,,,
DESY3RM-337052,324.605271891706,-63.2197118155189,0.13070765,,,,,,,,,,,,,,,,,,,,,
DESY3RM-337159,81.6739937116466,-47.2083008945358,0.25088894,,,,,,,,,,,,,,,,,,,,,
DESY3RM-337171,69.8575558238117,-20.8542182598097,0.2057048,,,,,,,,,,,,,,,,,,,,,
DESY3RM-337472,350.298362088685,-53.2258977131025,0.16580008,,,,,,,,,,,,,,,,,,,,,
DESY3RM-338223,34.0996594141148,-3.39888328946163,0.29280955,,,,,,,,,,,,,,,,,,,,,
DESY3RM-339096,39.952095249058,-1.56109770124935,0.22845674,0.029,1067.2130441042948,19.141950349763388,5.759382057,0.1336156949999996,0.1336290729999998,1.7339555740000003e+44,1.1131353570795601e+42,1.20226944198372e+42,6.073374682e+44,8.96575481132632e+42,6.08009322649785e+42,5.732648342,0.1380882840000001,0.1381060930000002,1.6442880390000002e+44,1.2276847738684001e+42,9.4253389382049e+41,5.746845393000001e+44,7.352624055475741e+42,7.524343339060991e+42
DESY3RM-339445,38.8270982580981,-29.8353426181119,0.122270174,0.0144,497.7977562762715,284.09787567082316,1.357849916,0.6113111193999999,2.1325800270000004,3.060743681e+42,3.060743681e+42,3.3227065598550705e+42,6.054991532000001e+42,6.054991532000001e+42,8.640329995928921e+42,1.364983046,0.5909464764000001,1.433493719,3.613269258e+42,3.613269258e+42,3.79585742175328e+42,7.169287194e+42,7.169287194e+42,1.0673728082153771e+43
DESY3RM-340000,37.0780517639856,-3.03026507292739,0.2919774,,,,,,,,,,,,,,,,,,,,,
DESY3RM-341210,29.1043245468381,-0.918870171341047,0.25040597,0.0278,528.6351479602605,301.5989381319723,1.716993615,1.716993615,-1.716993615,4.0412096740000004e+42,4.0412096740000004e+42,6.559475160847371e+42,8.591345302000001e+42,8.591345302000001e+42,2.307672144478436e+43,1.707043521,1.707043521,-1.707043521,4.530629789e+42,4.530629789e+42,6.549014261503131e+42,9.609418354e+42,9.609418354e+42,2.7115124276734685e+43
DESY3RM-341690,80.3996595913766,-36.5542849781794,0.14662251,,,,,,,,,,,,,,,,,,,,,
DESY3RM-341870,50.9404267383872,-57.8452950664325,0.1875979,,,,,,,,,,,,,,,,,,,,,
DESY3RM-342019,318.945306664746,-59.6680326739857,0.26369703,,,,,,,,,,,,,,,,,,,,,
DESY3RM-342067,80.8078636778876,-48.2499987433736,0.11362127,0.0288,632.0709399341943,21.013839627908556,0.2583445418,0.0242346669999999,0.0241981316,6.183850915e+42,1.2512174126318101e+42,8.8480340538047e+41,2.4757058760000003e+43,2.9311057500668704e+42,4.73508491997063e+42,0.2575271999,0.0257547388999999,0.0249379529,4.7891011e+38,4.7891011e+38,3.936334107780505e+43,1.1908639770000001e+39,1.1908639770000003e+39,1.0027442689573637e+44
DESY3RM-342348,8.6224594473378,-43.7880725453589,0.2143251,0.028,415.79961214008944,37.263162393585034,1.083135548,0.1470697076,0.2156878229999999,1.404109894e+42,6.500187530378001e+41,4.0681144178267e+41,2.5082171960000003e+42,1.1566989576118101e+42,9.6220357125772e+41,1.088868698,0.2455628335999999,1.195668995,4.7901066770000005e+41,4.7901066770000005e+41,4.2449267091577006e+41,8.57406077e+41,8.57406077e+41,1.1950500734574901e+42
DESY3RM-342561,27.9018618360152,-8.88977799827861,0.27784127,,,,,,,,,,,,,,,,,,,,,
DESY3RM-342961,51.7104967581534,-28.7251825119579,0.24877286,,,,,,,,,,,,,,,,,,,,,
DESY3RM-343245,54.6343483997525,-35.7049357510384,0.18388662,0.0141,443.6054193992542,21.59312900014544,1.191819455,0.0782721830000001,0.0663771979999998,3.316132389e+42,3.4067322366132004e+41,3.469674625202e+41,6.149937538000001e+42,6.0908861719797e+41,5.7367370690619005e+41,1.166115164,0.083772395,0.071486592,3.175775844e+42,3.3978927790305003e+41,2.9122986837779003e+41,5.839994478e+42,9.213486324319902e+41,6.7610229565231005e+41
DESY3RM-343701,71.8615314336137,-20.5615064383404,0.2554213,,,,,,,,,,,,,,,,,,,,,
DESY3RM-343749,27.417049435424,0.1337229879771,0.2645046,,,,,,,,,,,,,,,,,,,,,
DESY3RM-343751,33.1719296831037,-9.51598978480286,0.1515393,,,,,,,,,,,,,,,,,,,,,
DESY3RM-344383,10.7379329544597,0.979726260457112,0.28867248,,,,,,,,,,,,,,,,,,,,,
DESY3RM-344391,354.867199510803,-52.6557477010302,0.23408419,,,,,,,,,,,,,,,,,,,,,
DESY3RM-344482,30.1491326150929,-5.25786650657289,0.22812544,,,,,,,,,,,,,,,,,,,,,
DESY3RM-344616,8.93643161269127,-27.4993119125567,0.25357065,0.0129,497.33344919933177,37.26864902429236,1.534448238,0.1776532179999999,0.1584293139999999,1.268533406e+43,1.52625928258056e+42,1.69139759223925e+42,2.588577149e+43,4.46265770733508e+42,3.8949253966111503e+42,1.457528086,0.2094316039999999,0.206178146,9.173485698000001e+42,1.64459991285822e+42,1.61279371661395e+42,1.8418019340000002e+43,3.0183780587266503e+42,3.64677165236533e+42
DESY3RM-344673,37.4692682971,-5.18307128632409,0.20623654,0.0238,460.35504412426485,21.311055894522383,1.575097012,0.174735966,0.1878133389999998,5.430826805e+42,9.9676405545082e+41,6.403941675046301e+41,1.1206261620000002e+43,1.73611685973168e+42,1.88996897297684e+42,0.0430130313,0.0073918516499999,0.00147048614,9.287333921e+38,9.287333921e+38,2.5453370053245e+41,2.992939777e+43,2.992939777e+43,9.59846533089998e+45
DESY3RM-344928,354.238964652026,-53.4080939170517,0.27413732,,,,,,,,,,,,,,,,,,,,,
DESY3RM-345299,84.5876770597224,-20.7167153578599,0.25701618,,,,,,,,,,,,,,,,,,,,,
DESY3RM-345372,54.4592694413901,-35.3031073364599,0.25300786,,,,,,,,,,,,,,,,,,,,,
DESY3RM-345409,351.72405020128,-2.0371378868001,0.16573891,0.0449,899.3502049947087,365.23829398078857,0.5509044141,0.2900167657,0.2819965606,6.453949265000001e+40,6.453949265000001e+40,4.047763909407151e+42,1.005279665e+41,1.005279665e+41,5.870111283418871e+42,,,,,,,,,
DESY3RM-345413,30.73981196935,-5.65069952520054,0.2516303,0.021,357.3882425209469,65.19877171957205,1.375526,0.212597348,0.8446236989999998,1.439771317e+42,1.439771317e+42,2.5784283673088704e+42,3.040468816e+42,3.040468816e+42,5.46043848842272e+42,0.7240500481,0.3834935336999999,3.2653468029,6.060012950000001e+37,6.060012950000001e+37,8.075578152978801e+41,9.456740637000001e+37,9.456740637000001e+37,1.2708708452913202e+42
DESY3RM-345608,25.4630490921337,-0.452682337387108,0.22873515,,,,,,,,,,,,,,,,,,,,,
DESY3RM-345865,37.8190489164355,-4.06516173694337,0.2237597,,,,,,,,,,,,,,,,,,,,,
DESY3RM-346082,76.669190746838,-28.4585799553885,0.28796205,,,,,,,,,,,,,,,,,,,,,
DESY3RM-346399,38.1422518337005,-5.38550467514702,0.2621834,0.0216,599.9835449690904,97.09729592106973,0.1075411053,0.04894658279,0.0498469743999999,3.701405173e+41,3.701405173e+41,8.8918975744916e+41,1.6482554460000004e+43,1.6482554460000004e+43,2.7256832968253823e+43,0.09035542879,0.03244923649,0.04976048151,1.924179603e+38,1.924179603e+38,2.9245589290044487e+43,1.9344482330000002e+40,1.9344482330000002e+40,2.419967281003213e+45
DESY3RM-346525,348.937397186066,-56.2191480611736,0.25111774,,,,,,,,,,,,,,,,,,,,,
DESY3RM-346586,69.7577647661187,-45.6205196725836,0.23990373,,,,,,,,,,,,,,,,,,,,,
DESY3RM-346727,11.2644308945759,-1.65997510194073,0.23744883,0.0275,360.8127192412587,33.83995723416829,1.018843307,0.219283089,0.2888036419999999,1.82200953e+42,1.82200953e+42,-3.1633596359899006e+41,3.37920361e+42,3.37920361e+42,-9.932988236366e+40,1.169160312,0.3647022222,0.385588756,1.695537276e+42,1.695537276e+42,-1.695537276e+42,3.326433984e+42,3.326433984e+42,-2.0605469043437904e+42
DESY3RM-346996,30.5791010717735,-6.98897963331696,0.23382755,0.02,456.12414304531274,24.085852368735523,1.281348603,0.095883106,0.0797741419999999,5.443880496000001e+42,7.1993899231696e+41,6.7052240745377e+41,1.03453741e+43,1.84283188787629e+42,1.60639888048517e+42,1.617605957,0.178841886,0.2824137969999998,4.6790781080000006e+42,9.9963708802409e+41,5.2626660792141e+41,9.688971054000002e+42,1.89192967571117e+42,1.9504179836648004e+42
DESY3RM-347034,312.877885564999,-52.9312829472514,0.22733276,,,,,,,,,,,,,,,,,,,,,
DESY3RM-347722,355.523376480573,-54.048554549709,0.19416545,,,,,,,,,,,,,,,,,,,,,
DESY3RM-348431,323.913401309635,-1.18541249324888,0.23064515,,,,,,,,,,,,,,,,,,,,,
DESY3RM-348760,34.5480243764269,-3.35745761539409,0.25718203,,,,,,,,,,,,,,,,,,,,,
DESY3RM-350048,37.2363585606974,-5.08985244227958,0.24625453,,,,,,,,,,,,,,,,,,,,,
DESY3RM-350522,28.619894741169,-48.5300968719626,0.29975006,,,,,,,,,,,,,,,,,,,,,
DESY3RM-351481,342.765683560312,1.22680289607568,0.21629053,,,,,,,,,,,,,,,,,,,,,
DESY3RM-351981,39.3945163976542,-52.2351078611818,0.28592262,0.0264,314.35100751723377,43.29115308466953,0.2068341122,0.0572560175,0.1009606649,2.8554324960000005e+24,2.8554324960000005e+24,-2.8554324960000005e+24,8.831763710000001e+24,8.831763710000001e+24,-8.831763710000001e+24,0.193664182,0.0527384894999999,0.1116322025,1.386966933e+18,1.386966933e+18,-1.386966933e+18,4.978239356000001e+18,4.978239356000001e+18,-4.978239356000001e+18
DESY3RM-352290,324.313909075583,-60.6191204908734,0.11392915,0.029,593.8922091944806,17.990795609790645,0.3035934098,0.0053034069999999,0.0054760114999999,1.5287797830000001e+43,3.837792504183701e+41,4.1837220686866004e+41,3.1649920640000006e+43,9.778036807653902e+41,8.308095266684802e+41,1.860097151,0.0661316519999999,0.065152694,1.7842359740000001e+43,4.1881430308098005e+41,4.7035524077898e+41,3.9103137610000003e+43,1.6181522419659802e+42,9.2625767179189e+41
DESY3RM-352326,15.9955841515474,-0.178230697637185,0.27469254,,,,,,,,,,,,,,,,,,,,,
DESY3RM-352415,32.7148826883012,-3.97184969915564,0.2617918,,,,,,,,,,,,,,,,,,,,,
DESY3RM-352591,40.5810274973226,-28.8112922113196,0.29043323,,,,,,,,,,,,,,,,,,,,,
DESY3RM-352677,14.3304123725965,-27.425734555483,0.29804432,,,,,,,,,,,,,,,,,,,,,
DESY3RM-352720,356.365015513658,-42.5214067705765,0.24247432,,,,,,,,,,,,,,,,,,,,,
DESY3RM-352871,54.8597293339396,-34.864852919711,0.11261007,,,,,,,,,,,,,,,,,,,,,
DESY3RM-352933,351.402553538524,-52.9570687143571,0.173653,,,,,,,,,,,,,,,,,,,,,
DESY3RM-353706,51.1100889504655,-49.4743143177059,0.26670262,0.0113,525.3335033404602,215.1941485542113,0.6852136094,0.1591752592999999,0.2979119629,2.930919726e+42,2.71552875610896e+42,4.1204276486477006e+41,4.932822358e+42,2.47622637947581e+42,2.20945514408879e+42,1.721497539,1.3587837438,2.341760051,2.09706996e+42,2.09706996e+42,1.59673514661639e+42,4.7515107490000006e+42,3.5825482868114004e+42,6.139704225762921e+42
DESY3RM-353963,33.0844375732129,-24.5709275780225,0.25673983,,,,,,,,,,,,,,,,,,,,,
DESY3RM-354166,8.59922360622381,-1.96317125235043,0.22348388,,,,,,,,,,,,,,,,,,,,,
DESY3RM-354635,59.9255020142012,-54.8636427100568,0.19394054,,,,,,,,,,,,,,,,,,,,,
DESY3RM-354660,58.2111181498512,-54.836893897809,0.18813205,0.0121,481.93292041501275,28.19940898150498,0.2539278604,0.0328179837999999,0.0415773891,7.950973039e+41,5.2556456168409e+41,4.4800798410488e+41,1.907339272e+42,7.397397794744e+41,1.3028883253139501e+42,0.2548691411,0.0322135200999999,0.0399635473,7.715734226e+41,3.9466133294133e+41,4.452963441685601e+41,1.841855512e+42,1.05292830362186e+42,9.6647065888104e+41
DESY3RM-354760,81.378348039833,-31.4024583529513,0.14739126,,,,,,,,,,,,,,,,,,,,,
DESY3RM-355224,354.757315560112,-54.0268977801098,0.23876132,,,,,,,,,,,,,,,,,,,,,
DESY3RM-355298,26.4533838418539,0.175113334753703,0.28990722,,,,,,,,,,,,,,,,,,,,,
DESY3RM-355802,1.1480118807003,2.03134848221995,0.24930394,,,,,,,,,,,,,,,,,,,,,
DESY3RM-355962,61.3445804643525,-43.6375744525029,0.14434129,,,,,,,,,,,,,,,,,,,,,
DESY3RM-356471,38.6485182544759,-43.9204380777693,0.16833709,,,,,,,,,,,,,,,,,,,,,
DESY3RM-356664,354.010407369743,-54.9001355220148,0.2593454,,,,,,,,,,,,,,,,,,,,,
DESY3RM-357041,14.403977700787,-0.152289131985086,0.2752203,,,,,,,,,,,,,,,,,,,,,
DESY3RM-357480,31.2382863757683,-2.76187437618217,0.28082806,,,,,,,,,,,,,,,,,,,,,
DESY3RM-358077,17.9922565753921,0.164908519293192,0.2737482,,,,,,,,,,,,,,,,,,,,,
DESY3RM-358252,53.2645781570775,-49.8366585180315,0.12972957,,,,,,,,,,,,,,,,,,,,,
DESY3RM-358446,303.496479500964,-57.0497259804811,0.11508329,0.0414,202.21039906384738,19.297129069325365,0.310761767,0.0523255565,0.4149095727999999,2.0697335610000003e+41,2.0697335610000003e+41,-2.0697335610000003e+41,4.193567945e+41,4.193567945e+41,-4.193567945e+41,0.3009160019,0.0458155429,0.3403547137,2.1108047120000005e+41,2.1108047120000005e+41,-2.1108047120000005e+41,4.391376767e+41,4.391376767e+41,-4.391376767e+41
DESY3RM-358553,322.597831038185,0.778443405871948,0.17181866,,,,,,,,,,,,,,,,,,,,,
DESY3RM-359273,42.8767241238733,-0.336322562421275,0.1310668,,,,,,,,,,,,,,,,,,,,,
DESY3RM-359364,19.9813292533027,-34.0518839611625,0.2920309,,,,,,,,,,,,,,,,,,,,,
DESY3RM-359477,21.3568368205831,-0.133402857902699,0.2655413,,,,,,,,,,,,,,,,,,,,,
DESY3RM-360933,358.432430278363,-37.5912643438372,0.25350255,,,,,,,,,,,,,,,,,,,,,
DESY3RM-361014,354.562406994192,-56.2466670791062,0.26326624,,,,,,,,,,,,,,,,,,,,,
DESY3RM-361516,35.4056576832612,-4.44239789262488,0.26219535,,,,,,,,,,,,,,,,,,,,,
DESY3RM-361617,72.5182913718761,-44.4608658237407,0.27382195,,,,,,,,,,,,,,,,,,,,,
DESY3RM-361734,32.2763992313752,-4.48793595372301,0.25247738,,,,,,,,,,,,,,,,,,,,,
DESY3RM-361795,55.9289748715994,-54.8385867899833,0.2675465,,,,,,,,,,,,,,,,,,,,,
DESY3RM-362775,37.5228593758816,-5.68317032650614,0.18932106,,,,,,,,,,,,,,,,,,,,,
DESY3RM-362998,356.668064317442,-2.18403084975877,0.23403572,0.0336,536.1670197393365,98.33658065761593,1.722129708,0.5510815069999999,-1.722129708,1.805138445e+42,1.805138445e+42,2.2225962239422302e+42,4.089171578e+42,3.9937037737674904e+42,1.022086196154131e+43,1.731576103,0.6246994080000001,-1.731576103,2.244303724e+37,2.2443037240000007e+37,1.2002328000470098e+46,4.767109889000001e+37,4.767109889000001e+37,3.1671470609848304e+46
DESY3RM-364533,352.7795272363,-53.7333998008897,0.24122559,,,,,,,,,,,,,,,,,,,,,
DESY3RM-364678,14.8178377428183,-0.266611172720909,0.27864987,,,,,,,,,,,,,,,,,,,,,
DESY3RM-364925,34.1053944132234,-7.2716293137765,0.2530588,,,,,,,,,,,,,,,,,,,,,
DESY3RM-365307,51.5893696837124,-15.3120582977589,0.26402953,0.0407,211.42295881441936,121.06264544393619,0.3476796088,0.3476796088,1.2313265722,9.822443194e+41,9.822443194e+41,-9.822443194e+41,2.3915285360000002e+42,2.3915285360000002e+42,4.909594803430147e+43,0.4264184709,0.4264184709,1.1491919461,9.206544579e+41,9.206544579e+41,-9.206544579e+41,1.8478253560000002e+42,1.8478253560000002e+42,2.9847878951008605e+43
DESY3RM-365442,38.4355009465071,-4.93642317557049,0.2921357,,,,,,,,,,,,,,,,,,,,,
DESY3RM-365565,29.8296934492282,-1.87452243121526,0.2446377,,,,,,,,,,,,,,,,,,,,,
DESY3RM-365568,354.356686888405,-55.2305604782519,0.28957435,,,,,,,,,,,,,,,,,,,,,
DESY3RM-366148,323.660235703509,-48.9761802856436,0.19971487,,,,,,,,,,,,,,,,,,,,,
DESY3RM-366261,51.2233157655099,-29.2600722091836,0.18751998,,,,,,,,,,,,,,,,,,,,,
DESY3RM-366529,316.29324771972,-52.6831205811808,0.25281098,0.0267,1191.9949676267724,455.77495395193984,0.7207242886,0.2658337466,0.1908495287999999,6.466786757e+42,2.3757036213290302e+42,1.2639492245909302e+42,1.008003393e+43,2.28999232182831e+42,2.75896140806665e+42,0.03002992651,0.00573193994,0.0053035320799999,1.8242642860000003e+42,1.8242642860000003e+42,-1.73027633994423e+42,1.66129237e+48,1.66129237e+48,-8.796197326716147e+47
DESY3RM-366592,18.3152515585818,-61.6368030035433,0.2627239,,,,,,,,,,,,,,,,,,,,,
DESY3RM-366893,18.9265239130802,-0.170896321165324,0.29430056,,,,,,,,,,,,,,,,,,,,,
DESY3RM-367908,305.116464393554,-63.3249168195041,0.20997761,,,,,,,,,,,,,,,,,,,,,
DESY3RM-367944,323.916525622965,-57.5066957536516,0.2953271,,,,,,,,,,,,,,,,,,,,,
DESY3RM-368269,15.5858455349408,-21.7336389948099,0.2791441,,,,,,,,,,,,,,,,,,,,,
DESY3RM-368401,34.4201190080016,-47.6874120204852,0.21890779,,,,,,,,,,,,,,,,,,,,,
DESY3RM-368413,33.6577094202645,-3.69763787938516,0.16972277,0.0213,228.89358662596484,35.440424995832565,0.5437903462,0.1432199270999999,0.1673800767,9.265840486000001e+51,9.265840486000001e+51,6.940889849822682e+56,1.4451398390000002e+52,1.4451398390000002e+52,1.556874754562204e+57,0.5446424814,0.1355989403,0.1676060166999999,1.1564234570000003e+41,1.1564234570000003e+41,8.852867180289787e+44,1.803531633e+41,1.803531633e+41,2.0087854421732006e+45
DESY3RM-368539,8.93148635012068,-27.6343741671209,0.25348386,0.0133,430.2619499693782,44.33672334466007,2.325313909,0.397906735,0.8079814129999998,1.199694453e+43,1.5650119129945602e+42,2.7831672952676702e+42,2.81319917e+43,5.22777986515705e+42,8.49762910390398e+42,2.307278428,0.4076008399999999,0.8610791149999999,1.1049031320000001e+43,1.8612014591790802e+42,2.96540533170433e+42,2.5839082770000003e+43,3.83808414115781e+42,7.422848099445551e+42
DESY3RM-368769,17.1636144187056,-46.2786061929896,0.20225948,,,,,,,,,,,,,,,,,,,,,
DESY3RM-368809,5.28293987046001,-2.06058601882247,0.10110727,,,,,,,,,,,,,,,,,,,,,
DESY3RM-369152,1.27523593925915,-34.7361877431041,0.2822052,,,,,,,,,,,,,,,,,,,,,
DESY3RM-369308,92.5236516337459,-35.980982942926,0.2504548,,,,,,,,,,,,,,,,,,,,,
DESY3RM-369423,329.988076531403,1.34693459401854,0.2191158,,,,,,,,,,,,,,,,,,,,,
DESY3RM-369873,35.2666611420044,-5.09909576646551,0.27340868,0.0201,384.0310709329809,22.524371356459667,2.495934846,0.606453591,0.8456014990000003,4.2020584260000005e+42,7.6970329647737e+41,9.4931555044478e+41,1.010469886e+43,1.8665477710971702e+42,2.68568967972685e+42,0.9072639282,0.112900235,0.0795680704,4.1904045490000006e+42,8.610322551762401e+41,5.845095512139701e+41,6.920363948e+42,1.45491751036372e+42,1.4396868224154402e+42
DESY3RM-370109,39.8364453681187,-52.2858758402846,0.26805046,0.0279,240.27819307701404,32.48069185558073,0.388268351,0.0707276722,0.1263692673999999,7.679546722000001e+41,7.679546722000001e+41,-7.679546722000001e+41,1.3173273240000001e+42,1.3173273240000001e+42,-1.3173273240000001e+42,0.3534122457,0.0646553097,0.1184884730999999,8.304534249000001e+41,8.304534249000001e+41,-8.304534249000001e+41,1.488920716e+42,1.488920716e+42,-1.488920716e+42
DESY3RM-370119,78.02067310483,-51.3184760866633,0.2905662,,,,,,,,,,,,,,,,,,,,,
DESY3RM-370557,24.5508541704692,-13.1107149548043,0.2793926,0.0152,362.0292597288131,46.31034433772434,0.2841501774,0.0753245642999999,0.1770603568,1.90378773e+42,8.4960031825802e+41,3.0558482582850003e+41,3.944548189000001e+42,1.8328696315705803e+42,1.02714389471595e+42,0.2472031798,0.0731233350999999,0.1333673053,1.6179743850000002e+42,8.5943343264729e+41,6.9387240162669e+41,3.871204589e+42,1.62356249800181e+42,9.0475982049225e+41
DESY3RM-371026,19.1491461878604,0.0521054396087609,0.19130686,,,,,,,,,,,,,,,,,,,,,
DESY3RM-371602,20.9376989185352,-4.35876057500527,0.10404333,,,,,,,,,,,,,,,,,,,,,
DESY3RM-371605,1.53508360066103,-34.9460592606884,0.28303647,,,,,,,,,,,,,,,,,,,,,
DESY3RM-371981,352.912240686777,-53.9707310453189,0.29100236,,,,,,,,,,,,,,,,,,,,,
DESY3RM-372165,78.1432607573962,-32.6957874420729,0.26155704,0.0203,387.08427908477745,35.166339990848165,1.010440313,0.1524531493999998,0.131921473,2.6884086360000002e+42,5.0634865082070006e+41,7.0689231332384e+41,4.634911860000001e+42,1.36087490796872e+42,6.4369077273228005e+41,0.8920677601,0.127774281,0.2851429049,1.3893548890000001e+42,8.8581765141331e+41,4.0854290968161005e+41,2.2795074650000003e+42,1.4994746225447e+42,9.0651944391689e+41
DESY3RM-372756,31.1910577521838,-6.50021995296979,0.13815765,,,,,,,,,,,,,,,,,,,,,
DESY3RM-372782,29.9513380713381,-36.4262458420021,0.26755318,,,,,,,,,,,,,,,,,,,,,
DESY3RM-372932,61.5041789151495,-56.9659579028565,0.23357007,,,,,,,,,,,,,,,,,,,,,
DESY3RM-373031,354.610899526689,-55.3350365474097,0.2841867,,,,,,,,,,,,,,,,,,,,,
DESY3RM-373231,85.9928144825043,-35.8976047153954,0.29816082,,,,,,,,,,,,,,,,,,,,,
DESY3RM-374198,69.8027531230671,-21.8977445644428,0.18150996,,,,,,,,,,,,,,,,,,,,,
DESY3RM-375767,56.4381989750513,-41.4276928895763,0.23036824,,,,,,,,,,,,,,,,,,,,,
DESY3RM-375908,31.1479474485385,-58.4961238069027,0.17968711,0.0227,366.2389433354226,53.25954606576754,0.1373700855,0.0457211732099999,0.0617790457,3.730673106e+41,3.730673106e+41,4.801180259077001e+40,9.874807778e+42,9.874807778e+42,1.0789787861633224e+44,0.1367939134,0.0470570456299999,0.1084036298999999,3.501176265e+41,3.5011762649999004e+41,-2.0759334883644e+41,9.412884322e+42,9.412884322e+42,1.5096921780095427e+44
DESY3RM-376151,337.657803527866,-0.187567346805099,0.2995102,,,,,,,,,,,,,,,,,,,,,
DESY3RM-376342,351.349482335119,-52.2893816180274,0.20476997,0.0125,366.0908024982878,36.542690037779906,1.62465781,0.360276394,1.0659322759999998,5.1682338530000006e+41,5.168233852999901e+41,4.908760641142101e+41,1.0784026240000001e+42,1.0784026240000001e+42,1.0034287696707801e+42,1.529392797,0.268275824,0.6455388889999998,3.2804386590000005e+41,3.2804386590000005e+41,5.6746404618351004e+41,6.703509835000001e+41,6.703509835000001e+41,1.0821518077923201e+42
DESY3RM-377155,30.5540956562964,-4.50914009219256,0.29960722,0.0201,171.61760953687033,98.38213998718332,7.561399856,7.561399856,-7.561399856,7.158745372e+41,7.158745372e+41,1.34229704261214e+42,2.8679882510000006e+42,2.8679882510000006e+42,1.3840366563694822e+43,8.018821675,8.018821675,-8.018821675,7.349995721000001e+41,7.349995721000001e+41,1.1350188633521101e+42,3.0304513150000005e+42,3.0304513150000005e+42,1.45533725084809e+43
DESY3RM-377235,37.4986955388616,-6.28792479489245,0.25595894,0.0238,531.4012586497456,74.74884662860433,3.810802699,0.9122802759999996,1.7052718359999997,1.2379325530000001e+43,1.57731627147855e+42,1.3800653577885401e+42,3.5533381690000003e+43,8.87290113593526e+42,6.506698613993051e+42,3.686075191,0.849194894,1.7503859939999995,1.1763574080000002e+43,1.1623450179432202e+42,1.63104154420474e+42,3.3254985480000003e+43,8.54457431028306e+42,8.596379852401612e+42
DESY3RM-377397,323.89351264419,1.16351983278185,0.2092983,,,,,,,,,,,,,,,,,,,,,
DESY3RM-378628,357.593923691114,-53.7870355809413,0.25158206,,,,,,,,,,,,,,,,,,,,,
DESY3RM-378631,36.1138992309468,-10.5952469580379,0.26122788,,,,,,,,,,,,,,,,,,,,,
DESY3RM-378838,5.71431197685018,0.329026914303537,0.20671481,0.0255,946.5369434833507,246.26465775057008,1.995973988,0.4539809539999999,1.1794335859999998,6.000283135e+42,3.21253851632677e+42,3.58861908522425e+42,1.33826539e+43,1.0454634712861501e+43,7.19761021825474e+42,0.04452544693,0.0090299889599999,0.01260792738,2.5737168180000002e+42,2.5737168180000002e+42,3.1431450535733e+41,3.9559396180000004e+46,3.9559396180000004e+46,2.722478076258479e+45
DESY3RM-378966,33.7590557223811,-4.60863122899992,0.20526087,0.0185,176.02483366373863,23.675329524143244,1.493348985,0.2188179329999999,0.197762578,3.275200621e+42,1.1105240511592501e+42,1.05834571591283e+42,6.64191718e+42,1.78557401810465e+42,2.4540589223112103e+42,0.3253411975,0.0409109585999999,0.0869280241,1.583029955e+42,7.725346773062e+41,6.8920084460168e+41,3.013173327e+42,1.58645987172917e+42,1.62142993715738e+42
DESY3RM-380155,90.0790911726956,-50.2851524870957,0.22931986,,,,,,,,,,,,,,,,,,,,,
DESY3RM-380571,356.683555910269,1.02341137425591,0.27614602,,,,,,,,,,,,,,,,,,,,,
DESY3RM-380582,355.913912573869,0.457284398600055,0.2806366,,,,,,,,,,,,,,,,,,,,,
DESY3RM-381186,35.4141079668256,-4.06750589544517,0.15329131,0.0203,833.0264327062414,184.16861074073725,4.742484869,2.42515724,6.885392631,2.6144012300000005e+42,2.6144012299999902e+42,7.9791535746327e+41,8.322970742e+42,8.32297062371577e+42,3.413882614928441e+42,3.719531758,1.607395872,6.095705446,2.5172798360000005e+42,2.5172798360000005e+42,5.9697344045210005e+41,7.157745374000001e+42,7.15774527529315e+42,4.191413781931161e+42
DESY3RM-381325,352.016706137349,-0.809584123734662,0.28556478,,,,,,,,,,,,,,,,,,,,,
DESY3RM-381903,35.0987771277122,-54.1541383376146,0.28183445,,,,,,,,,,,,,,,,,,,,,
DESY3RM-383270,37.0776906262184,-8.70639823806237,0.16046959,,,,,,,,,,,,,,,,,,,,,
DESY3RM-383757,333.473659913913,-0.392395932118928,0.26946238,,,,,,,,,,,,,,,,,,,,,
DESY3RM-383962,352.74688954861,-58.5999492695206,0.25017875,,,,,,,,,,,,,,,,,,,,,
DESY3RM-384606,32.1444680869608,-6.84650447267526,0.1444638,,,,,,,,,,,,,,,,,,,,,
DESY3RM-386522,16.3891010448955,-64.2192133765934,0.20534454,,,,,,,,,,,,,,,,,,,,,
DESY3RM-386644,85.2326454505314,-41.0436528011541,0.2589937,,,,,,,,,,,,,,,,,,,,,
DESY3RM-386900,37.4739129759521,-5.07877917860073,0.2910148,,,,,,,,,,,,,,,,,,,,,
DESY3RM-387582,30.3348700343164,-9.58377683306592,0.272705,,,,,,,,,,,,,,,,,,,,,
DESY3RM-387625,17.2930708254428,-0.419072902067992,0.10826944,,,,,,,,,,,,,,,,,,,,,
DESY3RM-387640,31.8329771908047,2.80529090536613,0.17612094,,,,,,,,,,,,,,,,,,,,,
DESY3RM-387833,348.837925924959,-53.836548872704,0.28979307,,,,,,,,,,,,,,,,,,,,,
DESY3RM-387874,16.7838436245911,0.886745349379142,0.260542,,,,,,,,,,,,,,,,,,,,,
DESY3RM-388237,53.7479137073831,-63.4846149123914,0.2234005,,,,,,,,,,,,,,,,,,,,,
DESY3RM-388691,82.2804740430549,-39.5669136075352,0.21455769,,,,,,,,,,,,,,,,,,,,,
DESY3RM-388848,32.0020644265235,-5.65254087859519,0.29943705,,,,,,,,,,,,,,,,,,,,,
DESY3RM-388895,33.699745368168,-5.38445524493079,0.23810121,0.0182,360.7980946970426,25.872521798697587,0.7543700301,0.1724291734,0.1693317169999999,2.8876338080000004e+42,2.8876338080000004e+42,1.828077853560217e+47,4.551425199e+42,4.551425199e+42,3.401357503418005e+47,0.7202259457,0.1506305313999999,0.1793363192,2.9194396580000004e+42,1.49709060290778e+42,7.2479774746337e+41,4.557765007000001e+42,1.79257450528969e+42,8.2988681730987e+41
DESY3RM-389007,31.2718681592945,-5.92333868095945,0.29207128,,,,,,,,,,,,,,,,,,,,,
DESY3RM-389202,52.9512533978041,-28.9304930496611,0.12336478,,,,,,,,,,,,,,,,,,,,,
DESY3RM-389381,30.023312728842,-9.3899721246328,0.22424787,,,,,,,,,,,,,,,,,,,,,
DESY3RM-389608,43.6323136403733,-60.9106631620402,0.25674334,0.0237,461.9817630970974,77.80843751848906,1.040749623,0.1970917471,0.308840033,3.848752775e+42,3.848752775e+42,7.119366082868e+40,7.198281649000001e+42,7.198281649000001e+42,6.532273712197201e+41,1.15193554,0.2945239869,0.4980399689999999,3.390096121e+42,3.390096121e+42,6.109752592693401e+41,6.603736599000001e+42,6.603736599000001e+42,1.5240530883120002e+42
DESY3RM-390047,30.8373229264336,-20.411259411702,0.25569892,,,,,,,,,,,,,,,,,,,,,
DESY3RM-391191,74.2303164287073,-51.893484794065,0.29645947,,,,,,,,,,,,,,,,,,,,,
DESY3RM-391552,66.7952321511078,-57.2451163386423,0.22231533,,,,,,,,,,,,,,,,,,,,,
DESY3RM-391565,323.897265671343,-54.6539774775076,0.21992764,0.0211,181.13532066789304,12.271916281206572,2.660213493,0.5416298200000003,1.04881481,2.0618587950000002e+42,1.9997356879165004e+41,1.7565537400815e+41,5.063288949e+42,6.158992631730701e+41,8.9404339601546e+41,0.3045162786,0.0305398715,0.0428994689999999,8.072147522000001e+41,1.5350680087658002e+41,1.7193216864639003e+41,1.61907156e+42,3.0552574510560003e+41,3.2000722696845e+41
DESY3RM-392165,33.9309869397855,-6.90635832365979,0.23079553,,,,,,,,,,,,,,,,,,,,,
DESY3RM-392440,69.9692748188452,-43.7679888654635,0.22298479,,,,,,,,,,,,,,,,,,,,,
DESY3RM-392604,51.3293284782166,-57.9576246923363,0.29874068,,,,,,,,,,,,,,,,,,,,,
DESY3RM-392760,350.411651450767,-52.2466417088954,0.21845664,,,,,,,,,,,,,,,,,,,,,
DESY3RM-392813,351.675003556268,-0.437392534422934,0.27880695,,,,,,,,,,,,,,,,,,,,,
DESY3RM-392857,37.3269674822915,-4.82941125268831,0.14341286,0.025,350.6146896156675,101.64429426581309,0.8623313141,0.1759218903999999,0.2822641039,1.2792571000000002e+42,1.2792571000000002e+42,5.437106407140001e+41,2.2284488410000003e+42,1.45389705265235e+42,1.5248524908444803e+42,0.02163057627,0.02163057627,0.45099431373,3.5963517420000004e+39,3.5963517420000004e+39,-3.596351741993303e+39,1.6496915290000002e+50,1.6496915290000002e+50,7.437873686268101e+52
DESY3RM-393064,355.680626058664,-60.9591705929852,0.20208979,,,,,,,,,,,,,,,,,,,,,
DESY3RM-393819,53.7040874394343,-28.1958759932687,0.12912552,,,,,,,,,,,,,,,,,,,,,
DESY3RM-394369,1.63344531694558,-34.8251846176059,0.24452288,,,,,,,,,,,,,,,,,,,,,
DESY3RM-394384,56.3964668051941,-54.672999619081,0.20930673,,,,,,,,,,,,,,,,,,,,,
DESY3RM-394947,351.695850466715,-1.09496230073507,0.11790382,,,,,,,,,,,,,,,,,,,,,
DESY3RM-395339,69.6369668755571,-47.2564390282318,0.16945314,,,,,,,,,,,,,,,,,,,,,
DESY3RM-395563,35.9631456364995,-3.2940005140695,0.22108169,,,,,,,,,,,,,,,,,,,,,
DESY3RM-395847,28.0944237708069,-49.7358429163342,0.2747233,,,,,,,,,,,,,,,,,,,,,
DESY3RM-396149,1.16840824228774,0.0083018974102659,0.19192816,0.0281,680.7550625553088,112.33623213020874,1.716695583,0.3545303359999998,0.4730392050000001,5.169285669e+42,1.1077442042013502e+42,1.2957646521886e+42,1.1007433630000001e+43,3.862363873333681e+42,2.6466149785043802e+42,1.646240022,0.332041075,0.4629862439999999,4.3686126370000007e+42,9.784614618323202e+41,1.4293064857522702e+42,9.152990684000001e+42,3.06631849369773e+42,2.41656310985615e+42
DESY3RM-396636,52.0907644731526,-28.1321547386818,0.21035744,,,,,,,,,,,,,,,,,,,,,
DESY3RM-396833,69.6058329410841,-47.3394553341291,0.2442913,,,,,,,,,,,,,,,,,,,,,
DESY3RM-397238,330.677362371784,-61.6782490013863,0.108605355,,,,,,,,,,,,,,,,,,,,,
DESY3RM-397351,38.0955538447777,-57.8425583446428,0.24477085,,,,,,,,,,,,,,,,,,,,,
DESY3RM-397883,90.4722338919312,-39.9973873785808,0.21592827,0.0387,952.180387052049,17.6236031441841,4.664661323,0.1166566869999998,0.1173450040000005,6.071358456e+43,6.071358456e+43,3.614850750667845e+44,1.918320613e+44,1.918320613e+44,1.1926157187871853e+45,4.654933226,0.1187186420000001,0.119439195,5.664204254000001e+43,5.664204254000001e+43,3.644496614596309e+44,1.7879079880000003e+44,1.7879079880000003e+44,1.0148156809917732e+45
DESY3RM-397957,53.5445645653801,-28.2028380161066,0.2926466,0.00701,398.2193960267266,47.872649718745755,1.253366682,0.2086730269999999,0.2776481449999999,1.9643393540000002e+42,6.5984409350254e+41,5.8314678256487005e+41,3.668827522e+42,1.1379462350771002e+42,1.33728740985495e+42,1.220459016,0.220425796,0.457828042,1.4794112490000002e+42,7.114360840890401e+41,4.3592436120188e+41,2.7334543570000004e+42,1.85297624972941e+42,1.2870571909484e+42
DESY3RM-398337,54.5995142533495,-52.3425605656093,0.2551359,,,,,,,,,,,,,,,,,,,,,
DESY3RM-398613,62.1539462850174,-57.0401163359285,0.2577046,,,,,,,,,,,,,,,,,,,,,
DESY3RM-399626,37.2310733746139,-4.0032969545908,0.24839067,,,,,,,,,,,,,,,,,,,,,
DESY3RM-399641,38.9819775764502,3.8541301655449,0.29232758,,,,,,,,,,,,,,,,,,,,,
DESY3RM-399991,351.567057653313,-54.1141541024704,0.2336672,,,,,,,,,,,,,,,,,,,,,
DESY3RM-401008,303.128649102008,-57.4220013770767,0.28869388,,,,,,,,,,,,,,,,,,,,,
DESY3RM-401157,34.4604743046666,-0.630698754122496,0.25868025,,,,,,,,,,,,,,,,,,,,,
DESY3RM-401415,305.444733645257,-63.4341024331505,0.14532827,0.0399,911.1728016003765,155.20429663583332,8.645129546,2.618064817,6.323365064000001,1.160511461e+43,1.71768198563666e+42,1.21724599727801e+42,4.700032053e+43,1.230853941585884e+43,5.62401628023303e+42,9.083806322,2.735681992999999,7.859738508000001,1.139049489e+43,2.0379859054438902e+42,7.350097088060101e+41,4.68206533e+43,1.1996300529073832e+43,5.09477067075089e+42
DESY3RM-401860,53.9710473480641,-34.8310027411035,0.27521327,0.0126,374.2460089280352,43.364012150200544,1.242522437,0.2106999120000001,0.3107067609999998,1.820823025e+42,5.045981942789301e+41,3.686481302536401e+41,3.42155835e+42,9.8753426896588e+41,1.0929272002016902e+42,1.341076667,0.208213339,0.497081444,1.5642319450000003e+42,5.5777124990611e+41,4.936039565853101e+41,3.0511281130000005e+42,8.0668372396081e+41,1.0130974416321e+42
DESY3RM-401992,31.6822870808274,-4.35091225680912,0.2922515,,,,,,,,,,,,,,,,,,,,,
DESY3RM-402416,34.1808071920345,-4.26093135085381,0.29233062,0.0181,518.8271204207797,46.06338121992091,0.05800128603,0.02124684499,0.08494253707,7.814548944e+39,7.814548944e+39,1.8648174090014203e+42,1.131139609e+43,1.131139609e+43,3.119522915476247e+45,1.728666023,0.2056388769999999,0.7379193460000002,7.338807726000001e+41,6.238282336211401e+41,4.1241829918085e+41,1.5415640860000002e+42,1.35894873930721e+42,1.0794269426551702e+42
DESY3RM-402836,326.509588844411,-56.8906490840179,0.12555605,,,,,,,,,,,,,,,,,,,,,
DESY3RM-402957,70.4016816839438,-27.1905009482331,0.10606364,0.0241,803.3761091066491,18.90587218351593,3.136066587,0.099134426,0.1000222009999998,6.832037263000001e+43,1.1744016690264401e+42,7.0976425975083e+41,1.863800978e+44,3.17454303467603e+42,3.00675323117596e+42,3.136100591,0.0988438519999999,0.0997374070000001,6.742384965000001e+43,1.1773898599905901e+42,1.1921367244289e+42,1.839350872e+44,4.777418575490071e+42,3.1301052328352397e+42
DESY3RM-404160,24.8217789237525,0.334372001098554,0.19343124,,,,,,,,,,,,,,,,,,,,,
DESY3RM-404754,16.0439953025346,-0.328057522435448,0.22564119,,,,,,,,,,,,,,,,,,,,,
DESY3RM-405143,66.993175357068,-37.7889690727813,0.13429235,,,,,,,,,,,,,,,,,,,,,
DESY3RM-405493,347.279026959931,-2.32450134868486,0.27716008,,,,,,,,,,,,,,,,,,,,,
DESY3RM-405819,330.358133212086,1.47426935059771,0.27068487,0.0403,696.1456179319222,34.94634095736863,2.847108937,0.2397247009999996,0.267641867,1.46979766e+44,5.0992706985809405e+42,5.71000151611122e+42,3.716906206e+44,2.4999626663388813e+43,2.0598103086300803e+43,2.813117746,0.2268543819999999,0.262573734,1.4578799250000002e+44,2.37471189546687e+42,5.9989212292889e+42,3.669240331000001e+44,2.300073949521277e+43,2.056821456951481e+43
DESY3RM-406210,25.1071510071179,0.316274533808851,0.25617993,,,,,,,,,,,,,,,,,,,,,
DESY3RM-406821,19.6383234830858,0.480329673708423,0.21977644,0.0324,473.90829795787084,44.096951614271795,1.411331162,0.1833532359999998,0.5975733859999999,1.431428558e+42,7.8991356176515e+41,1.0251826877332802e+42,2.832505195e+42,2.2255880799079603e+42,2.2885019403431802e+42,1.3593588,0.5667826800000001,0.4067282939999999,1.4571719090000004e+42,1.4571719090000004e+42,1.9197906603123102e+42,2.849855057e+42,2.849855057e+42,4.8227878425059203e+42
DESY3RM-407490,34.2142981715073,-4.38947532181413,0.22839469,,,,,,,,,,,,,,,,,,,,,
DESY3RM-407887,35.5935324922804,-4.09562033257075,0.269429,,,,,,,,,,,,,,,,,,,,,
DESY3RM-407998,15.5475533627106,-22.0573633551066,0.2173683,0.0139,599.083756423187,24.902077220496658,2.091545305,0.127824527,0.1463085090000002,1.7084888800000003e+43,2.4190621664967703e+42,1.41214871199869e+42,3.870065365e+43,5.1611113519078905e+42,2.96912067776983e+42,2.128932103,0.1236700439999998,0.149750773,1.70001418e+43,1.7979312431618903e+42,1.4091456272777002e+42,3.8746273390000007e+43,4.05106103585648e+42,3.20812830269532e+42
DESY3RM-408008,349.859623702336,0.304459861505701,0.24838084,,,,,,,,,,,,,,,,,,,,,
DESY3RM-408415,70.2902737361696,-43.5272996651573,0.17083068,,,,,,,,,,,,,,,,,,,,,
DESY3RM-408667,35.2512298989828,-6.10362366843637,0.25033858,,,,,,,,,,,,,,,,,,,,,
DESY3RM-409881,357.317755360044,-56.2238012108031,0.22175261,0.0143,284.52470868316834,43.48541667289205,1.820111828,0.4853669509999998,1.603011247,4.4527931940000005e+39,4.4527931940000005e+39,1.349581793134801e+44,9.595833941e+39,9.595833941e+39,2.5671243163338443e+44,1.725438595,0.503555548,1.455079699,5.814693593000001e+38,5.814693593000001e+38,6.292128128202963e+45,1.233665447e+39,1.233665447e+39,1.870225262179545e+46
DESY3RM-411055,83.0360269429271,-45.3575461234136,0.22509478,,,,,,,,,,,,,,,,,,,,,
DESY3RM-411299,69.8289407832795,-54.3767576209326,0.26929784,,,,,,,,,,,,,,,,,,,,,
DESY3RM-411660,352.796444684572,-0.979673222125621,0.23523875,,,,,,,,,,,,,,,,,,,,,
DESY3RM-412621,35.6247874700419,-3.8769075259098,0.2700496,,,,,,,,,,,,,,,,,,,,,
DESY3RM-413121,19.2879488710133,-0.482207436235798,0.2168205,0.0325,476.2006659255231,55.148533111976704,0.5632081854,0.5632081854,-0.5632081854,1.0657741060000001e+42,1.0657741060000001e+42,4.5371400109531e+41,1.653397728e+42,1.65339772752403e+42,1.17958600085664e+42,,,,,,,,,
DESY3RM-413482,91.2706238161742,-35.3118260784842,0.29635322,,,,,,,,,,,,,,,,,,,,,
DESY3RM-413488,326.495295724083,-56.9806778193475,0.25809768,,,,,,,,,,,,,,,,,,,,,
DESY3RM-414548,12.3974926087343,-24.4707135557271,0.23902456,,,,,,,,,,,,,,,,,,,,,
DESY3RM-414877,302.856439352129,-56.168173726352,0.20575498,,,,,,,,,,,,,,,,,,,,,
DESY3RM-415266,73.2007369048964,-42.3854226818922,0.29690886,,,,,,,,,,,,,,,,,,,,,
DESY3RM-416356,350.221692651789,-52.5485741166851,0.15420954,,,,,,,,,,,,,,,,,,,,,
DESY3RM-416577,349.924262892729,-56.6900578464201,0.230015,,,,,,,,,,,,,,,,,,,,,
DESY3RM-416980,22.0431357878987,-60.8718650477354,0.2511335,,,,,,,,,,,,,,,,,,,,,
DESY3RM-416997,351.18662530752,-52.0724766603081,0.21241164,,,,,,,,,,,,,,,,,,,,,
DESY3RM-417464,24.2523277184557,-9.13725437486906,0.29957253,,,,,,,,,,,,,,,,,,,,,
DESY3RM-417593,35.8470139729929,-8.69262693859567,0.26996925,,,,,,,,,,,,,,,,,,,,,
DESY3RM-418575,355.59820669902,-52.647611487174,0.10907059,,,,,,,,,,,,,,,,,,,,,
DESY3RM-419106,16.7678433084294,0.506867555178499,0.27420175,,,,,,,,,,,,,,,,,,,,,
DESY3RM-419806,54.6372273487464,-23.2394036193014,0.2525807,,,,,,,,,,,,,,,,,,,,,
DESY3RM-420028,32.0285903844728,-4.07893800505373,0.20771714,,,,,,,,,,,,,,,,,,,,,
DESY3RM-420132,37.2174789676792,-3.87577159219514,0.25933594,,,,,,,,,,,,,,,,,,,,,
DESY3RM-420294,357.881430095609,-39.7098630918081,0.29643363,0.0115,627.4534555292239,82.52716933889627,0.5437882684,0.1673932423,0.1110064475,1.317243316e+43,6.688700343135222e+42,1.18929936237575e+42,2.0326855860000003e+43,8.958702504817701e+42,3.6759964188331106e+42,2.175133693,0.7400827709999998,2.832981858000001,7.068351002000001e+42,4.7949674834524606e+42,5.07390237113073e+42,1.602710359e+43,1.543807465158068e+43,1.6902544281112821e+43
DESY3RM-420503,34.18547565315,-6.81199147287935,0.16442032,0.0212,378.5076849863529,50.51637695602165,0.9362043905,0.212774688,0.3590799445,1.575173583e+40,1.575173583e+40,5.829229534634041e+42,2.6427500409999998e+40,2.6427500409999998e+40,1.3939366652442883e+43,0.8523701765,0.2032326256,0.1355810053999999,7.351687496000001e+39,7.351687496000002e+39,1.0400610170346797e+45,1.1944806670000002e+40,1.1944806669990001e+40,1.6884207603455816e+45
DESY3RM-420649,327.175561000734,-45.8127251269889,0.20148782,,,,,,,,,,,,,,,,,,,,,
DESY3RM-421187,54.3395086156631,-27.6833833729177,0.260131,,,,,,,,,,,,,,,,,,,,,
DESY3RM-422577,33.732010243054,-30.7664877687943,0.28199923,,,,,,,,,,,,,,,,,,,,,
DESY3RM-422739,35.9829064382556,-3.62974985586311,0.27291948,,,,,,,,,,,,,,,,,,,,,
DESY3RM-422787,35.6848657483379,-8.6859119168844,0.2601474,,,,,,,,,,,,,,,,,,,,,
DESY3RM-423021,27.8225601826193,-8.56529914066101,0.15476573,,,,,,,,,,,,,,,,,,,,,
DESY3RM-423577,352.26864058559,-56.2966066509126,0.29443493,,,,,,,,,,,,,,,,,,,,,
DESY3RM-424368,25.6276019701827,0.0523085449337131,0.2783205,,,,,,,,,,,,,,,,,,,,,
DESY3RM-426419,53.214364156036,-28.0512413326256,0.2197708,,,,,,,,,,,,,,,,,,,,,
DESY3RM-426445,72.335348832999,-29.0339349218722,0.29040664,,,,,,,,,,,,,,,,,,,,,
DESY3RM-426556,34.8422871361323,-5.95774371796702,0.28024977,,,,,,,,,,,,,,,,,,,,,
DESY3RM-426714,87.1408612948568,-21.8891399527278,0.28918347,0.0259,923.2241220131015,38.38640508186665,4.734085835,0.3321192829999999,0.3365026769999995,4.2038204830000003e+43,1.29303571240196e+42,9.007742267407201e+41,1.3377393670000001e+44,4.8886636825109404e+42,6.123244860086281e+42,4.786416203,0.3361545010000002,0.3387527090000004,4.0614917750000007e+43,1.6025448022700602e+42,9.554019218110702e+41,1.2993979060000002e+44,4.643128179855411e+42,5.3988292079838806e+42
DESY3RM-427044,9.85445842479178,-44.0727379871333,0.26810983,,,,,,,,,,,,,,,,,,,,,
DESY3RM-427089,39.8935087185329,-1.69590975857931,0.24154618,,,,,,,,,,,,,,,,,,,,,
DESY3RM-427771,37.614014174528,-60.6395393666772,0.10998663,,,,,,,,,,,,,,,,,,,,,
DESY3RM-429372,41.5232880503492,-20.4252856583204,0.22125463,,,,,,,,,,,,,,,,,,,,,
DESY3RM-431503,20.1743416529581,0.0792271813617178,0.24060722,,,,,,,,,,,,,,,,,,,,,
DESY3RM-431878,37.9805864491134,-4.93937107980063,0.27949452,,,,,,,,,,,,,,,,,,,,,
DESY3RM-432124,80.9478015782471,-26.4364951525682,0.2279775,,,,,,,,,,,,,,,,,,,,,
DESY3RM-432375,323.288023849445,-48.8221687981972,0.26916376,,,,,,,,,,,,,,,,,,,,,
DESY3RM-432486,16.5620377177747,-42.2045836471793,0.18403228,,,,,,,,,,,,,,,,,,,,,
DESY3RM-432517,17.7925294367519,-0.222114986724334,0.27384862,,,,,,,,,,,,,,,,,,,,,
DESY3RM-432583,1.37378103623552,-34.8377690361788,0.27267307,,,,,,,,,,,,,,,,,,,,,
DESY3RM-432805,42.3631636655289,-4.33084498516154,0.19065107,0.0331,515.2604258578232,64.77547028786644,0.2543374149,0.0218570989,0.0755649472,1.553299006e+42,5.9124607599255e+41,4.5334230352543005e+41,3.696342805e+42,1.60300460293886e+42,1.2015212918789201e+42,1.559147666,0.2524739600000001,0.3824897549999999,8.615413447000001e+41,5.1310890379128006e+41,5.6628017014003004e+41,1.766640513e+42,1.1568741834407101e+42,1.24179310849894e+42
DESY3RM-433058,43.7098314158635,-8.40262391623569,0.1483995,,,,,,,,,,,,,,,,,,,,,
DESY3RM-433060,27.0477914613793,0.329071838124253,0.1652424,,,,,,,,,,,,,,,,,,,,,
DESY3RM-433355,35.5037389353196,-3.85836393929419,0.16199669,,,,,,,,,,,,,,,,,,,,,
DESY3RM-433546,37.0726171024432,-4.27137511567308,0.21734111,0.022,414.6519653148479,69.09057138564381,0.2882583947,0.1442122790999999,0.6736770248999999,2.9300231490000005e+39,2.9300231490000005e+39,1.5577661407120932e+44,6.099413669000001e+39,6.099413669000001e+39,3.4675499812189536e+44,0.2815020933,0.137845274,0.6006091826000001,3.6726285310000006e+42,3.4087644860077306e+42,1.0899516054328901e+42,1.2293009160000001e+43,7.828509438685901e+42,7.95325595740958e+42
DESY3RM-434258,36.3971744580568,-5.76760277424149,0.28309083,0.0234,456.2168068298446,94.5639524220339,0.02698620606,0.00969760834,0.02973873773,1.621640666e+42,1.621640666e+42,4.940311851305101e+41,2.306044548e+50,2.306044548e+50,5.778715890432661e+50,1.389276937,0.5166917746999999,1.341060467,2.7684439180000002e+42,2.3614304277219403e+42,1.7514580647697e+42,5.870156816e+42,5.01283450638914e+42,5.1113659353801206e+42
DESY3RM-434437,319.15023023157,-48.5081180720016,0.10931905,,,,,,,,,,,,,,,,,,,,,
DESY3RM-435276,28.050057691517,-49.6454283269461,0.28065103,,,,,,,,,,,,,,,,,,,,,
DESY3RM-435406,35.9959284420653,-10.6598147471217,0.21698609,,,,,,,,,,,,,,,,,,,,,
DESY3RM-436544,38.8343959374153,-5.79551406413758,0.21343058,,,,,,,,,,,,,,,,,,,,,
DESY3RM-436721,69.433630561689,-47.0585453261528,0.23114182,0.00824,475.33212443542465,32.71197048171562,3.797172877,2.284456224,15.986415973000002,2.1635059970000002e+42,2.1635059970000002e+42,3.7919037484009e+41,6.374371355e+42,6.374371355e+42,1.46472846090571e+42,5.976628234,4.121814068,-5.976628234,2.127132452e+42,2.127132452e+42,2.236938290536e+41,7.564394817000001e+42,7.564394817000001e+42,3.0014644986078004e+41
DESY3RM-436851,34.4624451247386,-6.22860731063136,0.28648826,0.0231,424.6554148926827,42.83404652612749,1.087178856,0.0766204449999998,0.257855605,1.7827116870000002e+42,1.7827116870000002e+42,-1.7827116870000002e+42,3.182534563e+42,3.182534563e+42,-3.182534563e+42,1.170005656,0.141557208,0.2443877349999998,1.737187884e+42,1.737187884e+42,-1.737187884e+42,3.182021084e+42,3.182021084e+42,-3.182021084e+42
DESY3RM-437424,34.9240792517085,-4.00925700287895,0.21923473,0.0191,582.6528815482787,92.05958747695185,2.090341568,0.5768937029999999,1.0961396520000002,4.208937024e+42,1.1797152021085402e+42,1.48139541760658e+42,9.510505076000001e+42,2.42218478791666e+42,3.43895821963693e+42,0.2670156442,0.029708244,0.0521449525,1.9427798350000004e+42,1.1454669636912702e+42,9.157403853253e+41,4.3648669820000004e+42,2.46884586370923e+42,2.34488546141507e+42
DESY3RM-438219,355.593297245799,-55.7034647361608,0.17305374,,,,,,,,,,,,,,,,,,,,,
DESY3RM-438308,352.70359363032,-56.6118450657187,0.28594056,,,,,,,,,,,,,,,,,,,,,
DESY3RM-438360,347.723699447794,2.06080688209166,0.25068328,,,,,,,,,,,,,,,,,,,,,
DESY3RM-438567,17.7208633837577,-30.7452667002208,0.13125262,0.0223,211.0563596775501,98.61595244069385,1.736013071,0.4096473399999998,1.2239881330000002,2.2836104780000005e+42,1.0468492459133101e+42,1.2294964897670401e+42,4.901062409000001e+42,3.01450239655548e+42,2.65248059084524e+42,1.240851911,0.5895258982,0.663441612,1.611181515e+42,5.6230295140976005e+41,6.510719214606701e+41,3.045094745e+42,1.55436323102054e+42,1.8030173214583102e+42
DESY3RM-439179,72.1729857563379,-20.5957903957705,0.20334841,0.0362,530.3505732518992,38.519020061444195,1.641352641,0.1968048359999998,0.30750622,1.142190734e+43,1.49643462047014e+42,1.63991650021471e+42,2.3891811560000004e+43,3.2805010513172304e+42,5.2598530393291006e+42,1.66147141,0.219043581,0.3721707339999998,1.0127575830000002e+43,1.48586716091981e+42,1.45258601207546e+42,2.1281330620000002e+43,4.22068118727901e+42,4.83103004958192e+42
DESY3RM-439297,23.8029441368552,-0.313804633664958,0.270943,,,,,,,,,,,,,,,,,,,,,
DESY3RM-439321,29.9547482521438,0.616780683851807,0.22375724,,,,,,,,,,,,,,,,,,,,,
DESY3RM-439732,36.0529738623066,-5.48216496789583,0.2539778,0.0225,463.29184185919723,88.74893846723016,0.8101473466,0.1437012642999999,0.1325595183,3.50043739e+41,3.5004373899999004e+41,1.0879290769836601e+42,5.5984212790000006e+41,5.5984212790000006e+41,1.21753009418476e+42,1.69671393,0.3529099150000001,0.995606628,1.8734696520000003e+42,1.7557187467077503e+42,1.40856091232039e+42,3.965425777e+42,3.66254468875704e+42,2.6273048808027002e+42
DESY3RM-440002,319.051368592255,-58.7313372838268,0.28352576,,,,,,,,,,,,,,,,,,,,,
DESY3RM-440219,25.5161807459304,-0.3085615190398,0.29473263,,,,,,,,,,,,,,,,,,,,,
DESY3RM-440739,30.6896413828696,-0.732684251442014,0.16280943,,,,,,,,,,,,,,,,,,,,,
DESY3RM-441921,39.8011385845341,-29.817900639174,0.11115238,,,,,,,,,,,,,,,,,,,,,
DESY3RM-442795,17.0895827939652,0.092592669703962,0.23480019,,,,,,,,,,,,,,,,,,,,,
DESY3RM-442818,351.604336392385,-55.6892493620069,0.20435311,0.0125,478.04746570000447,43.39827854886188,1.364879439,0.199619553,0.2757492959999998,2.012372749e+42,1.58409436736388e+42,8.610282820157302e+41,4.2385322310000006e+42,3.1159215193182906e+42,2.7208187400683904e+42,1.406079543,0.4784130941999999,0.6807430370000003,3.5245149820000006e+42,2.9602275120002405e+42,2.5580212629794604e+42,7.482804095e+42,5.726524798942831e+42,5.904118397020171e+42
DESY3RM-442863,14.7901298392215,-36.0470805012363,0.23097344,,,,,,,,,,,,,,,,,,,,,
DESY3RM-442872,41.5001626545183,-42.4521071748675,0.2807134,,,,,,,,,,,,,,,,,,,,,
DESY3RM-443041,24.413040081232,-0.0598338455896909,0.27352858,,,,,,,,,,,,,,,,,,,,,
DESY3RM-443996,48.1933697598595,-54.9382723822412,0.21566458,,,,,,,,,,,,,,,,,,,,,
DESY3RM-444329,16.5406932047282,-42.09184615585,0.2237954,,,,,,,,,,,,,,,,,,,,,
DESY3RM-444630,9.32767168202028,-33.8582070203343,0.27072877,0.0128,403.3480185359821,64.0958966837679,0.08552490063,0.04118767412,0.0442556630699999,1.73016622e+41,1.73016622e+41,-1.7301616731878002e+41,2.5617323130000007e+43,2.5617323130000007e+43,-2.5616617415870493e+43,0.08640513526,0.03875459946,0.0491872116399999,1.5630581760000001e+41,1.5630581760000001e+41,8.6429854913546e+39,2.202568944e+43,2.202568944e+43,1.6774783361485752e+43
DESY3RM-445643,48.5737270877437,-29.1397062055746,0.23295999,,,,,,,,,,,,,,,,,,,,,
DESY3RM-446038,351.691567294828,-53.8119409626685,0.23032165,0.0103,370.73296123575494,20.947236156043125,0.8952272872,0.0595839246999999,0.0788591461,7.420240739000001e+42,1.4989591483828702e+42,2.48345082573333e+42,1.219998212e+43,2.82876425311095e+42,2.9364424633825503e+42,0.8382510115,0.0949287401,0.0695244215999999,6.135113084e+42,1.84447099120503e+42,2.4029837944832304e+42,9.893518704000001e+42,4.29624527019421e+42,4.35519863806534e+42
DESY3RM-446406,316.827066398015,-58.8353427083472,0.25119555,0.0418,427.8835564970903,43.42594443357451,1.006637934,0.1269607203,0.227341303,3.427072906e+42,9.481869836497002e+41,7.5836214015507e+41,5.901722064e+42,1.5502095274788402e+42,1.21915546233456e+42,1.005685199,0.1242978237999999,0.214322737,3.4390247210000006e+42,1.11755304278729e+42,4.3968332504156e+41,5.9197932e+42,1.6483069444009203e+42,7.2161403343678e+41
DESY3RM-446966,34.8026149014792,0.438422322093988,0.24110991,0.0301,536.4727242095878,130.3476047450103,2.166466472,0.8282692070000002,8.801879008,1.488950277e+42,1.4889502769999902e+42,7.3749815446789e+41,3.597089115000001e+42,1.6852505582327803e+42,5.75766462622185e+42,2.192046536,0.887923453,9.018306274,1.443796274e+42,1.443796274e+42,6.6427167801335005e+41,3.4999823420000004e+42,2.5506040831153904e+42,3.21395800380726e+42
DESY3RM-448272,336.789064731432,1.38169965916113,0.22073123,,,,,,,,,,,,,,,,,,,,,
DESY3RM-448302,36.2635419817083,-5.46246306500342,0.29820278,,,,,,,,,,,,,,,,,,,,,
DESY3RM-449436,54.7668643015466,-52.3367229058419,0.27573457,,,,,,,,,,,,,,,,,,,,,
DESY3RM-449821,31.1587961064871,-5.09796987538108,0.20118436,,,,,,,,,,,,,,,,,,,,,
DESY3RM-449922,335.395569645131,-0.813616353245369,0.14698105,,,,,,,,,,,,,,,,,,,,,
DESY3RM-449993,352.627848603839,-0.894308840692414,0.2481266,,,,,,,,,,,,,,,,,,,,,
DESY3RM-450253,19.7844939246109,-0.963545477542941,0.16311862,0.0325,726.4303463631356,90.9355920343476,2.835668419,0.6708382190000002,1.7177953219999995,6.377681501000001e+42,1.0091310523885901e+42,1.62670973991828e+42,1.616181195e+43,3.6524910552007404e+42,4.7107708256714504e+42,2.724650902,0.6282203239999999,1.262556252,6.009048627000001e+42,8.565367565504002e+41,1.5903730149012504e+42,1.4994113130000002e+43,3.52110623885797e+42,3.59348221322336e+42
DESY3RM-450437,56.1796930809423,-41.3139795885761,0.11702589,,,,,,,,,,,,,,,,,,,,,
DESY3RM-450764,23.9819275739677,0.558324374327548,0.13110371,,,,,,,,,,,,,,,,,,,,,
DESY3RM-451155,43.2321463588383,-30.7372130585736,0.2433989,,,,,,,,,,,,,,,,,,,,,
DESY3RM-452070,353.786218979091,-53.269726286825,0.2638838,0.0117,526.0060985395328,36.01792099535293,0.6858356055,0.0838516175,0.132163463,4.939004506000001e+37,4.939004506000001e+37,1.1514186914065536e+49,7.627584070000001e+37,7.627584070000001e+37,2.534782722827577e+49,0.6861811329,0.0859674965,0.1387483707999999,1.4728200610000002e+43,4.309235585683531e+42,2.83689040545571e+42,2.478092693e+43,5.86370148047952e+42,4.5638986959997806e+42
DESY3RM-454198,350.044751206229,-56.3128946708298,0.26334015,,,,,,,,,,,,,,,,,,,,,
DESY3RM-454819,22.8352566412672,-0.0444788104964981,0.25718504,,,,,,,,,,,,,,,,,,,,,
DESY3RM-455940,29.3738410149487,-22.0843138844659,0.1606725,,,,,,,,,,,,,,,,,,,,,
DESY3RM-456460,70.1179859519384,-43.7465503468521,0.16675685,,,,,,,,,,,,,,,,,,,,,
DESY3RM-456585,310.397803725364,-56.2942883655034,0.25202653,0.0565,416.6520902169431,21.63846355963418,1.199878288,0.143164493,0.148772927,5.234925064e+42,1.16263268839367e+42,7.212462627059701e+41,9.694934975e+42,1.65694790949933e+42,1.69572381229103e+42,1.232225749,0.1839552059999998,0.2826502480000001,4.134036684e+42,8.873974435345501e+41,9.6268568112252e+41,7.741827933000001e+42,1.8020303705356403e+42,2.2527604717728004e+42
DESY3RM-457017,19.5280377547369,-34.0766436125712,0.19019488,0.0235,474.30876864520127,50.035091486527854,0.01374410857,0.0028828011899999,0.00794466366,2.219075967e+38,2.219075967e+38,-1.6147479477967292e+38,1.649426929e+51,1.649426929e+51,6.999532899567197e+51,1.269994328,0.2271856609999998,0.2813673780000001,9.102286733000001e+41,9.102286733000001e+41,1.974913600322081e+46,1.7269211560000002e+42,1.7269211560000002e+42,6.389567178247998e+45
DESY3RM-459298,8.96505459646663,-43.557672620434,0.28604084,,,,,,,,,,,,,,,,,,,,,
DESY3RM-460079,41.5204280126872,-20.8321827961435,0.28595397,,,,,,,,,,,,,,,,,,,,,
DESY3RM-462477,9.05052445123118,-43.4848479663728,0.27622923,,,,,,,,,,,,,,,,,,,,,
DESY3RM-462749,0.312643311705425,-54.9178345418004,0.2847198,,,,,,,,,,,,,,,,,,,,,
DESY3RM-462875,344.356149896029,-43.2141690950406,0.22559081,,,,,,,,,,,,,,,,,,,,,
DESY3RM-463059,6.4519686963307,-33.057945463667,0.19361639,0.0127,811.2390005672562,75.33454236638688,3.390734175,0.4214446440000001,0.8204206480000003,3.110494626e+43,2.7373349560477205e+42,4.0718314231136906e+42,8.485295625e+43,1.1303974997571252e+43,9.412979735753342e+42,3.649135122,0.5402996760000001,0.8089497900000002,3.0326573150000004e+43,2.85268210141119e+42,2.8757922732404005e+42,8.543561730000001e+43,1.379520988395035e+43,7.924418151525782e+42
DESY3RM-463421,324.224350229934,-63.3678183958967,0.2471255,,,,,,,,,,,,,,,,,,,,,
DESY3RM-463975,350.096186332046,-53.0835518131067,0.28755185,,,,,,,,,,,,,,,,,,,,,
DESY3RM-464146,37.8921685496115,-4.43659999212357,0.2506929,,,,,,,,,,,,,,,,,,,,,
DESY3RM-464372,321.1288943075,-0.820126944327513,0.2623539,,,,,,,,,,,,,,,,,,,,,
DESY3RM-464758,73.248514476518,-29.7151975838638,0.27996477,,,,,,,,,,,,,,,,,,,,,
DESY3RM-466117,350.242434517136,-54.254867046569,0.17171732,,,,,,,,,,,,,,,,,,,,,
DESY3RM-466311,34.5390360170681,-3.49337314870246,0.25327888,,,,,,,,,,,,,,,,,,,,,
DESY3RM-467057,318.720548668085,-43.2026675217841,0.18953156,,,,,,,,,,,,,,,,,,,,,
DESY3RM-467872,351.291506686261,-53.106287735141,0.2465939,,,,,,,,,,,,,,,,,,,,,
DESY3RM-468215,69.9981806143451,-45.7271955763438,0.29069883,,,,,,,,,,,,,,,,,,,,,
DESY3RM-468637,342.622599098696,-44.6684343185158,0.26168394,,,,,,,,,,,,,,,,,,,,,
DESY3RM-469223,79.7607092249319,-45.7166736567929,0.13659252,,,,,,,,,,,,,,,,,,,,,
DESY3RM-469671,348.74526082005,-54.8729336634717,0.19318767,,,,,,,,,,,,,,,,,,,,,
DESY3RM-470099,36.8024243990113,-4.60047272784345,0.29296395,,,,,,,,,,,,,,,,,,,,,
DESY3RM-470568,355.333086572052,-56.1141834017822,0.15927124,,,,,,,,,,,,,,,,,,,,,
DESY3RM-470874,38.8079832374847,-29.5304886640641,0.24190573,,,,,,,,,,,,,,,,,,,,,
DESY3RM-471671,322.317950395839,-50.6373749663544,0.26484597,0.0228,377.7878148693898,30.56790092554511,0.9777700457,0.1038299138,0.0906381202999999,1.8286036e+37,1.8286036e+37,1.055385353412912e+49,3.110273238e+37,3.110273238e+37,1.624607788536462e+49,1.088831619,0.0834504600000001,0.2196381739999999,2.964294257e+42,1.1159366348741201e+42,1.11164422849363e+42,5.302452771e+42,3.12588373904737e+42,1.7640479217469502e+42
DESY3RM-471903,10.1219748924998,-51.2656485568375,0.24815673,,,,,,,,,,,,,,,,,,,,,
DESY3RM-472259,307.806023223005,-40.4074971294255,0.29103494,,,,,,,,,,,,,,,,,,,,,
DESY3RM-472528,55.2858097392652,-21.2399647255613,0.29938778,,,,,,,,,,,,,,,,,,,,,
DESY3RM-473046,316.740272988814,-58.7825294293452,0.27193713,,,,,,,,,,,,,,,,,,,,,
DESY3RM-473402,31.8645702644599,-4.26746894177983,0.22755556,,,,,,,,,,,,,,,,,,,,,
DESY3RM-474475,41.6845631394679,-20.3603390159826,0.27378735,,,,,,,,,,,,,,,,,,,,,
DESY3RM-474947,37.9118338960194,-4.6155491351029,0.25728044,,,,,,,,,,,,,,,,,,,,,
DESY3RM-475037,53.1593001554781,-50.6032732208914,0.25859427,,,,,,,,,,,,,,,,,,,,,
DESY3RM-475099,34.9931480177633,-19.2264351983539,0.21260892,,,,,,,,,,,,,,,,,,,,,
DESY3RM-475238,69.3910374794786,-47.2181714550087,0.23954149,,,,,,,,,,,,,,,,,,,,,
DESY3RM-476709,319.357057634479,-59.3528762719756,0.13467942,,,,,,,,,,,,,,,,,,,,,
DESY3RM-478444,9.25274033331518,-42.8641981081338,0.28747728,,,,,,,,,,,,,,,,,,,,,
DESY3RM-478692,356.13947740053,-56.0544411289914,0.19964044,0.0117,174.22663882024887,20.68600645682303,0.2522357458,0.1122893537,0.5999884086,6.4689998590000005e+41,4.7235899113409e+41,2.4156465474345004e+41,1.56374474e+42,7.3317824328712e+41,7.0550483074829e+41,0.03449485625,0.0127423958199999,0.1594806142499999,5.790233467000001e+40,5.790233467000001e+40,3.33937806112e+40,1.915905564e+46,1.915905564e+46,2.0614237179740586e+46
DESY3RM-479482,25.2584178887846,0.30747410445698,0.15070577,0.0329,467.41458676498246,68.7005052478191,1.329335823,0.1502681490000001,0.3416136359999999,2.5755297890000002e+42,9.261450976411e+41,7.5786398069993e+41,5.031836395e+42,1.8657266933150103e+42,1.27989126193466e+42,0.7043162917,0.2131185646,0.2907366966,2.3058654120000003e+42,8.037991279702201e+41,5.242661387002201e+41,3.6008361050000005e+42,1.49588456024291e+42,1.0879356164636002e+42
DESY3RM-480368,36.5056362708272,-5.20220862835662,0.26843074,,,,,,,,,,,,,,,,,,,,,
DESY3RM-480477,349.107417234279,-54.8299387350299,0.22525404,,,,,,,,,,,,,,,,,,,,,
DESY3RM-480721,67.6188196573973,-44.1812192026256,0.29945248,,,,,,,,,,,,,,,,,,,,,
DESY3RM-481132,355.784214774828,-53.5348773028133,0.14702545,0.0111,417.4396296416875,26.05386900992496,0.9982766902,0.1338077099,0.2307457948,1.8482861170000002e+42,1.8482861170000002e+42,1.9433822451972085e+45,3.1872779870000005e+42,3.1872779870000005e+42,3.690535751062168e+45,0.9686403383,0.1952630332999999,0.2533645527000001,1.2776993970000002e+42,1.2776993970000002e+42,4.871405454970877e+44,2.1751423940000003e+42,2.1751423940000003e+42,8.988980850885639e+44
DESY3RM-482080,48.5800292472145,-54.9462116882428,0.21648231,,,,,,,,,,,,,,,,,,,,,
DESY3RM-482995,38.255474673925,-5.05926334470166,0.19932084,0.0218,806.4130724177502,109.39032353044193,3.495582193,0.8963391030000003,1.672120977,8.393335835000001e+42,1.53176247335662e+42,1.82307978027432e+42,2.313225651e+43,5.79675791810338e+42,7.867739634363851e+42,3.697862659,0.994746918,1.9415270920000005,8.807704279000001e+42,1.52484609613053e+42,1.4510217398051002e+42,2.4889905440000004e+43,6.43150070528997e+42,5.182387106357351e+42
DESY3RM-483294,18.000065222501,0.224491394725405,0.26847064,,,,,,,,,,,,,,,,,,,,,
DESY3RM-483448,346.724100334902,-51.4939289059373,0.2466822,,,,,,,,,,,,,,,,,,,,,
DESY3RM-483589,346.496075438065,-51.2472827243113,0.28919467,,,,,,,,,,,,,,,,,,,,,
DESY3RM-483763,36.0482775695454,-9.35342046255413,0.27447337,,,,,,,,,,,,,,,,,,,,,
DESY3RM-487046,354.970162342531,-53.3143777849324,0.28169364,,,,,,,,,,,,,,,,,,,,,
DESY3RM-487685,23.9209619869795,0.614714854629889,0.21556473,,,,,,,,,,,,,,,,,,,,,
DESY3RM-488800,77.6844592241368,-51.5879367391994,0.20543833,,,,,,,,,,,,,,,,,,,,,
DESY3RM-490138,77.8914435143869,-34.1538765730877,0.26119408,,,,,,,,,,,,,,,,,,,,,
DESY3RM-490191,22.0086653287757,-0.452347416022613,0.27031684,,,,,,,,,,,,,,,,,,,,,
DESY3RM-490654,80.0895693524415,-45.9737249362334,0.15928425,,,,,,,,,,,,,,,,,,,,,
DESY3RM-490697,36.6509409120739,-3.0323939583164,0.2807921,,,,,,,,,,,,,,,,,,,,,
DESY3RM-490975,349.381245413744,-53.4090485512598,0.24781848,,,,,,,,,,,,,,,,,,,,,
DESY3RM-491232,5.40635732450764,-48.5530115524346,0.29567945,,,,,,,,,,,,,,,,,,,,,
DESY3RM-492992,46.2019699146786,-12.0173580118642,0.29176158,,,,,,,,,,,,,,,,,,,,,
DESY3RM-493534,54.8698515462923,-35.7684570757922,0.22263184,,,,,,,,,,,,,,,,,,,,,
DESY3RM-494193,16.7754787778881,0.683254693025615,0.26802158,,,,,,,,,,,,,,,,,,,,,
DESY3RM-494463,14.2953725885383,0.589359423383857,0.21362743,,,,,,,,,,,,,,,,,,,,,
DESY3RM-496055,48.306387947727,-55.0331951775687,0.117142595,,,,,,,,,,,,,,,,,,,,,
DESY3RM-497449,1.05126053247012,-36.0384373666116,0.24011678,0.0119,472.84684144969646,26.087457119104993,1.384263048,0.111097857,0.4258340579999999,6.9167729120000005e+41,6.3016005115989e+41,5.919952104424501e+41,1.3697577090000001e+42,1.21924337084846e+42,1.25943785586243e+42,1.371414047,0.1027748079999999,0.340168545,4.125457818e+41,4.125457818e+41,6.105306052050001e+41,8.148902252000001e+41,8.148902252000001e+41,1.43501019852745e+42
DESY3RM-499295,36.300167659624,-5.40243500505164,0.29809535,,,,,,,,,,,,,,,,,,,,,
DESY3RM-499582,32.6993001552278,-0.400642711221978,0.23048912,0.0243,188.02432028153078,32.17082038692173,0.2607793056,0.0687944922,0.1276233975999999,3.548923109e+41,3.3734014798287e+41,2.4500787463194e+41,8.121475468000001e+41,7.9218683844341e+41,8.201543476390401e+41,3.485305627,3.485305627,-3.485305627,2.3368600050000002e+41,2.3368600050000002e+41,1.2843884752755001e+41,6.438706523000001e+41,6.438706523000001e+41,1.1644795914579302e+42
DESY3RM-500466,355.305443473776,-51.2115555413834,0.2832145,0.0117,587.0640484198032,86.20647766320133,0.2669699364,0.0650670992999999,0.0951991326,3.5731160500000004e+38,3.5731160500000004e+38,8.178466065777019e+44,7.890635947e+38,7.890635947e+38,1.0574550315057457e+45,0.2581919758,0.0688385868999999,0.108442117,1.9050615770000003e+42,1.9050615770000003e+42,3.4543993466049026e+50,4.376096288e+42,4.376096288e+42,1.2254992700398636e+51
DESY3RM-500927,31.2956437613722,-5.06024084637553,0.23002419,,,,,,,,,,,,,,,,,,,,,
DESY3RM-501214,305.156012863469,-52.5427349153104,0.29661605,,,,,,,,,,,,,,,,,,,,,
DESY3RM-501754,18.0880423682662,2.3371321495888,0.24122588,,,,,,,,,,,,,,,,,,,,,
DESY3RM-502133,24.7743030588616,-34.224114552464,0.11007873,,,,,,,,,,,,,,,,,,,,,
DESY3RM-502411,50.7421008688521,-41.4797225728293,0.25964975,0.0148,405.3518198189883,34.262481839709416,0.02734639837,0.00990740563,0.01144074017,8.387798026e+35,8.387798026e+35,9.882077475550948e+43,7.501272139e+42,7.501272139e+42,2.7178685621120964e+50,1.092429352,0.3097248829999999,0.4969778630000001,7.421231311e+42,7.421231311e+42,5.58585660581635e+42,1.328654228e+43,1.3277943915251883e+43,1.552825619967955e+43
DESY3RM-502489,302.20659528969,-56.5241058790092,0.14750572,,,,,,,,,,,,,,,,,,,,,
DESY3RM-503068,352.938146929345,-57.5326936449501,0.1743234,,,,,,,,,,,,,,,,,,,,,
DESY3RM-503213,36.950787117252,-5.01334748296792,0.29539308,0.0218,868.4297788897204,355.41931164251355,0.8771832779,0.0719962754999999,0.1001621202,2.6466480010000004e+42,1.81944404629425e+42,1.53581059599236e+42,4.310000477e+42,3.4629709421912304e+42,2.6271736012602502e+42,0.8843334588,0.0821404591,0.1003002883999999,2.0965003080000002e+42,1.8744196776392002e+42,1.9845749032229e+42,3.4231586500000006e+42,2.9534768043349604e+42,1.9680805677495402e+42
DESY3RM-503706,8.75468029299444,-27.3658314254822,0.109370716,,,,,,,,,,,,,,,,,,,,,
DESY3RM-504665,41.8286132817384,-8.3568651240569,0.2712763,,,,,,,,,,,,,,,,,,,,,
DESY3RM-505158,22.2101131210312,0.216768824117157,0.29971403,,,,,,,,,,,,,,,,,,,,,
DESY3RM-505666,14.1929474106483,-22.2490866763743,0.22614902,0.0129,322.2984623585852,34.757532808042114,0.7933967746,0.1680758799,0.1356398649,1.0992174940000001e+42,4.2236668248481e+41,3.6790480318070004e+41,1.889048765e+42,7.405818436879101e+41,6.406301107567001e+41,0.6853055344,0.115753423,0.1538261346,8.238074439e+41,4.2292107106371e+41,2.5294440429749004e+41,1.3878029870000001e+42,9.630862093770401e+41,6.193206143044401e+41
DESY3RM-505872,54.4832335086723,-35.1581564337084,0.26168594,,,,,,,,,,,,,,,,,,,,,
DESY3RM-507626,32.4784202641839,-4.04599744856014,0.29274035,,,,,,,,,,,,,,,,,,,,,
DESY3RM-507702,35.5523746136787,-4.19286156416734,0.25598723,,,,,,,,,,,,,,,,,,,,,
DESY3RM-510723,30.337879763277,-1.00167391158466,0.10913614,,,,,,,,,,,,,,,,,,,,,
DESY3RM-511050,324.639793024867,-60.1657009643331,0.12229148,,,,,,,,,,,,,,,,,,,,,
DESY3RM-511543,15.7417943496181,-21.7815973216761,0.22951974,,,,,,,,,,,,,,,,,,,,,
DESY3RM-511588,348.906243572722,-55.0214759802365,0.25927487,,,,,,,,,,,,,,,,,,,,,
DESY3RM-511999,42.2451254653203,-2.17339290295384,0.25046074,,,,,,,,,,,,,,,,,,,,,
DESY3RM-512122,44.6753222622317,0.321136651555583,0.18541132,,,,,,,,,,,,,,,,,,,,,
DESY3RM-514396,357.412811793188,-54.0142054902869,0.2801361,,,,,,,,,,,,,,,,,,,,,
DESY3RM-515077,24.9186386879373,-24.8672683229212,0.24333112,0.0109,358.418963201438,33.80534115597734,0.8592277901,0.1251649094,0.1298998657999999,5.136127723e+41,2.8612714981808003e+41,1.5690435441438e+41,8.317646728000002e+41,3.4134731346326004e+41,3.4440661890133006e+41,1.362109878,0.5147299500000001,-1.362109878,1.196572672e+41,1.196572672e+41,2.3441501933157003e+41,2.3443480760000005e+41,2.3443480760000005e+41,5.8877223092445006e+41
DESY3RM-517856,35.6051478129547,-5.42579711720341,0.27854317,,,,,,,,,,,,,,,,,,,,,
DESY3RM-518813,352.463250389369,-55.2721985381295,0.21489716,0.0112,473.55380388062645,39.11442428789674,1.723054179,0.484376927,5.789188501,7.031484118000001e+30,7.031484118000001e+30,1.6244707986857933e+59,1.498258821e+31,1.498258821e+31,1.2940818148535197e+57,1.722822106,0.460711139,-1.722822106,6.932748675e+27,6.932748675e+27,9.230119196358258e+54,1.4771645430000002e+28,1.4771645430000002e+28,4.4569730409188385e+55
DESY3RM-520168,51.9848557898225,-28.6494651352913,0.12868091,0.00937,499.07737978766556,31.802715044861188,1.4313398,0.1560061689999998,0.5542477400000001,2.1430723780000002e+42,2.1430723780000002e+42,8.414243921798884e+46,4.3088702700000005e+42,4.3088702700000005e+42,1.2069662842951543e+47,1.407282864,0.1311316819999999,0.4904384530000001,2.233066902e+42,2.233066902e+42,-2.233066902e+42,4.4679469490000004e+42,4.4679469490000004e+42,-4.4679469490000004e+42
DESY3RM-521866,334.035649431345,-0.342840028221378,0.15594365,0.0491,374.1968971419683,49.087285835403904,0.854419746,0.1874003444,0.1161329227999999,7.180220642000001e+41,7.180220642000001e+41,5.929731370504601e+41,1.1677556360000001e+42,1.1677556360000001e+42,1.70492990434947e+42,0.7291124184,0.2717195885999999,0.2750896346,6.635812746000001e+41,6.635812746000001e+41,6.213929933285e+41,1.041964063e+42,9.226418423921802e+41,9.9342803700396e+41
DESY3RM-524169,323.203524978193,-43.1228120209024,0.27468026,,,,,,,,,,,,,,,,,,,,,
DESY3RM-525035,15.3713774965368,-0.261822124076236,0.22143316,0.0303,392.17378898037407,44.86383162690541,3.878520117,1.610250293,7.088620463000001,9.746810797000002e+41,9.746810797000002e+41,1.2787722653805e+42,2.8153038160000004e+42,2.8153038147531906e+42,4.429840974302781e+42,3.418513451,1.3303148339999995,5.239973268000001,9.456688328000001e+41,9.456688328000001e+41,8.2856777931541e+41,2.5803614990000003e+42,2.5803614990000003e+42,2.79929720722601e+42
DESY3RM-526581,69.5801790454791,-54.3773532504621,0.20144475,,,,,,,,,,,,,,,,,,,,,
DESY3RM-526727,22.657033245942,-60.7759040159799,0.24563545,,,,,,,,,,,,,,,,,,,,,
DESY3RM-527941,61.9706482929524,-31.0844688146502,0.1960558,,,,,,,,,,,,,,,,,,,,,
DESY3RM-528255,356.893346076037,-56.6632212795211,0.23434737,0.011,389.26138743372275,46.470613909725074,3.09158627,1.3786615480000002,5.626046364999999,1.991054136e+42,8.485331552195302e+41,8.4429220580005e+41,5.2014328780000005e+42,5.1938054705330004e+42,2.0245871712348602e+42,3.073053837,1.3200166679999998,5.643884154,1.884832128e+42,1.03690892649685e+42,9.2567821556649e+41,4.9114814180000007e+42,2.3446659163921602e+42,2.07587901207804e+42
DESY3RM-528617,97.5225354139871,-54.6035018233943,0.12837097,0.072,194.8015027814844,111.64781404873467,0.03610913078,0.03610913078,-0.03610913078,1.4749459760000001e+41,1.4749459760000001e+41,-1.4749459759427001e+41,6.379441657000001e+46,6.379441657000001e+46,2.318654246833343e+56,6.070666079,6.070666079,-6.070666079,2.0984548440000002e+49,2.0984548440000002e+49,-2.0984548440000002e+49,7.422195577000001e+49,7.422195577000001e+49,1.2461674587288295e+54
DESY3RM-529728,90.2224569552796,-50.388229521966,0.2479986,,,,,,,,,,,,,,,,,,,,,
DESY3RM-530387,51.9270070440723,-53.1940571267895,0.11991287,,,,,,,,,,,,,,,,,,,,,
DESY3RM-531019,38.6533440813288,-29.8013372917509,0.22863105,,,,,,,,,,,,,,,,,,,,,
DESY3RM-531211,352.796971132506,-55.9319624908052,0.20493044,,,,,,,,,,,,,,,,,,,,,
DESY3RM-531614,15.9189994540753,-6.53453740136542,0.20821401,,,,,,,,,,,,,,,,,,,,,
DESY3RM-532462,349.731592716697,-54.8260881162772,0.21610802,,,,,,,,,,,,,,,,,,,,,
DESY3RM-532916,348.702606182289,-49.6242951473348,0.2145938,,,,,,,,,,,,,,,,,,,,,
DESY3RM-533012,35.17584072199,-3.47937997723813,0.23657419,,,,,,,,,,,,,,,,,,,,,
DESY3RM-533448,24.8177050276992,-18.023060888486,0.25038075,0.0142,211.50972411260827,27.469272790095,0.1695940886,0.1695940886,-0.1695940886,6.930072117000001e+54,6.930072117000001e+54,6.847969206399239e+53,3.8684457580000005e+55,3.8684453058676515e+55,1.4757916439537208e+56,0.3432531757,0.0708127122,0.2162638102999999,3.5751056950000004e+53,3.2545864280000004e+53,2.7889274223572002e+57,6.503633820000001e+53,4.083363791e+53,3.1215287156209003e+57
DESY3RM-533529,65.669495928605,-38.9558522164215,0.23045698,,,,,,,,,,,,,,,,,,,,,
DESY3RM-535302,322.280217307125,-57.5273823941096,0.25319606,,,,,,,,,,,,,,,,,,,,,
DESY3RM-536316,39.2698976763111,-27.6506869187809,0.22532275,,,,,,,,,,,,,,,,,,,,,
DESY3RM-536748,8.0108512336811,-59.0546906296506,0.28750312,,,,,,,,,,,,,,,,,,,,,
DESY3RM-537340,17.3959213189688,-64.2146517227738,0.21722841,,,,,,,,,,,,,,,,,,,,,
DESY3RM-537347,14.3281381432808,-0.054361542101611,0.29314947,,,,,,,,,,,,,,,,,,,,,
DESY3RM-538623,13.9458838412914,-1.08645517458039,0.28423536,,,,,,,,,,,,,,,,,,,,,
DESY3RM-538857,359.284072293494,-60.5478601289893,0.28067064,,,,,,,,,,,,,,,,,,,,,
DESY3RM-539296,24.850193675731,-34.9227480439286,0.27290386,,,,,,,,,,,,,,,,,,,,,
DESY3RM-539673,62.0877903817799,-21.2205284924181,0.29210386,0.0198,466.6805060998893,46.19234828129976,1.375568702,0.120674522,0.3102698019999999,1.1681940590000002e+53,1.0661830930000001e+53,2.691498602e+53,2.2757069690000004e+53,1.5558601270000002e+53,4.988572668e+53,1.370002409,0.1276195399999999,0.276526749,7.935242213000002e+24,7.935242213000002e+24,5.861562650511492e+32,1.544131523e+25,1.544131523e+25,3.410581789134995e+57
DESY3RM-539769,22.4266432776487,-42.1562543589516,0.110775724,,,,,,,,,,,,,,,,,,,,,
DESY3RM-540131,33.0595440240392,-9.58637175374462,0.28124905,,,,,,,,,,,,,,,,,,,,,
DESY3RM-540206,5.51208778199229,0.100706414453679,0.26496398,0.0282,660.60937515548,24.37220432225117,2.56121191,0.1456228159999999,0.145401445,1.3124594690000001e+44,3.0058575897324603e+42,4.99103324077569e+42,3.1875191410000003e+44,1.349450804499218e+43,1.155914721573618e+43,2.553922608,0.147994557,0.147075354,1.2677504530000002e+44,4.5508489352783604e+42,3.38208417203564e+42,3.0756486680000002e+44,1.670218696303942e+43,1.32093168674448e+43
DESY3RM-540268,41.8722931717648,-3.62466972049347,0.27890077,0.0314,525.1434489062821,68.12777232548925,1.720893487,0.3700741350000001,1.0739089369999997,2.9846890800000005e+42,4.202891866235801e+41,1.5447101500552202e+42,6.344314412000001e+42,2.33586492372657e+42,3.61866586242474e+42,1.720276107,0.3585878580000001,0.9774350369999998,2.8689883170000003e+42,9.719796428974902e+41,1.51969734344903e+42,6.097763082e+42,2.3651442689223603e+42,3.6507032450284505e+42
DESY3RM-541108,314.209530227004,-55.1718856587741,0.11863892,,,,,,,,,,,,,,,,,,,,,
DESY3RM-541260,18.5693662695751,-0.472855412238836,0.17060101,,,,,,,,,,,,,,,,,,,,,
DESY3RM-544132,351.938766416055,-54.374324818435,0.19887064,,,,,,,,,,,,,,,,,,,,,
DESY3RM-544267,39.2602064772432,-25.39589572429,0.19890101,0.0232,500.83585785357667,26.142115119712553,1.481160618,0.115902023,0.1080826879999998,6.615434516000001e+42,4.664427463412101e+41,4.8547845101275006e+41,1.329676078e+43,9.675620667425402e+41,1.307131410725e+42,1.461274887,0.102959202,0.11543265,6.162159976e+42,5.3248174217667005e+41,5.7862435079294005e+41,1.2334543000000002e+43,1.2224535714861102e+42,1.47549192056624e+42
DESY3RM-545969,21.0036641667729,-35.2657992427636,0.29239926,,,,,,,,,,,,,,,,,,,,,
DESY3RM-546791,62.9471232069831,-52.9972224907016,0.26849362,0.0131,191.05871868505665,22.05461764499409,2.16778801,0.2433266730000001,0.3863750879999998,4.061355431000001e+42,4.061355431000001e+42,-1.1082825884905e+41,9.295093266e+42,9.295093266e+42,-2.5675285849720002e+41,2.067052782,0.2934840710000002,0.3646255709999999,3.186691511e+42,1.2615956505603702e+42,4.4650349310280004e+41,7.173238652e+42,3.5357230797520104e+42,7.6189972501014e+41
DESY3RM-550452,24.9345931193313,-54.7364681075462,0.2794898,,,,,,,,,,,,,,,,,,,,,
DESY3RM-552492,355.247755598465,-52.8708203341356,0.27020383,,,,,,,,,,,,,,,,,,,,,
DESY3RM-552602,351.824417713854,-0.870680496428437,0.28095266,,,,,,,,,,,,,,,,,,,,,
DESY3RM-553133,31.8707636017078,2.65817469856434,0.19024155,0.028,370.1234736415754,36.22613770596493,0.2564833677,0.0732127842,0.2562137171999999,1.6630608200000002e+42,1.6630608200000002e+42,3.52401115652424e+54,3.9168254440000003e+42,3.9168254440000003e+42,1.3404059149466677e+55,0.6218536863,0.3324364719,0.2729546029999999,1.1302366760000001e+42,1.1302366760000001e+42,3.865903542734196e+47,1.7522908910000002e+42,1.7522908910000002e+42,5.73172579387825e+47
DESY3RM-553251,89.0357467269394,-33.2794425423571,0.25047657,,,,,,,,,,,,,,,,,,,,,
DESY3RM-554187,81.1855951178592,-33.9441977573846,0.19836956,,,,,,,,,,,,,,,,,,,,,
DESY3RM-555110,352.510504893364,-55.173007868182,0.22555155,,,,,,,,,,,,,,,,,,,,,
DESY3RM-556136,351.139599758221,-53.3679014150176,0.26741186,,,,,,,,,,,,,,,,,,,,,
DESY3RM-558944,84.753063509817,-41.0007070866301,0.23168658,,,,,,,,,,,,,,,,,,,,,
DESY3RM-562050,38.3711544937116,-5.86370230726566,0.26490805,,,,,,,,,,,,,,,,,,,,,
DESY3RM-562244,29.9831079708172,0.43249239729443,0.2553858,,,,,,,,,,,,,,,,,,,,,
DESY3RM-563408,32.440296627465,-5.32452627213963,0.12646914,,,,,,,,,,,,,,,,,,,,,
DESY3RM-564809,75.2699664068561,-38.604827500379,0.15423137,0.0207,1165.5195285333991,56.70652288044763,6.529073739,0.5733229290000006,0.8212405189999998,5.041552592000001e+43,2.11449480937464e+42,1.8752785964791702e+42,1.869735965e+44,1.170097002722036e+43,9.056635550748872e+42,6.528655818,0.5750752109999997,0.8123770820000003,4.954643742e+43,2.3151654676426405e+42,2.1017247998646303e+42,1.8374459310000003e+44,1.272702627896201e+43,9.09955852430599e+42
DESY3RM-566423,324.202987430147,-62.9703700804412,0.22605272,,,,,,,,,,,,,,,,,,,,,
DESY3RM-566448,54.7059128835742,-23.1674642367261,0.23897386,,,,,,,,,,,,,,,,,,,,,
DESY3RM-569224,352.856288933449,-54.175450585566,0.24721946,0.0125,313.8842339727309,26.757200125829847,0.6850824964,0.1664812083,0.1680480294,4.734381362000001e+40,4.734381361999e+40,4.2093998214704295e+45,7.314703935000001e+40,7.314703935000001e+40,5.607839666815712e+45,0.755011988,0.2164940927999999,0.1812909647999999,9.238787649000002e+40,9.238787649000002e+40,2.5513543649154943e+45,1.4556787200000001e+41,1.4556787200000001e+41,4.154849299012058e+45
DESY3RM-570226,52.8973111379827,-28.3884780362003,0.2778053,0.00664,506.71085281870876,72.19223805311346,1.627734089,1.0010283167,0.759912286,1.740947939e+34,1.740947939e+34,1.2560052598734602e+42,3.6240732010000003e+34,3.6240732010000003e+34,4.62928019152362e+42,1.30101642,0.3730534481000001,0.4158685469999998,1.1989635410000003e+37,1.1989635410000003e+37,1.87168605854414e+42,2.3013546440000005e+37,2.3013546440000005e+37,2.4181823373626804e+42
DESY3RM-570230,10.7670104982253,0.0788645119079457,0.21834676,,,,,,,,,,,,,,,,,,,,,
DESY3RM-571844,352.241044698781,-52.2429582764134,0.23771293,0.0103,687.3222782842869,43.81244068906062,2.669499511,0.2865142570000003,0.2766302649999996,5.031887197e+43,3.03877516388866e+42,2.45641671682178e+42,1.2420937970000003e+44,1.059698994740836e+43,7.454851298127941e+42,2.650445529,0.3192892570000003,0.3157129599999999,4.356810187e+43,2.30747538751695e+42,3.18868173438386e+42,1.0724871670000002e+44,8.269752640196681e+42,6.08480153405811e+42
DESY3RM-573849,31.1443908031223,-4.66262396630822,0.18685266,0.0183,924.9719578922825,217.69228501233823,4.861484353,2.205508029,10.012141557,8.290962176e+42,3.6317486028238406e+42,1.1782771403810601e+42,2.6695704490000002e+43,1.583037966323464e+43,8.50477854455518e+42,,,,,,,,,
DESY3RM-574012,29.3093011369904,-21.9972499841086,0.27351418,,,,,,,,,,,,,,,,,,,,,
DESY3RM-575048,325.090620482735,-43.0171830680067,0.10378974,,,,,,,,,,,,,,,,,,,,,
DESY3RM-575240,333.535219455498,0.816505588469755,0.1668982,,,,,,,,,,,,,,,,,,,,,
DESY3RM-577434,52.1913585072643,-52.984585233053,0.17666125,,,,,,,,,,,,,,,,,,,,,
DESY3RM-579179,8.5896173468775,-2.06016262890151,0.22794776,0.0286,816.4463966120766,101.8550297986203,3.125873909,0.5714980240000003,0.999338379,4.524040558e+43,8.6723180623451e+42,7.33130187649876e+42,1.190641982e+44,3.5080871963106835e+43,2.0485886555588273e+43,3.150197887,0.587203798,1.0241217039999997,4.2884426460000006e+43,8.49570614394774e+42,6.639668723703581e+42,1.1323399270000001e+44,3.2964297127094903e+43,1.9850784969358903e+43
DESY3RM-580919,75.485153559628,-24.4194043304722,0.2795445,,,,,,,,,,,,,,,,,,,,,
DESY3RM-581502,63.5359276307937,-21.9934106937346,0.29698482,0.0208,422.7502074671808,47.12393729309101,1.14053527,0.1331581969999999,0.216698976,6.555869815000001e+41,6.555869815000001e+41,6.2724545224368e+41,1.181881015e+42,1.181881015e+42,1.16240198435686e+42,1.100745111,0.1033949005,0.2319688980000001,5.993732278e+41,5.778745648337101e+41,6.1550007541112e+41,1.068386958e+42,1.068386958e+42,8.9176294807675e+41
DESY3RM-582159,53.5299164526463,-38.9974650552954,0.20792931,0.0137,984.7794862671113,46.424815849541964,4.715896714,0.3902201210000005,0.3901815849999996,4.501466723000001e+43,1.0938772741426401e+42,1.1539542265741102e+42,1.42831972e+44,5.2673826987501105e+42,6.87891468842107e+42,4.915600312,0.4232508789999993,0.4236080330000007,4.0852295540000005e+43,1.1313246836412202e+42,1.1188671312744902e+42,1.3225264080000001e+44,5.906661348983451e+42,8.00324689037195e+42
DESY3RM-584254,61.0140567609225,-37.2026650634543,0.28151858,,,,,,,,,,,,,,,,,,,,,
DESY3RM-585558,77.8577994444542,-51.3191669332788,0.2710712,,,,,,,,,,,,,,,,,,,,,
DESY3RM-585560,38.318327779688,-10.767560402044,0.23470862,,,,,,,,,,,,,,,,,,,,,
DESY3RM-587686,55.8858319600905,-54.6438105850403,0.27733406,,,,,,,,,,,,,,,,,,,,,
DESY3RM-588093,53.8278388907826,-27.6267306041676,0.27461785,0.00728,363.42265267351695,41.44785170448814,0.2579268931,0.0627180866,0.0842344405,4.865279514e+41,4.865279514e+41,6.084308262455201e+41,1.1223777340000001e+42,1.1223777340000001e+42,1.55198264266291e+42,0.2516210026,0.0648918570999999,0.0907171909,3.3042619820000004e+41,3.3042619820000004e+41,8.639617803127202e+41,7.846909726000002e+41,7.846909726000002e+41,1.3233714850269201e+42
DESY3RM-588363,36.4866308029375,-8.76113760351915,0.27727735,,,,,,,,,,,,,,,,,,,,,
DESY3RM-588565,302.691370607326,-56.2560977920695,0.24584325,,,,,,,,,,,,,,,,,,,,,
DESY3RM-590394,353.053658342119,-56.4255660055855,0.29132587,,,,,,,,,,,,,,,,,,,,,
DESY3RM-590743,303.506802234407,-56.9693644232633,0.124967754,0.0418,182.8541010294165,32.68216760294859,0.1146409325,0.04321409,0.080493026,7.018155245000001e+40,7.018155245000001e+40,8.457823298494034e+69,2.4880525840000003e+42,2.4880525840000003e+42,1.865116727160209e+71,,,,,,,,,
DESY3RM-592661,322.535605255669,-50.5310295905265,0.11515435,,,,,,,,,,,,,,,,,,,,,
DESY3RM-593102,30.5235439293718,-5.26160954309626,0.18931487,0.022,358.4701867089536,43.291190497548484,0.8617613869,0.0918853301,0.1127519742999999,8.485404525e+41,2.9616952648249005e+41,2.2537787902594e+41,1.3782935220000001e+42,5.7108431954019004e+41,3.3367537502664e+41,0.8616477212,0.1134674029,0.1300795060999999,8.493709980000001e+41,3.4069110705250006e+41,1.6244841487682001e+41,1.379596151e+42,6.510503108883801e+41,5.077503700313601e+41
DESY3RM-594429,303.645905618597,-57.2024685272373,0.2103933,,,,,,,,,,,,,,,,,,,,,
DESY3RM-597217,14.4795620765342,0.433296604123327,0.23149772,,,,,,,,,,,,,,,,,,,,,
DESY3RM-598217,35.0677475769891,-4.07799919654355,0.14887865,,,,,,,,,,,,,,,,,,,,,
DESY3RM-598386,38.9085826295491,-44.2383234694188,0.29934525,,,,,,,,,,,,,,,,,,,,,
DESY3RM-599356,347.630976447653,-43.4707188827647,0.22472358,,,,,,,,,,,,,,,,,,,,,
DESY3RM-600963,37.350653810644,-9.6643691986883,0.28811848,,,,,,,,,,,,,,,,,,,,,
DESY3RM-601481,10.6030592707832,-44.4063093077705,0.2474729,0.0203,483.4481648217081,19.48070164999271,1.468753496,0.075745261,0.0711804529999999,1.8409083100000002e+52,1.8409083100000002e+52,7.92309781264115e+52,3.707375254e+52,3.707375254e+52,1.4626464218267883e+53,1.499643121,0.07165862,0.0677064539999998,3.103787306000001e+52,3.103787306000001e+52,7.193711926389418e+52,6.291285088e+52,6.291285088e+52,1.8126559141090946e+53
DESY3RM-601581,37.2872675136391,-60.5840741624667,0.23584639,0.0283,436.37000174345343,23.85956788713336,1.20973987,0.0976087479999998,0.0815816980000001,1.210313366e+43,1.3138827658045202e+42,9.4462138154371e+41,2.248388578e+43,2.5879938615925703e+42,2.27384376249451e+42,1.225265091,0.0999607040000001,0.0830644359999999,1.0930777390000001e+43,1.0640396580307102e+42,1.0573086552980501e+42,2.041416975e+43,3.372226484476961e+42,2.20177576928322e+42
DESY3RM-604442,44.466545417812,-23.3258506818318,0.23646803,,,,,,,,,,,,,,,,,,,,,
DESY3RM-605794,348.384023881398,-53.9132062972331,0.14979492,,,,,,,,,,,,,,,,,,,,,
DESY3RM-605827,36.9631536294909,-2.76450203054964,0.29635477,,,,,,,,,,,,,,,,,,,,,
DESY3RM-605869,36.2942370761976,2.95509431739984,0.25459987,0.032,509.65136935488744,107.41107450635062,0.9178381131,0.3497470442999999,0.6179782369,1.8549433590000004e+42,9.0050928824172e+41,7.2458667165286e+41,3.0795102440000004e+42,1.35352709599917e+42,1.3809110480128501e+42,0.0888327005,0.04438349553,0.0805056258999999,1.827045924e+42,1.827045924e+42,-2.4843923743195004e+41,2.1118221930000003e+44,2.1118221930000003e+44,-1.308085713564457e+43
DESY3RM-607927,34.1649799282713,-48.0937307645388,0.15239851,,,,,,,,,,,,,,,,,,,,,
DESY3RM-608421,53.9682246848291,-28.6364061838279,0.24749038,,,,,,,,,,,,,,,,,,,,,
DESY3RM-609035,27.3455164654147,0.226419085796533,0.22713186,,,,,,,,,,,,,,,,,,,,,
DESY3RM-609157,323.642925076126,-1.10670019633004,0.121674925,,,,,,,,,,,,,,,,,,,,,
DESY3RM-612474,76.8941868205697,-37.3491482665001,0.27091587,,,,,,,,,,,,,,,,,,,,,
DESY3RM-612577,73.6126484793422,-20.3445933020086,0.27416334,,,,,,,,,,,,,,,,,,,,,
DESY3RM-613803,38.3949175238829,-44.3093219958369,0.27312273,,,,,,,,,,,,,,,,,,,,,
DESY3RM-615730,322.830649485847,-42.9218627071372,0.1424795,,,,,,,,,,,,,,,,,,,,,
DESY3RM-616058,19.8726632461451,-0.25886247548533,0.23276864,,,,,,,,,,,,,,,,,,,,,
DESY3RM-617839,34.0235528593054,-9.3432480989853,0.29232657,,,,,,,,,,,,,,,,,,,,,
DESY3RM-617936,63.4678831802231,-53.1048397346795,0.23550704,,,,,,,,,,,,,,,,,,,,,
DESY3RM-619971,14.1532841162942,0.672448016098815,0.28938156,,,,,,,,,,,,,,,,,,,,,
DESY3RM-622194,31.5813568923111,-4.44471954262717,0.23386541,,,,,,,,,,,,,,,,,,,,,
DESY3RM-623661,348.108921831897,-54.1707830954277,0.26532358,,,,,,,,,,,,,,,,,,,,,
DESY3RM-625974,16.4809993783717,0.527201378411074,0.25637653,,,,,,,,,,,,,,,,,,,,,
DESY3RM-628215,52.0202691923319,-31.311520919753,0.24127543,,,,,,,,,,,,,,,,,,,,,
DESY3RM-631485,76.5959923021495,-28.3033469549777,0.2304748,,,,,,,,,,,,,,,,,,,,,
DESY3RM-633482,80.6590001009453,-36.490168105216,0.100291826,0.0345,944.2447584437238,14.36739046575468,4.133889095,0.0641796799999996,0.0642291660000005,5.531894925000001e+43,4.1565166454362e+41,4.6427913181161e+41,1.6523190160000003e+44,1.6959938037378603e+42,1.3695289399660502e+42,4.106456549,0.06402836,0.0640996789999999,5.467244419000001e+43,3.0805650986731e+41,4.8302598118951005e+41,1.6278695610000002e+44,1.4305949383470102e+42,1.7960948164755902e+42
DESY3RM-638002,5.24596276959875,-25.6030179167179,0.29126754,,,,,,,,,,,,,,,,,,,,,
DESY3RM-638284,42.4676103046794,-4.30692048601937,0.16303486,,,,,,,,,,,,,,,,,,,,,
DESY3RM-641812,45.9170388623283,-11.9934701866493,0.28347656,,,,,,,,,,,,,,,,,,,,,
DESY3RM-642803,13.8288188193682,-1.28852134948503,0.113038525,0.0328,1054.2910423481799,19.84088770607454,5.54714252,0.3468664330000006,0.2598485419999994,3.415454709e+43,4.605492286225801e+41,2.8829738695584005e+41,1.1717842540000001e+44,2.1344021107131103e+42,2.5122068242573004e+42,5.546485929,0.3483775219999998,0.2646072510000001,3.3205318290000004e+43,3.2768470858644004e+41,4.1640380702242e+41,1.139159392e+44,2.3255450719456703e+42,3.55878626652872e+42
DESY3RM-642906,355.350149630286,-55.1396851257854,0.2929569,,,,,,,,,,,,,,,,,,,,,
DESY3RM-646285,77.7162218986741,-51.3513206359096,0.25225735,,,,,,,,,,,,,,,,,,,,,
DESY3RM-648199,15.0409278625322,-0.466862102963268,0.2923823,,,,,,,,,,,,,,,,,,,,,
DESY3RM-648211,29.2221054564981,-21.9812365006602,0.27461603,,,,,,,,,,,,,,,,,,,,,
DESY3RM-652639,53.505734205043,-27.8044043531242,0.22342438,,,,,,,,,,,,,,,,,,,,,
DESY3RM-653455,24.2663011310186,-45.8125080022531,0.24619752,,,,,,,,,,,,,,,,,,,,,
DESY3RM-655461,35.522494288938,-4.39558964850333,0.24691969,,,,,,,,,,,,,,,,,,,,,
DESY3RM-660925,308.190472392375,-40.7262898369577,0.22696072,,,,,,,,,,,,,,,,,,,,,
DESY3RM-662866,336.348771593512,-55.4168642326927,0.26328734,,,,,,,,,,,,,,,,,,,,,
DESY3RM-666564,30.5701589569434,-6.71830645258089,0.10152175,,,,,,,,,,,,,,,,,,,,,
DESY3RM-666721,42.1058732715145,-4.16350395219797,0.24193808,,,,,,,,,,,,,,,,,,,,,
DESY3RM-667328,354.949199990132,-52.4354094520374,0.21889926,,,,,,,,,,,,,,,,,,,,,
DESY3RM-670467,24.0041523320653,0.601583823971835,0.22524662,,,,,,,,,,,,,,,,,,,,,
DESY3RM-673603,320.92794663399,-61.5712867961014,0.29371214,,,,,,,,,,,,,,,,,,,,,
DESY3RM-676632,38.3768255177441,-44.2728460440993,0.20374149,,,,,,,,,,,,,,,,,,,,,
DESY3RM-678383,48.4634547172116,-53.4681116238695,0.28138673,,,,,,,,,,,,,,,,,,,,,
DESY3RM-678675,85.6577241772624,-35.8205041415271,0.298699,,,,,,,,,,,,,,,,,,,,,
DESY3RM-680351,324.166408946518,-54.4207509961901,0.25806946,,,,,,,,,,,,,,,,,,,,,
DESY3RM-684293,22.2588812905168,-60.6382112594075,0.21480447,,,,,,,,,,,,,,,,,,,,,
DESY3RM-687499,327.065709464311,-45.8310366671008,0.25171855,0.0143,442.333717720422,44.42503924800636,1.27781874,0.2297409240000001,0.2075039309999999,5.338463529000001e+42,2.3459855758265102e+42,1.74454571785291e+42,1.016360757e+43,4.04812835768483e+42,4.67407816226699e+42,1.294474933,0.2339816780000001,0.1843454819999999,5.3988553630000004e+42,2.31983287567584e+42,2.26915977084018e+42,1.0343115880000001e+43,4.381461650296431e+42,3.74003601206625e+42
DESY3RM-689147,59.1516235099005,-42.156942695665,0.2615887,,,,,,,,,,,,,,,,,,,,,
DESY3RM-692137,346.534458751739,-51.1100097087092,0.29795647,,,,,,,,,,,,,,,,,,,,,
DESY3RM-693094,15.5640708999095,-55.3491013232345,0.22776051,,,,,,,,,,,,,,,,,,,,,
DESY3RM-694053,49.3049359111026,-55.3297294194423,0.25389972,,,,,,,,,,,,,,,,,,,,,
DESY3RM-701800,82.8655139396443,-26.6221858332865,0.1703888,,,,,,,,,,,,,,,,,,,,,
DESY3RM-702269,27.3281630478499,-7.37038176369582,0.2934867,,,,,,,,,,,,,,,,,,,,,
DESY3RM-706059,307.113946932576,-46.9675141801102,0.26601878,,,,,,,,,,,,,,,,,,,,,
DESY3RM-707923,60.5856482370838,-57.2655261461076,0.26545796,,,,,,,,,,,,,,,,,,,,,
DESY3RM-714435,9.99938688111853,-44.2313045239393,0.261568,,,,,,,,,,,,,,,,,,,,,
DESY3RM-716032,38.9011939968681,-29.5226249679647,0.29268184,,,,,,,,,,,,,,,,,,,,,
DESY3RM-721175,16.1827357408121,0.470223429537609,0.22713315,,,,,,,,,,,,,,,,,,,,,
DESY3RM-721193,17.1198080422003,-16.2452447579824,0.2744211,,,,,,,,,,,,,,,,,,,,,
DESY3RM-729563,0.318779344281381,-55.7660820147169,0.11061816,,,,,,,,,,,,,,,,,,,,,
DESY3RM-733274,9.73571984759243,-43.9583677619149,0.21509486,0.0292,800.8312889847779,181.4514724153876,0.6848108688,0.3108911775999999,0.3869167921999999,5.2045519180000004e+36,5.2045519180000004e+36,3.067792322906114e+45,8.046459502e+36,8.046459502e+36,7.254737211454462e+45,,,,,,,,,
DESY3RM-741220,16.5148694708455,0.584293841839534,0.2501402,,,,,,,,,,,,,,,,,,,,,
DESY3RM-745368,51.2452245286462,-12.3877700409988,0.2897665,,,,,,,,,,,,,,,,,,,,,
DESY3RM-748271,36.4225616563761,-5.18436299556267,0.2933551,,,,,,,,,,,,,,,,,,,,,
DESY3RM-751287,323.815446292327,-57.2139536168472,0.28407148,,,,,,,,,,,,,,,,,,,,,
DESY3RM-751849,35.6548462109986,-3.75106051295016,0.26170483,,,,,,,,,,,,,,,,,,,,,
DESY3RM-753724,84.4006681455428,-20.6932214642525,0.25364545,,,,,,,,,,,,,,,,,,,,,
DESY3RM-756703,48.8441123135191,-55.3579219215626,0.22682482,,,,,,,,,,,,,,,,,,,,,
DESY3RM-760600,66.178157010151,-57.2798783618947,0.22778137,,,,,,,,,,,,,,,,,,,,,
DESY3RM-763402,27.2647790435719,0.0664279790714435,0.2918938,,,,,,,,,,,,,,,,,,,,,
DESY3RM-764977,28.8530409918572,-0.102696828876171,0.1980284,,,,,,,,,,,,,,,,,,,,,
DESY3RM-769648,28.352217897179,-13.8411926180472,0.28437257,,,,,,,,,,,,,,,,,,,,,
DESY3RM-772841,25.9771771629827,2.48378212094997,0.23683004,,,,,,,,,,,,,,,,,,,,,
DESY3RM-774251,324.117099701286,-57.2759598277754,0.18995284,,,,,,,,,,,,,,,,,,,,,
DESY3RM-784479,51.0777216464922,-29.3190496537395,0.2954,,,,,,,,,,,,,,,,,,,,,
DESY3RM-795904,349.782120488877,-54.6633271966862,0.22371507,,,,,,,,,,,,,,,,,,,,,
DESY3RM-799817,51.9034076605208,-28.1344636349914,0.21956798,,,,,,,,,,,,,,,,,,,,,
DESY3RM-801570,8.61468977158047,-5.34484731113997,0.28807405,,,,,,,,,,,,,,,,,,,,,
DESY3RM-802650,322.255438255789,-1.55285545900859,0.25424623,,,,,,,,,,,,,,,,,,,,,
DESY3RM-804216,55.0325053900605,-28.4472811436035,0.22767425,,,,,,,,,,,,,,,,,,,,,
DESY3RM-812416,40.1660895739137,-1.59188518428188,0.23987387,,,,,,,,,,,,,,,,,,,,,
DESY3RM-822556,353.090069429067,-0.575328755306293,0.2752747,,,,,,,,,,,,,,,,,,,,,
DESY3RM-828810,22.2351213298244,-0.50050395171759,0.2298397,,,,,,,,,,,,,,,,,,,,,
DESY3RM-833318,3.6504822011119,-30.1284357600938,0.25745606,,,,,,,,,,,,,,,,,,,,,
DESY3RM-834682,81.2912572238976,-33.9196761072656,0.26594636,,,,,,,,,,,,,,,,,,,,,
DESY3RM-839955,350.721323819554,-0.981733596077901,0.26843718,,,,,,,,,,,,,,,,,,,,,
DESY3RM-843093,37.1889712360694,-5.76823923062719,0.2938943,,,,,,,,,,,,,,,,,,,,,
DESY3RM-860449,26.2917300813157,-4.76671342200594,0.29477093,0.0193,244.39193163897596,49.98900763879699,1.085210284,0.1837404819999999,0.2455580829999999,1.360316049e+42,1.360316049e+42,9.616613564726712e+52,2.597851531e+42,2.597851531e+42,1.5847961336553157e+53,1.368744728,0.9250845356,1.0876475840000002,8.77787194e+41,8.77787194e+41,-8.7778719399494e+41,1.8509661430000003e+42,1.8509661430000003e+42,7.77783829323615e+53
DESY3RM-861872,41.7334133097112,-8.44528644359458,0.28465366,,,,,,,,,,,,,,,,,,,,,
DESY3RM-883714,26.2208538324506,-4.53096565764072,0.21382748,0.0207,455.9426052151226,17.589722608245424,1.531211919,0.102197756,0.0936860699999999,2.714237206e+42,2.714237206e+42,-5.6694503446531e+41,5.5355520250000005e+42,5.5355520250000005e+42,-1.8141773947599002e+42,1.538106241,0.1046131259999998,0.095611367,2.6056864480000002e+42,2.4042991547219303e+42,4.571317626723e+40,5.3220350780000005e+42,5.3220350780000005e+42,-9.675683193315001e+40
DESY3RM-907295,34.5528307545685,-3.84132197968349,0.22382158,,,,,,,,,,,,,,,,,,,,,
DESY3RM-911302,15.7942854633957,-0.0900720623507951,0.17879836,,,,,,,,,,,,,,,,,,,,,
DESY3RM-920438,320.704980630927,-0.704547143678374,0.23307519,,,,,,,,,,,,,,,,,,,,,
DESY3RM-924512,352.241252547453,0.170118171972814,0.27594918,0.0417,256.6998039516591,67.41001411514297,0.4338466346,0.4338466346,-0.4338466346,3.95165889e+39,3.95165889e+39,6.82878717602177e+45,6.452023926e+39,6.452023926e+39,1.1726150691030617e+46,0.1140217588,0.09597444137,0.5601082429,2.7995378110000006e+41,2.7995378110000006e+41,-2.7995378110000006e+41,8.817649107000002e+42,8.817649107000002e+42,-8.81764902490098e+42
DESY3RM-934340,55.1408577744176,-28.8829890755468,0.21272919,,,,,,,,,,,,,,,,,,,,,
DESY3RM-947544,55.1103099445041,-35.7108295063876,0.27139673,,,,,,,,,,,,,,,,,,,,,
DESY3RM-948870,358.970140517815,-52.1170065322455,0.29034418,,,,,,,,,,,,,,,,,,,,,
DESY3RM-951568,24.2739385999361,-9.16026848046894,0.10263592,0.0373,686.7259146564392,18.418188763556408,2.368090035,0.077605342,0.0776567840000002,2.60613121e+43,5.1338832177818e+41,5.384939390224901e+41,6.188798253000001e+43,1.3815105084110601e+42,1.47582009952924e+42,2.341098532,0.0803602580000002,0.0804097489999997,2.465098146e+43,3.9197390023903e+41,4.9824912463442e+41,5.830646224000001e+43,1.8067725091058504e+42,1.3228504019335e+42
DESY3RM-961858,328.152634582252,-1.17088479441329,0.221437,,,,,,,,,,,,,,,,,,,,,
DESY3RM-975391,356.39261733083,-55.0738562144651,0.23879133,,,,,,,,,,,,,,,,,,,,,
DESY3RM-992461,353.307718851258,-52.5940772364034,0.1648405,0.0111,431.12125814123027,17.522303179937307,1.086952576,0.037628202,0.1434565619999999,1.571276077e+42,1.571276077e+42,2.5940875507544e+41,2.819234091e+42,2.819234091e+42,2.5623336204065e+41,1.126105056,0.0629631610000001,0.1719337879999998,1.641019677e+42,8.8811673943418e+41,5.300935623235e+41,2.9795013430000004e+42,1.81238261346003e+42,1.46483778685551e+42
DESY3RM-996850,35.3758292037059,-4.80901465640216,0.10051372,0.0193,205.77303043221454,18.512654752429597,0.2535317552,0.0427688988999999,0.0351556101,2.4628754360000004e+41,1.2243581124681002e+41,8.998070070499001e+40,6.299310097000001e+41,2.1988003218582002e+41,2.5271060520756e+41,0.2511441962,0.0349930069,0.0356490071,2.4033414810000003e+41,1.0362919023510002e+41,8.302953557417e+40,6.240955853000001e+41,2.9412358901609e+41,2.5073692496193e+41
DESY3RM-1063297,50.332154740371,-52.2973274351267,0.2697485,0.0138,459.73834806575087,57.32706214467174,1.365452914,0.285440863,0.4060296619999999,1.0350102520000001e+43,4.2103827551655605e+42,5.2126542888865803e+42,2.1828350360000004e+43,8.055969020707901e+42,1.196894692556276e+43,1.367678275,0.272799719,0.4226547979999999,1.161944882e+43,4.9017440554040607e+42,4.42112618045498e+42,2.451729544e+43,1.1174105015679002e+43,1.2194309140903391e+43
DESY3RM-1124111,16.8754060930518,-0.577401342688607,0.25721955,,,,,,,,,,,,,,,,,,,,,
DESY3RM-1138652,28.1388862655996,-49.5509143330631,0.29732403,,,,,,,,,,,,,,,,,,,,,
DESY3RM-1139880,85.42749110341,-35.9888601621358,0.25343168,,,,,,,,,,,,,,,,,,,,,
DESY3RM-1156405,39.7348055342402,-29.5410732124071,0.24514548,,,,,,,,,,,,,,,,,,,,,
DESY3RM-1184957,37.8254589447309,-60.3208958910025,0.16321488,,,,,,,,,,,,,,,,,,,,,
DESY3RM-1193908,82.77789734668,-26.7965160803835,0.13339889,,,,,,,,,,,,,,,,,,,,,
DESY3RM-1227847,42.9034000583556,-0.629028196604866,0.24014902,,,,,,,,,,,,,,,,,,,,,
DESY3RM-1347093,80.9914684852524,-33.6652726665644,0.20071705,,,,,,,,,,,,,,,,,,,,,
DESY3RM-1350243,356.838686071368,0.906844637985519,0.24814217,,,,,,,,,,,,,,,,,,,,,
