name,ra,dec,redshift,nH,r500,r500+-,Tx500,Tx500-,Tx500+,Lx500_0.5-2.0,Lx500_0.5-2.0-,Lx500_0.5-2.0+,Lx500_0.01-100.0,Lx500_0.01-100.0-,Lx500_0.01-100.0+,Tx500ce,Tx500ce-,Tx500ce+,Lx500ce_0.5-2.0,Lx500ce_0.5-2.0-,Lx500ce_0.5-2.0+,Lx500ce_0.01-100.0,Lx500ce_0.01-100.0-,Lx500ce_0.01-100.0+,radstep0,radstep1,radstep2,radstep3,radstep4,radstep5,radstep6,radstep7,radstep8,radstep9,radstep10,rad_converged,MEM_MATCH_ID,REFMAG,REFMAG_ERR,ZRED,ZRED_E,ZRED_CHISQ,BCG_SPEC_Z,Z_SPEC_INIT,Z_INIT,Z,LAMBDA_CHISQ,LAMBDA_CHISQ_E,LAMBDA_ZRED,LAMBDA_ZRED_E,R_LAMBDA,SCALEVAL,MASKFRAC,GEOMASKFRAC,CHISQ,Z_LAMBDA,Z_LAMBDA_E,Z_LAMBDA_NITER,EBV_MEAN,LNLAMLIKE,LNBCGLIKE,LNLIKE,NCROSS,RMASK,RA_ORIG,DEC_ORIG,W,DLAMBDA_DZ,DLAMBDA_DZ2,DLAMBDAVAR_DZ,DLAMBDAVAR_DZ2,LAMBDA_CHISQ_C,LAMBDA_CHISQ_CE,NCENT,NCENT_GOOD,Q_MISS,BCG_ILUM,ILUM,Z_LAMBDA_RAW,Z_LAMBDA_E_RAW,LIM_EXPTIME,LIM_LIMMAG_DERED,LIM_LIMMAG,LIM_LIMMAG_HARD,MASKGAL_INDEX
DESY3RM-27,323.831479350347,1.48400164513876,0.22846876,0.0384,1332.4314367009104,81.26670086372249,9.6228852,1.3691001620000005,1.7322264499999989,6.434167899E43,2.7015109512514002E42,2.7868993094074202E42,2.8642909030000005E44,2.2029898068621952E43,2.1889082259847583E43,10.2897375,1.6989292579999995,2.0034892600000003,5.923744129000001E43,2.82388677722014E42,2.78986401534403E42,2.717688969E44,2.328471731976616E43,1.6470368575765711E43,500.0,944.8829170126801,1331.096318726107,1440.7589194694397,1332.43143670091,1332.4314367009101,1332.4314367009104,1332.4314367009104,1332.4314367009104,1332.4314367009104,1332.4314367009104,true,27,17.643797,0.0041188165,0.21244381,0.016494371,15.87866,-1.0,-1.0,0.30238113,0.23744243,5.9536533,2.4257793,9.035158,2.3403757,0.5687962,1.024119,0.020880362,0.0,16.485155,0.22846876,0.004967203,3,0.07088939,288.78375,-25.505548,263.2782,0,0.5478822,323.836424182857,1.44505528387788,1.0181693,8.406679,440.1718,98.45232,3227.6729,5.0592947,0.9507035,5,2,0.18851027,1.0923547,3.6700563,0.22622463,0.0034398623,0.25390407,22.399754,22.399754,23.559084,77
DESY3RM-124,355.920050374072,0.312481674300852,0.27604622,0.0311,1022.475897698899,28.047127124850157,5.647372016,0.2398235470000003,0.2393005809999993,1.5713019320000001E44,1.7553708104326002E42,2.3621193734754102E42,5.4593344300000005E44,1.652206782555471E43,1.1345376151045422E43,5.74603796,0.2507363599999994,0.2515149130000003,1.453094002E44,1.8728956514891602E42,2.1416906506367104E42,5.0898699940000004E44,1.1568267312748102E43,1.2381746743160212E43,500.0,976.7837452591574,1040.1132830413928,1027.535476871623,1022.475897698899,1022.475897698899,1022.475897698899,1022.475897698899,1022.475897698899,1022.475897698899,1022.475897698899,true,124,17.294031,0.0036087518,0.29079828,0.012504349,6.4575114,0.27184615,-1.0,0.31257978,0.2706079,6.4113026,2.8214617,6.3045177,2.260962,0.5772836,1.0171379,0.017746478,0.0,7.6957474,0.27604622,0.0064609307,10,0.027513852,198.38206,-23.685751,174.69632,0,0.56644857,355.946655597329,0.301527526851476,0.90141875,6.511835,-1096.2379,25.17486,-14936.532,6.4113026,0.0,5,1,-1.587308,2.3624258,6.515171,0.27614546,0.0044358573,0.2756293,22.461826,22.461826,23.559084,50
DESY3RM-1882,323.883542721422,-63.1858841832278,0.23307721,0.031,802.8227552422522,221.2423584037312,6.804454814,4.937110518999999,-6.804454814,2.9333200260000004E42,2.9333200260000004E42,7.506477693202E41,1.1022699270000001E43,5.905623029463541E42,7.526019049745961E42,7.099385342,5.455022403999999,-7.099385342,2.1859961800000003E42,2.1859961800000003E42,4.0923835945724E41,8.342475182000001E42,7.24339117574855E42,7.14730082946809E42,500.0,631.3955136291471,539.0403207793797,650.7820487035955,568.5819024372216,817.8557327619822,802.8227552422522,802.8227552422522,802.8227552422522,802.8227552422522,802.8227552422522,true,1882,17.658747,0.0032229503,0.19273956,0.020117024,25.216003,-1.0,-1.0,0.2906286,0.23048873,5.2519245,2.2840986,6.884207,2.1844769,0.55470705,1.0313874,0.031516183,0.0,28.424572,0.23307721,0.00542052,3,0.035673182,85.333885,-46.252865,39.08102,0,0.5178189,323.886558800267,-63.192048254585,1.3564464,9.441612,1178.8314,85.3636,4587.499,5.2519245,0.0,5,1,0.3792108,1.1294602,4.153625,0.23103794,0.003999345,0.3123769,22.55645,22.55645,23.559084,81
DESY3RM-3005,359.789971740121,-60.750088001354,0.11711919,0.012,1005.8962344551745,76.50282943746222,4.903042892,0.7082267060000005,0.9815195149999996,1.8279569040000001E43,8.8195782437356E41,8.1663709256434E41,5.908149223E43,6.732267273629032E42,4.561664469833371E42,4.702863992,0.7394405230000003,0.991960756,1.730160505E43,7.9573511848408E41,7.607474417943901E41,5.483574798000001E43,3.6990615729142506E42,5.72750632265023E42,500.0,1095.3627453033455,866.4671974773652,954.8823446318356,1005.8962344551745,1005.8962344551745,1005.8962344551745,1005.8962344551745,1005.8962344551745,1005.8962344551745,1005.8962344551745,true,3005,16.518303,0.0021218387,0.14897436,0.010327075,0.7811152,-1.0,-1.0,0.16077086,0.12091718,5.2214146,2.6082292,4.93157,1.848621,0.55406106,1.0459784,0.043202765,0.0,7.9566803,0.11711919,0.005704851,2,0.011177481,71.659096,-27.147259,44.511837,0,0.51646316,359.797544674191,-60.7573074525459,1.131569,8.331305,-1484.204,-16.023945,-44775.28,4.334991,1.3704613,5,2,0.58563393,0.7324258,4.169179,0.11563547,0.0035089864,0.21207254,22.263641,22.263641,23.559084,97
DESY3RM-7588,41.9446341945101,-3.40703778567728,0.13498561,0.0302,499.7638041708611,16.79901426693879,1.539440068,0.146215334,0.1294137129999999,2.578091078E42,3.4571651364398002E41,3.2787272761197E41,5.301719439000001E42,1.14348379715112E42,7.867119483678802E41,1.563298941,0.157273977,0.136878112,2.162461785E42,5.372786371732101E41,3.3828713627749E41,4.4699295810000005E42,8.944232967357601E41,7.957433423072101E41,500.0,528.8319499077558,502.16689149353675,525.6009707657928,499.7638041708611,499.7638041708611,499.7638041708611,499.7638041708611,499.7638041708611,499.7638041708611,499.7638041708611,true,7588,15.433387,6.7283533E-4,0.14353175,0.009614435,0.53936,0.13614947,-1.0,0.12922099,0.13129894,18.569517,2.6760063,17.776258,2.361654,0.7141018,1.0451,0.04696861,0.0,1.5296154,0.13498561,0.0054185833,2,0.029440613,48.20604,-7.5314875,40.674553,1,0.9141025,42.0073854229042,-3.36496264480828,1.0878991,9.670753,-521.8149,100.76899,2215.259,18.569517,0.0,5,1,-0.27277604,2.65256,10.662422,0.13282083,0.003760512,0.21108562,22.260115,22.260115,23.559084,49
DESY3RM-7862,16.7603574813219,-0.379999860683843,0.23833096,0.0382,371.51378230035965,33.20266450412806,0.925347527,0.1233470196,0.079209891,5.662581478E42,1.86608551376307E42,1.56617318241449E42,9.431934960000001E42,1.9040813366032603E42,1.9079729350386903E42,0.7995247822,0.0746935129,0.1508199758999999,4.765447916E42,2.30038509251047E42,1.8440737895365303E42,7.607160825000002E42,2.79574334888401E42,2.9926996961286104E42,500.0,510.01372691245814,512.2968429390019,451.6361801373717,391.09371516178845,371.51378230035965,371.51378230035965,371.51378230035965,371.51378230035965,371.51378230035965,371.51378230035965,true,7862,18.020771,0.021026166,0.21487743,0.015105957,11.266629,-1.0,-1.0,0.23487669,0.24321191,5.9841633,2.2695644,6.823187,2.017721,0.569378,1.0278522,0.026301064,0.0,12.461143,0.23833096,0.0070733996,4,0.046841897,47.408848,-12.282218,35.12663,0,0.5491439,16.7377348667093,-0.374552266722902,1.7192234,8.977402,1734.1361,59.780506,2587.9785,5.938263,0.4609044,5,2,0.6134666,0.85357183,4.527265,0.23653889,0.0059951707,0.23381515,22.337435,22.337435,23.559084,5
DESY3RM-9441,306.173484655581,-55.6548788563367,0.21801068,0.0455,614.944419729232,49.5348143641157,2.173099244,0.2674675799999999,0.5184813859999999,7.762480429000001E42,1.7119698623092603E42,1.9298544696083902E42,1.7824896820000002E43,6.13369413450832E42,6.40534855201152E42,2.325974788,0.3224889470000001,0.956480703,5.781738709E42,4.3503964430881805E42,4.2262621302389306E42,1.3585740230000002E43,9.150667550730152E42,1.071293617397591E43,500.0,592.2579082755905,614.9222196923024,615.4255659937461,614.944419729232,614.944419729232,614.944419729232,614.944419729232,614.944419729232,614.944419729232,614.944419729232,true,9441,17.691683,0.0023070807,0.20804599,0.00939348,4.1943593,-1.0,-1.0,0.20804599,0.21534002,8.08935,2.7528985,9.645357,2.451162,0.6047595,1.0163659,0.01866378,0.0,4.7146873,0.21801068,0.0051755845,1,0.05700875,43.613228,-2.263987,41.34924,0,0.6289205,306.173484655581,-55.6548788563367,1.3578908,7.6478724,-1121.5614,79.43346,-9442.21,7.8821626,1.1124929,5,2,0.32443374,0.9365614,5.9738874,0.21535754,0.003866872,0.3197262,22.574032,22.574032,23.559084,97
DESY3RM-13563,10.896056907125,1.01976527285491,0.19313447,0.0169,533.2531968388993,31.91046941141614,2.010648468,0.2594504679999998,0.3210914650000003,6.757289119E42,1.11751239014912E42,7.5771389834714E41,1.5115820420000003E43,2.1362832878690303E42,1.7805016309677303E42,2.200917731,0.2847146420000002,0.5796468629999998,5.3916305790000006E42,9.8247337678596E41,7.3056885187459E41,1.2437618100000002E43,3.18506939166692E42,1.9890626130240004E42,500.0,640.2702848072096,524.5904603685095,591.283224752025,533.2531968388993,533.2531968388993,533.2531968388993,533.2531968388993,533.2531968388993,533.2531968388993,533.2531968388993,true,13563,16.032879,9.094217E-4,0.18863617,0.009711936,0.46998888,0.19570869,0.19570869,0.18863617,0.18964608,19.332266,1.6613628,19.454306,1.8277005,0.7198741,1.003806,0.004062127,0.0,0.21792302,0.19313447,0.005178801,2,0.022180224,36.881615,3.8894973,40.77111,1,0.93081176,10.896056907125,1.01976527285491,1.6703963,5.379869,-218.54657,28.901127,-4242.318,19.399897,0.17504185,5,2,-3.828605,3.269454,16.189613,0.18994488,0.0040279203,0.2896554,22.499353,22.499353,23.559084,43
DESY3RM-13982,33.6694131671545,-6.3103506018419,0.2362817,0.0194,488.2782368444034,31.585680991846818,1.481876505,0.1543453839999999,0.270614935,4.066766768E42,1.3546618209197001E42,1.2614033274284302E42,8.204035331E42,2.88033664480555E42,3.77456999106804E42,1.513618698,0.1849409149999998,0.2677863060000001,3.8228043100000004E42,1.22708883301528E42,1.3030599406746902E42,7.763628461000001E42,2.36430055643506E42,2.7204893897549403E42,500.0,513.886642426626,501.60384672660587,508.3841773100098,488.2782368444034,488.2782368444034,488.2782368444034,488.2782368444034,488.2782368444034,488.2782368444034,488.2782368444034,true,13982,16.51049,0.001519058,0.22975059,0.009387663,4.064386,0.23936003,0.23936003,0.22975059,0.23531854,19.103441,3.693827,17.699984,2.8823712,0.7181618,1.0727723,0.06946766,0.0,3.7989376,0.2362817,0.005689578,1,0.022702252,36.296112,4.5452914,40.841404,1,0.9258377,33.6694131671545,-6.3103506018419,1.4082628,9.001745,871.5574,182.43234,-6109.702,20.073717,0.9684192,5,3,-6.311426,3.3617156,14.468543,0.23439157,0.004308789,0.25918242,22.41531,22.41531,23.559084,52
DESY3RM-15135,322.486295942261,-0.230528844789192,0.12806974,0.0338,515.2850329521891,31.878542700438043,1.465204541,0.1747745740000001,0.153661123,3.038779348E42,2.6152428593521003E41,3.4505083127697005E41,6.153133952000001E42,8.715342525311601E41,7.8270813037973E41,1.453850632,0.1918253969999999,0.1588911129999999,2.926544885E42,2.9011066245583004E41,3.4095259130354E41,5.911981396000001E42,7.576503318552E41,8.2083113476126E41,500.0,524.8755398987751,513.5856038190562,521.3541298941517,515.2850329521891,515.2850329521891,515.2850329521891,515.2850329521891,515.2850329521891,515.2850329521891,515.2850329521891,true,15135,16.113653,0.001063744,0.11841021,0.0109744975,17.152187,0.13475159,0.13307044,0.16702397,0.13461052,19.042421,2.514191,18.325438,2.14398,0.71770245,1.0330987,0.033955857,0.0,17.351206,0.12806974,0.0055106003,3,0.04861362,34.892445,-5.9079423,28.984503,1,0.9245058,322.459419511298,-0.251110813201276,0.8780672,19.431541,2610.7148,47.424637,-2823.8447,19.084978,2.6502516,5,4,0.2980298,1.2735845,9.317905,0.1261576,0.003657119,0.30307117,22.533585,22.533585,23.559084,17
DESY3RM-15788,33.749599714787,-3.9064948741266,0.14753744,0.0203,555.392959244826,31.003357356679302,1.636053231,0.1454767809999999,0.310178061,3.1018727510000004E42,5.7313702602689E41,5.6199104872721005E41,6.508320315E42,1.64907965791553E42,1.0607023631138401E42,1.971713739,0.3675472819999998,0.5880646470000002,2.453875102E42,2.453875102E42,3.3920826832543586E45,5.467655881E42,5.467655881E42,9.46162499291271E45,500.0,560.9898835307304,542.8133318960553,582.1636585600659,555.392959244826,555.392959244826,555.392959244826,555.392959244826,555.392959244826,555.392959244826,555.392959244826,true,15788,15.470077,0.0011738337,0.13459404,0.009940537,1.1081792,0.13756453,0.13756453,0.13459404,0.14446795,19.728895,1.7199277,18.752577,1.803437,0.722804,1.0138475,0.016769012,0.0,1.0317558,0.14753744,0.005899124,1,0.023077311,34.152695,3.9463668,38.09906,1,0.9393574,33.749599714787,-3.9064948741266,1.4252123,7.250789,1022.701,13.373512,13491.373,19.937788,0.6549233,5,3,-5.7663445,3.0703263,14.671093,0.14496303,0.004716781,0.2324108,22.33288,22.33288,23.559084,64
DESY3RM-18464,37.0509272312404,-10.0928474267402,0.15822335,0.0217,578.605775863552,64.04643281845178,1.429206029,0.1690634689999999,0.2082147629999999,9.807078757E42,1.07428736264621E42,2.0382959551008404E42,1.967228609E43,3.18924500661548E42,6.239103381104941E42,1.094676267,0.085290193,0.1890999179999999,7.381579225E42,1.9643629133450702E42,1.49000283194473E42,1.328350343E43,4.70461735714616E42,2.44885645948582E42,500.0,614.2777812827735,504.2492639301409,618.1724467488484,524.0219507660953,684.5853261740577,605.642026579446,485.28852639073574,634.0365029974146,578.605775863552,578.605775863552,true,18464,15.047964,7.026972E-4,0.15450507,0.009549618,2.1041954,-1.0,-1.0,0.15450507,0.15632695,19.31701,1.9079844,18.142378,1.6883926,0.7197605,1.0150627,0.013692049,0.0,1.481412,0.15822335,0.006469566,10,0.02731645,31.498009,3.5569549,35.054962,1,0.9304812,37.0509272312404,-10.0928474267402,1.489887,31.315763,-6738.9316,72.062195,-20055.045,19.31701,0.0,5,1,-5.185825,5.238491,11.838399,0.1553642,0.005534376,0.21059681,22.258362,22.258362,23.559084,11
DESY3RM-18474,9.0533234033778,-44.5662472166188,0.15344752,0.0406,533.0382601708724,17.568029994716007,1.586229499,0.0572635830000001,0.0544259659999999,8.529983726E42,3.0263673219710004E41,3.6551575233936005E41,1.769357074E43,1.05254797903498E42,1.0587294290193501E42,1.602599872,0.07446277,0.0695317039999998,6.166027824E42,4.4463536333385E41,4.0701288085671E41,1.283635051E43,7.729169249501E41,9.3390616699653E41,500.0,537.1457055229407,533.2711982709834,533.3348397909832,533.0382601708724,533.0382601708724,533.0382601708724,533.0382601708724,533.0382601708724,533.0382601708724,533.0382601708724,true,18474,15.266127,5.138911E-4,0.14526613,0.009619687,0.8551717,0.14723,-1.0,0.14526613,0.15074293,17.37963,1.7062236,18.050848,1.407241,0.7047062,1.0478293,0.04517059,0.0,0.21610078,0.15344752,0.006225056,1,0.009532037,31.490257,2.443978,33.934235,1,0.887264,9.0533234033778,-44.5662472166188,1.9250526,1.7494032,277.3278,31.962412,6885.216,17.169308,0.44592884,5,3,-7.0061603,4.0193915,17.116854,0.15070741,0.005196067,0.23542924,22.342636,22.342636,23.559084,53
DESY3RM-18707,77.6638026874339,-45.087220874506,0.20937401,0.0247,471.89894855002996,25.931908014151354,1.520677545,0.182260389,0.2342134059999998,4.4278575950000004E42,2.07872537111268E42,6.796196426299601E41,9.625141201E42,5.5919244144982E42,1.51863526972851E42,1.511105684,0.1810413419999998,0.262464148,3.7374597080000006E42,3.48372509486663E42,7.623813128662901E41,8.108850289E42,8.108850289E42,-2.6387471756941003E41,500.0,493.0029268627105,496.4657367143825,488.8083200845256,471.89894855002996,471.89894855002996,471.89894855002996,471.89894855002996,471.89894855002996,471.89894855002996,471.89894855002996,true,18707,16.294653,9.251683E-4,0.20083046,0.00944073,1.2039362,-1.0,-1.0,0.20083046,0.20582145,16.693155,2.2677886,15.182913,2.0249727,0.6990491,1.0255833,0.021332694,0.0,1.3036915,0.20937401,0.0050723217,1,0.030704943,31.282822,4.399926,35.682747,1,0.87131846,77.6638026874339,-45.087220874506,1.5975236,-1.8720859,1982.11,41.109863,26107.121,16.68131,0.061267138,5,2,-3.31229,3.0901988,17.81162,0.20645607,0.0038077808,0.32528213,22.587057,22.587057,23.559084,76
DESY3RM-20064,349.523488304913,-42.5974047021533,0.2015966,0.0111,579.3597672533032,36.94066800196102,2.125167564,0.1789298079999999,0.3220682130000001,1.592367984E42,1.592367984E42,1.53835204450833E42,3.6195637080000005E42,3.1607938505718804E42,2.98232330445529E42,2.207977558,0.2628145699999999,0.4465196859999998,2.201892602E40,2.201892602E40,2.4462915733596983E43,5.071322013E40,5.071322013E40,5.096834369720113E43,500.0,672.9838222973285,560.1329912846124,628.036895773722,579.3597672533031,579.3597672533032,579.3597672533032,579.3597672533032,579.3597672533032,579.3597672533032,579.3597672533032,true,20064,16.707428,0.0018077333,0.20231058,0.009789254,1.5541409,-1.0,-1.0,0.21168593,0.2029858,19.011911,2.1226735,20.308584,2.067104,0.7174723,1.0074445,0.005990894,0.0,1.6187457,0.2015966,0.0051381537,2,0.010901848,30.11365,2.0458238,32.159473,1,0.9238389,349.522511707258,-42.6004382175043,1.6998501,25.215267,1487.8799,31.286697,1243.6804,18.447008,1.3048747,5,5,-1.0246761,1.9385301,16.15452,0.19850935,0.003943594,0.40657943,22.755724,22.755724,23.559084,10
DESY3RM-22770,351.777477968408,-0.399949988622782,0.29045698,0.041,462.67009401018777,138.45386758474237,1.730317886,0.4702869819999999,1.182529497,2.9693940190000005E42,2.96939401899999E42,4.1744964175824605E42,6.318788860000001E42,6.31878885992456E42,1.173223051223619E43,1.706661685,0.554048165,2.468319053,1.2362303840000001E42,1.23623038399999E42,7.341772524979124E49,2.618135428E42,2.618135428E42,1.281741658413949E50,500.0,351.3489486606615,204.4095723031747,455.3842844051679,462.67009401018777,462.67009401018777,462.67009401018777,462.67009401018777,462.67009401018777,462.67009401018777,462.67009401018777,true,22770,17.470531,0.0021527568,0.29356357,0.012537,0.7493311,0.2794048,-1.0,0.26465112,0.2926733,17.837278,1.9407561,19.850935,1.9615647,0.7083791,1.025085,0.02553502,0.0,0.8723634,0.29045698,0.008298848,4,0.038041428,28.166096,0.48408583,28.65018,1,0.89770263,351.775199531252,-0.395912755935408,1.8235265,23.303867,-30.346556,57.65958,-15829.472,17.626137,0.5878355,5,5,-2.3014486,2.2610245,14.788731,0.29115197,0.006496227,0.25889945,22.414484,22.414484,23.559084,85
DESY3RM-23921,29.1461481337073,-17.1561909679181,0.24745648,0.0178,454.684353020081,28.55926987676192,1.314787213,0.1263049730000001,0.209964045,2.5944879800000004E42,4.2721418752890006E41,5.6578969651706E41,5.0126813890000003E42,6.5111010452253006E41,9.8438893883582E41,1.319519409,0.1316873729999998,0.1661226040000001,2.3760031880000004E42,4.156122829499801E41,4.1170692410655005E41,4.599053537000001E42,8.7279989873535E41,8.6806009536653E41,500.0,440.216096550569,453.57175057568736,455.26684202492004,454.68435302008066,454.6843530200808,454.68435302008083,454.68435302008095,454.684353020081,454.684353020081,454.684353020081,true,23921,17.024698,0.0021309538,0.24561886,0.011776815,1.753216,-1.0,-1.0,0.24561886,0.2460525,17.028765,1.456375,18.310183,1.6821104,0.7018376,1.0080563,0.006742114,0.0,1.727811,0.24745648,0.0069176126,1,0.023910917,27.45418,3.7024617,31.156641,1,0.87915826,29.1461481337073,-17.1561909679181,1.5987748,1.3891991,-2661.4922,-3.5583525,-3185.1182,16.953949,0.2968236,5,4,-2.1855779,2.3390112,16.080513,0.24611914,0.005685283,0.41872725,22.777983,22.777983,23.559084,3
DESY3RM-24505,38.8080396828112,-44.4145063834648,0.18922111,0.0165,448.2489405891076,20.761321901430954,1.233458483,0.070356968,0.0614552219999999,3.2571804910000004E42,8.472636854382E41,9.872621568373001E41,6.095205352000001E42,2.2905895866750902E42,1.4105117019200402E42,1.190570383,0.0794577950000001,0.0685549749999998,3.151481907E42,8.5867956151416E41,8.463784031132901E41,5.812540424E42,2.0242150230258602E42,1.55908039551347E42,500.0,452.8710621682252,449.0997229204994,446.2071366899518,448.2489405891076,448.2489405891076,448.2489405891076,448.2489405891076,448.2489405891076,448.2489405891076,448.2489405891076,true,24505,16.86507,0.0018875351,0.18628599,0.009302546,1.6358591,-1.0,-1.0,0.18628599,0.18623291,19.545835,1.9623765,20.873018,1.8914216,0.72145766,1.0122427,0.014356319,0.0,1.6333182,0.18922111,0.0051272544,1,0.01601359,27.106684,1.7785232,28.885206,1,0.93542516,38.8080396828112,-44.4145063834648,1.1513584,26.162046,-277.6901,99.24554,16273.827,19.448074,0.15876876,5,2,0.32350448,1.4508555,11.715906,0.18601188,0.003969745,0.30617198,22.54128,22.54128,23.559084,79
DESY3RM-25274,355.146455947774,-53.7141647004303,0.1827477,0.0118,482.2365261170146,40.20328536288511,1.418580259,0.1946035219999999,0.5318622559999999,4.246799001E42,1.9395557346727E42,1.9582312848126504E42,8.484617563000002E42,4.43270332404972E42,4.0234698127806706E42,1.375380203,0.1310497029999999,0.5718843150000001,4.198772416000001E42,1.3133187561296502E42,2.4563622035458604E42,8.316096319000001E42,3.38622874934088E42,5.66820848858136E42,500.0,482.8793691905898,503.6056125259983,481.0020515147894,482.23652611701436,482.2365261170145,482.23652611701453,482.2365261170146,482.2365261170146,482.2365261170146,482.2365261170146,true,25274,16.85794,0.001227621,0.17983446,0.009694146,2.0216677,-1.0,-1.0,0.19011882,0.18011346,17.16606,1.7892438,12.650587,1.8392382,0.7029657,1.0060716,0.006100537,0.0,1.9148698,0.1827477,0.005595931,1,0.011546415,26.6648,-0.97604483,25.688755,1,0.8823409,355.121806980032,-53.7275456997688,1.3112521,13.500396,2061.1274,40.78785,6242.8496,17.202692,0.10782948,5,2,0.27815017,1.3499264,8.409975,0.17954122,0.0045639873,0.43931314,22.814268,22.814268,23.559084,86
DESY3RM-25828,16.4671594504503,-0.351039443654136,0.25573072,0.0344,404.74301043358093,64.87062497215564,0.9654638916,0.1931946153,0.1915718444,1.668166619E42,8.5234842222637E41,7.0730902591321E41,2.82387987E42,1.4244512706247602E42,1.3131570272143301E42,1.020137483,0.2134924145000001,0.1976339179999999,1.893570514E42,8.853781791021801E41,8.6175979782435E41,3.283160088E42,1.2192000653980402E42,1.4976638228373403E42,500.0,400.75140479054033,378.21388317703065,387.12930182080055,404.74301043358093,404.74301043358093,404.74301043358093,404.74301043358093,404.74301043358093,404.74301043358093,404.74301043358093,true,25828,16.486485,0.0019341352,0.26655808,0.012172063,0.6656904,0.26107597,0.26101378,0.3014053,0.2927751,7.296091,1.9739971,7.6927204,1.8912708,0.59240407,1.0178888,0.018346112,0.0,1.7892209,0.25573072,0.008986937,4,0.03720028,26.33726,-2.1170888,24.220171,1,0.60037863,16.4827501063053,-0.324567519367283,1.1279442,21.153286,-5184.0225,74.02355,-19293.094,6.825197,0.92892605,5,3,0.29196405,4.152625,6.2517896,0.25481963,0.007979437,0.27075955,22.448349,22.448349,23.559084,52
DESY3RM-26179,43.6137172668495,-8.25671596909753,0.20401196,0.0432,497.9390673664485,57.49676866845961,1.718152903,0.382341682,0.9239744239999998,2.678677321E42,9.429552209909401E41,1.4322406225236302E42,5.706742239E42,1.45243561192065E42,2.7986193334042704E42,1.673773143,0.3724992360000001,0.949777101,2.2925866840000002E42,4.547642054711101E41,1.10209701591875E42,4.8341198150000004E42,1.89542444105981E42,2.3725870294530604E42,500.0,544.141533589295,499.9322731385888,543.1572991918312,473.8519022566635,525.7031047996278,497.9390673664485,497.9390673664485,497.9390673664485,497.9390673664485,497.9390673664485,true,26179,15.991545,0.001215333,0.20237857,0.009838543,0.45385724,0.19961344,0.19961344,0.20237857,0.2008361,17.501669,1.6224674,16.998255,1.8204294,0.7056931,1.0033977,0.0019088523,0.0,0.3846998,0.20401196,0.005840049,1,0.048735768,26.140879,4.212598,30.353477,1,0.8900623,43.6137172668495,-8.25671596909753,1.4486396,12.641821,1564.8281,57.213142,7948.0474,17.335613,0.73810554,5,2,-4.6319814,3.8492217,12.682436,0.20096967,0.004811972,0.219222,22.28871,22.28871,23.559084,14
DESY3RM-26852,353.104147875486,-56.0432352765561,0.2696585,0.0123,441.279218812586,21.676833542344298,1.274922323,0.0875687899999999,0.294664252,7.382577097000001E42,2.52307234735903E42,1.91591541278607E42,1.403183055E43,5.21602657520035E42,5.763959093952911E42,1.634696523,0.186220783,0.2734155840000001,6.485728727E42,2.0121589320628302E42,1.9823133961697904E42,1.35227619E43,3.3477692744972E42,4.4774873597110003E42,500.0,483.4387933978807,448.8081286831671,443.4629884970039,441.279218812586,441.279218812586,441.279218812586,441.279218812586,441.279218812586,441.279218812586,441.279218812586,true,26852,17.770632,0.0038314685,0.28569788,0.013277743,0.552242,-1.0,-1.0,0.28569788,0.27054983,17.623709,1.915762,13.97777,1.7423085,0.7066746,1.0440091,0.042018835,0.0,1.55515,0.2696585,0.008477233,1,0.016444067,25.78899,0.74803144,26.537022,1,0.89284986,353.104147875486,-56.0432352765561,1.7438858,10.640462,1937.7443,37.42411,5588.957,17.529757,0.17994207,5,3,0.2987408,1.4413518,9.7778425,0.2694539,0.0071793944,0.29399002,22.510584,22.510584,23.559084,50
DESY3RM-26858,16.7482525982091,0.255137070430301,0.25301817,0.0303,388.72000924913107,46.06090432061033,5.2600076,3.135585567,53.39080266,1.898702137E42,1.898702137E42,7.528737581638001E41,6.368417808E42,6.36841780624015E42,8.11972029308314E42,1.10302664,0.3587201465999999,2.370512139,2.054841309E42,2.0548413089999904E42,1.1882064306029502E42,3.68952017E42,3.6894978873560603E42,2.91444067356659E42,500.0,1092.6152086810532,275.1372243797195,406.6339458788563,388.72000924913107,388.72000924913107,388.72000924913107,388.72000924913107,388.72000924913107,388.72000924913107,388.72000924913107,true,26858,16.502598,0.0032520015,0.26476458,0.0121735735,0.47876358,0.26975262,-1.0,0.20818701,0.25534663,5.2061596,1.314634,5.068865,1.2533485,0.5537369,1.0132104,0.011853137,0.0,1.8838449,0.25301817,0.010037066,2,0.031448945,25.786192,-11.543242,14.2429495,0,0.51578355,16.7248571334574,0.312035826759605,1.6271741,-0.8676187,1047.2173,3.1813517,7345.7075,5.2061596,0.0,5,1,-0.09203399,3.9878895,4.8807244,0.2519668,0.009175511,0.2526441,22.395992,22.395992,23.559084,17
DESY3RM-26966,35.7440638412951,-4.12083395399859,0.29045838,0.0227,373.43347611548376,25.591253264668737,0.9653532844,0.1009985568,0.0843188626000001,8.980371504000002E41,8.980371504000002E41,2.4504919843233503E42,1.515936584E42,1.515936584E42,2.7732459629307604E42,0.9875971027,0.123417411,0.1593522983,1.89658441E42,1.89658441E42,1.88777020013837E42,3.2324284500000003E42,3.216742095945891E42,3.62978626082746E42,500.0,375.6618886687865,375.3258123252983,374.2802880810275,373.43347611548376,373.43347611548376,373.43347611548376,373.43347611548376,373.43347611548376,373.43347611548376,373.43347611548376,true,26966,17.71658,0.0043615103,0.2875316,0.014202488,1.4414786,0.29241,0.29063,0.28077722,0.28629214,16.876215,1.8394319,18.142378,1.9020828,0.7005756,1.0218257,0.020177756,0.0,1.3220314,0.29045838,0.00938146,3,0.02453324,25.732824,1.5984683,27.331293,1,0.87560534,35.734518190018,-4.1096600422504,1.719508,7.1733146,-377.5251,57.15744,13462.798,17.327295,0.5945718,5,4,-0.49973872,1.8025448,12.595848,0.29115343,0.007832075,0.20458359,22.23646,22.23646,23.559084,46
DESY3RM-27519,351.399114168563,-54.7208085807062,0.16512407,0.0103,476.56629342981233,23.806463972032464,1.324272281,0.0929681550000001,0.1590079979999998,4.036117587E42,8.144908554879601E41,6.842572138033E41,7.856455877000001E42,1.40928730329598E42,1.9756005239562903E42,1.342714733,0.104141582,0.223932904,3.450246718000001E42,4.6559177270001E41,8.625124507378301E41,6.765851476E42,1.5817723336464503E42,1.8209830980406102E42,500.0,484.5400956862919,479.7634080426069,477.53795926999607,476.56629342981233,476.56629342981233,476.56629342981233,476.56629342981233,476.56629342981233,476.56629342981233,476.56629342981233,true,27519,16.37069,0.0011123572,0.16914934,0.008278619,5.0390778,-1.0,-1.0,0.16914934,0.16234203,18.325438,2.0750377,15.701582,1.5812608,0.7122146,1.0334344,0.035887487,0.0,5.2669377,0.16512407,0.005636835,1,0.010359742,25.451899,3.0034854,28.455383,2,0.9086761,351.399114168563,-54.7208085807062,1.3407109,0.3480455,-3540.2922,1.892145,-8242.005,18.283705,0.1789216,5,2,-0.41414005,1.6975617,11.275072,0.16211969,0.004590276,0.41529876,22.771767,22.771767,23.559084,51
DESY3RM-27783,34.6780414780222,-3.83696633128203,0.1577842,0.0192,418.5179527160186,25.474666695578982,1.04431588,0.0907045186,0.1248319579999999,1.7817047050000002E42,2.7596032170857003E41,2.3977407661707003E41,3.134375089E42,6.0274069140557004E41,5.430833629561201E41,1.045927358,0.1860755753999999,0.1681119610000001,1.079579971E42,3.1935092128514E41,2.8108091207487005E41,1.900626934E42,5.334669389410601E41,4.149394072869E41,500.0,429.78275244311067,417.2714936971466,417.9088075364372,418.5179527160186,418.5179527160186,418.5179527160186,418.5179527160186,418.5179527160186,418.5179527160186,418.5179527160186,true,27783,15.367515,7.0028135E-4,0.16249444,0.009253202,0.637481,0.1617277,-1.0,0.16249444,0.15474169,18.355947,1.9393375,18.752577,1.7094501,0.7124516,1.0121787,0.011784512,0.0,1.2917144,0.1577842,0.0054752976,1,0.021765709,25.317188,4.002747,29.319935,1,0.90935653,34.6780414780222,-3.83696633128203,1.4045076,3.8887203,349.714,18.554888,14891.623,18.349848,0.05793905,5,2,-4.1586666,3.881479,14.800028,0.1549355,0.0043252134,0.21931988,22.289047,22.289047,23.559084,71
DESY3RM-28123,40.8081042035731,-50.333726402076,0.27818158,0.0232,429.617817574679,33.4723122265873,1.287401702,0.1701076489999999,0.3669812990000001,5.979464633E42,2.3893588698878604E42,1.81262142779107E42,1.141726694E43,3.94507317925904E42,3.599008780211141E42,1.282704466,0.1785414469999999,0.2360867929999999,5.675814393E42,2.4762237610202303E42,1.88722319258257E42,1.0818406920000001E43,3.821193190729231E42,4.62125818371383E42,500.0,441.3953071196966,443.10260297349834,471.18689661351647,429.617817574679,429.617817574679,429.617817574679,429.617817574679,429.617817574679,429.617817574679,429.617817574679,true,28123,17.033636,0.00267553,0.28598166,0.01302725,0.9342881,-1.0,-1.0,0.28598166,0.2781498,17.31861,1.86545,16.95249,1.9887397,0.7042107,1.0167983,0.019725764,0.0,1.3860171,0.27818158,0.008091136,1,0.027230399,25.162891,3.8816147,29.044506,1,0.8858608,40.8081042035731,-50.333726402076,1.469287,-1.2331958,-1.5207621,-1.9375465,1947.9272,17.31861,0.0,5,1,-2.928152,3.0590336,13.022244,0.2783778,0.006540323,0.3005358,22.527233,22.527233,23.559084,37
DESY3RM-28567,31.8335222665688,-4.82521221966694,0.24586853,0.0177,605.8814331433223,53.13514328814918,2.010543917,0.2971358310000001,0.385142477,1.6060406390000003E43,2.6224983544272803E42,3.03284372622752E42,3.5806061670000006E43,6.463305671356321E42,6.36001146575152E42,2.114011399,0.4181698759999999,0.6930621600000002,1.1587254370000002E43,2.2289648353564402E42,2.96707654936831E42,2.6278516050000004E43,5.725414752572601E42,6.344552564804371E42,500.0,601.9296662131097,597.9927760320312,629.1545915293691,551.9593780037111,605.8814331433223,605.8814331433223,605.8814331433223,605.8814331433223,605.8814331433223,605.8814331433223,true,28567,16.462244,0.0014379317,0.23295979,0.01027268,2.3231907,0.2544725,0.2544725,0.23295979,0.24437958,18.706812,2.0294998,17.791513,1.6450505,0.71515465,1.0321478,0.028832292,0.0,2.607312,0.24586853,0.007050397,1,0.022295479,24.936867,3.583133,28.52,1,0.9171377,31.8335222665688,-4.82521221966694,1.4655776,14.2043495,-2484.5781,22.698267,-1738.9253,18.706812,0.0,5,1,-3.8001227,3.8650572,12.8647585,0.24445042,0.005869241,0.21660523,22.27963,22.27963,23.559084,43
DESY3RM-29944,16.55337798513,-64.3719820433953,0.16549367,0.0268,538.1468486483491,30.390312910003942,1.550968219,0.160749781,0.1400650059999999,5.068148433E42,6.366379546026801E41,5.258506543707901E41,1.0424851760000001E43,1.3616709735385401E42,1.6902289446069402E42,1.571617367,0.1716208720000001,0.1487293679999999,4.724766152E42,6.8301775763068005E41,5.785626261512501E41,9.762219613000002E42,1.6189673088851604E42,1.6063056472904302E42,500.0,526.159152677991,540.3668568101862,520.8906148425193,538.1468486483491,538.1468486483491,538.1468486483491,538.1468486483491,538.1468486483491,538.1468486483491,538.1468486483491,true,29944,15.778515,7.357647E-4,0.16428466,0.009003899,2.3918087,-1.0,-1.0,0.16428466,0.16220307,19.95772,2.1601894,21.086588,1.6421407,0.72447294,1.0144663,0.012345679,0.0,2.2195294,0.16549367,0.0052518495,1,0.022994202,24.295828,4.3979588,28.693787,1,0.9442446,16.55337798513,-64.3719820433953,1.2654697,26.136168,-681.16376,60.46687,-20568.44,20.08682,0.3853551,5,2,-2.5090065,2.9404223,15.0928335,0.16248254,0.004109441,0.23820007,22.351482,22.351482,23.559084,47
DESY3RM-30479,37.623899977555,-5.22529914043935,0.1921493,0.0227,481.94557323294515,16.004088397725624,1.499175048,0.1609260309999998,0.2228275580000001,2.3608028480000004E42,5.984181114061E41,5.5767719335253E41,4.791168306000001E42,1.7992875577225E42,1.41878301160332E42,1.355205637,0.2376918679999999,0.171620101,2.1899346510000002E42,1.27584901709681E42,1.0814546001967201E42,4.599051924E42,1.89397649372112E42,1.88388917781104E42,500.0,490.37273556345855,480.14690639902165,505.35808949438376,481.94557323294515,481.94557323294515,481.94557323294515,481.94557323294515,481.94557323294515,481.94557323294515,481.94557323294515,true,30479,15.842407,9.29261E-4,0.19032356,0.009259514,1.0130087,0.18791498,0.18791498,0.19032356,0.18979694,14.084555,1.5803378,15.350718,1.5477515,0.6756918,1.0085962,0.009403613,0.0,0.6523794,0.1921493,0.005862745,1,0.026892457,24.06297,1.5809978,25.643967,1,0.8071775,37.623899977555,-5.22529914043935,2.1899664,2.71822,-311.23264,12.679328,646.4192,14.087619,0.06888747,5,2,-2.8356333,3.8511155,11.799509,0.18895335,0.004877963,0.29997525,22.525822,22.525822,23.559084,3
DESY3RM-30484,320.935158955252,-0.698400024060427,0.19588248,0.037,385.62713945717644,27.307030531668875,0.9339991568,0.1023959587999999,0.0949539851999999,1.615458399E42,5.3410002569815E41,6.066406272193901E41,2.7049113520000005E42,7.7841836356969E41,8.747018803231201E41,0.9709995768,0.1123927952,0.0969237041999998,1.5167651230000002E42,6.6944011022543E41,4.166078254754301E41,2.5793511320000004E42,9.169418336382801E41,8.493472150898002E41,500.0,368.2635875965005,397.7281114080286,383.6927495616326,385.62713945717627,385.6271394571764,385.62713945717644,385.62713945717644,385.62713945717644,385.62713945717644,385.62713945717644,true,30484,16.240612,6.4694305E-4,0.19513151,0.009606533,2.0001643,0.19497958,0.19497958,0.19513151,0.19311225,16.250761,2.240492,16.46433,1.8058869,0.69530404,1.0948184,0.08459288,0.0,1.8066417,0.19588248,0.006300523,3,0.042877275,24.062359,3.0508165,27.113174,1,0.8608506,320.935158955252,-0.698400024060427,1.9042081,19.339981,2539.2405,161.14854,-1835.5724,16.221025,0.14719878,5,3,-2.2896595,2.7897875,12.633992,0.19271709,0.0053884285,0.3527239,22.648293,22.648293,23.559084,49
DESY3RM-30610,36.9181358536764,-4.85857644890482,0.28519702,0.0221,567.5397649849659,19.45289590982937,2.012032522,0.0932825130000001,0.0914782129999998,2.7736445270000003E43,2.6058135080348402E42,9.389416839046501E41,6.185411441000001E43,6.164609614657761E42,2.02052135020794E42,2.253996469,0.198452617,0.2411709549999998,1.773559185E43,2.67392649566662E42,9.296596060495802E41,4.111380325E43,6.9179398737913E42,2.2419820672363802E42,500.0,560.0162965214275,564.0922577765588,568.6254859904112,567.5397649849659,567.5397649849659,567.5397649849659,567.5397649849659,567.5397649849659,567.5397649849659,567.5397649849659,true,30610,16.891703,0.0028953648,0.29616383,0.012505566,0.9321178,0.29459,-1.0,0.29616383,0.28591177,10.987795,3.054768,11.09458,2.4379678,0.64295727,1.0834827,0.073834196,0.0,1.797176,0.28519702,0.008171954,3,0.028283728,24.003963,3.8486016,27.852566,0,0.7218457,36.9181358536764,-4.85857644890482,1.2161506,11.085597,-3991.194,120.18002,-9578.203,10.987795,0.0,5,1,-3.7210429,3.6947687,6.012023,0.285692,0.006472997,0.2232904,22.302612,22.302612,23.559084,95
DESY3RM-31530,32.4940645773535,-4.98220737088939,0.14421174,0.0176,491.453905690678,19.691374625777716,1.373173928,0.0639736659999998,0.1580384999999999,3.5100889070000007E42,6.986555887049801E41,6.0244710356975E41,6.969807841000001E42,1.2937239036315E42,1.39960928747631E42,1.373070945,0.0751956900000001,0.179616508,2.8607983510000004E42,6.3349688352365E41,6.4596008608482005E41,5.680427849E42,1.20387487874921E42,1.7457746773831303E42,500.0,506.5558144487635,506.5084165639937,498.35395843243157,491.453905690678,491.453905690678,491.453905690678,491.453905690678,491.453905690678,491.453905690678,491.453905690678,true,31530,15.298774,6.209524E-4,0.14080995,0.008686753,0.17868194,-1.0,-1.0,0.14080995,0.1421503,17.333864,1.8546436,17.150805,1.6687533,0.7043347,1.0270895,0.024484849,0.0,0.093674,0.14421174,0.0059156856,1,0.020977952,23.602976,4.351089,27.954065,1,0.8862118,32.4940645773535,-4.98220737088939,1.2606465,1.3068936,803.8846,58.450283,8847.605,17.273867,0.42830032,5,2,-3.2005408,3.4329345,15.40428,0.14173864,0.0046697217,0.26819324,22.441149,22.441149,23.559084,62
DESY3RM-32824,346.355671534782,-51.5140417360916,0.19606958,0.00802,673.7585876691139,104.96112311091835,2.642582014,0.7946838169999999,1.6290937280000004,3.9266359950000006E42,1.33513617469145E42,1.1863342248353902E42,1.0103509650000002E43,3.64066023253573E42,3.0059946376060903E42,2.613121015,0.829148105,1.809517519,3.1059326290000006E42,1.1973359777431502E42,9.6561666752097E41,7.96157226E42,3.936675463656251E42,3.4897795287706705E42,500.0,192.84696989309805,405.476456262649,695.3928881285382,673.7585876691139,673.7585876691139,673.7585876691139,673.7585876691139,673.7585876691139,673.7585876691139,673.7585876691139,true,32824,16.708597,9.109103E-4,0.19486058,0.009809183,1.7306732,-1.0,-1.0,0.19613548,0.19344261,17.181314,2.3864427,16.220251,1.8425957,0.70309055,1.0484715,0.044765167,0.0,1.6026175,0.19606958,0.00566637,1,0.008886048,23.089394,2.9855018,26.074896,1,0.88269365,346.355404497521,-51.5119503734987,1.621408,12.700343,-4091.8396,128.73862,-36805.11,17.21783,0.04941059,5,3,-1.1071396,1.8171159,13.976553,0.1929061,0.0046304706,0.38711995,22.718643,22.718643,23.559084,32
DESY3RM-33010,36.5007313757876,-2.82543456594053,0.27805895,0.0214,472.3828860120333,29.238911143311473,1.368154113,0.0830060559999998,0.2188431890000002,4.355828034E42,6.0020191009686E41,9.641813511662102E41,8.583358103E42,1.35600331537517E42,1.9251988841989704E42,1.623230682,0.3264665229999999,0.431810499,3.488409953E42,8.3387782883426E41,8.515511161095301E41,7.253929517000001E42,1.83054571553177E42,2.30391673323199E42,500.0,479.8681919276909,457.62415113539015,462.3546612864206,472.3828860120333,472.3828860120333,472.3828860120333,472.3828860120333,472.3828860120333,472.3828860120333,472.3828860120333,true,33010,17.639952,0.005388538,0.30649891,0.014646425,1.2300013,-1.0,-1.0,0.30649891,0.27768734,17.471159,1.9448614,17.913553,1.9971199,0.7054469,1.03544,0.030215131,0.0,3.780315,0.27805895,0.008804394,1,0.023978312,23.00963,0.9176727,23.927303,1,0.88936365,36.5007313757876,-2.82543456594053,1.2862878,1.8787856,-1947.9022,-14.238434,-6609.2695,17.404608,0.32311088,5,3,-0.06587186,1.7472696,12.491737,0.2782497,0.0074069705,0.20828784,22.250027,22.250027,23.559084,89
DESY3RM-33171,56.4778196797796,-24.0978402309392,0.14477484,0.012,379.1218640703858,28.145199699411762,0.969857834,0.1995487807,0.201223185,1.201342595E42,5.3991790435174E41,4.9861777123599E41,2.047116365E42,6.5917417158066E41,8.336901897241401E41,1.078988471,0.3371184948999999,0.197323334,6.1256340470000006E41,6.1256340470000006E41,3.2326844815411E41,1.097067765E42,1.0970670763430301E42,8.317044801350801E41,500.0,534.0417371244836,406.95194286427966,1079.602527646357,71.53220236736435,651.7177442456905,363.8359289297695,379.1218640703858,379.1218640703858,379.1218640703858,379.1218640703858,true,33171,15.123869,7.303646E-4,0.13796341,0.008345179,0.84220445,-1.0,-1.0,0.13796341,0.14098689,11.628504,2.032888,10.209791,1.9937977,0.65028656,1.010232,0.012285641,0.0,0.46636692,0.14477484,0.006182545,1,0.014581301,22.944897,2.6989725,25.64387,1,0.740492,56.4778196797796,-24.0978402309392,0.8999095,7.4811654,-5877.486,-5.8410463,-154.91154,11.348627,1.0335408,5,3,-2.0770228,4.0624886,10.3884,0.14228426,0.005014595,0.25292215,22.396824,22.396824,23.559084,7
DESY3RM-34032,63.5594550174242,-22.0064250876535,0.20161273,0.0205,364.3949126400914,30.479293940870438,0.9759331961,0.1316106000999999,0.1108640799,1.905291943E42,3.8523523346802E41,2.8361650157391002E41,3.241674448E42,6.1428127766954006E41,6.6611620732675E41,1.00803629,0.1624216164999999,0.160870711,1.4760069090000002E42,3.5533391504374E41,3.5046417090149E41,2.5463627440000005E42,7.6591705602523E41,6.1649778794793E41,500.0,783.5798568369968,347.88121871590704,399.1291844971339,364.3949126400914,364.3949126400914,364.3949126400914,364.3949126400914,364.3949126400914,364.3949126400914,364.3949126400914,true,34032,16.672932,0.0017783024,0.20175448,0.009650389,1.6769536,-1.0,-1.0,0.20175448,0.19841225,18.111868,2.3679292,19.606855,1.8942082,0.71054673,1.1034046,0.09027611,0.0,1.7317809,0.20161273,0.005654383,1,0.03146636,22.596025,3.5049145,26.10094,1,0.9038952,63.5594550174242,-22.0064250876535,1.2040435,4.470878,-1653.7024,-0.581802,8360.652,18.111868,0.0,5,1,-0.30778584,2.0011103,11.113563,0.19852574,0.0045959447,0.2823918,22.480152,22.480152,23.559084,38
DESY3RM-34351,29.2023900865722,-1.11372695300027,0.23582985,0.0264,534.1446944697984,65.82387637635125,1.676076535,0.3639229029999999,0.6224850900000001,1.69140978E43,5.1005040436501E42,7.054194904057951E42,3.5590817960000004E43,1.354408048989976E43,1.709193428723958E43,0.1021485978,0.04377435988,0.0565677684999999,1.122936921E43,1.122936921E43,-6.887290318938801E42,6.295463550000001E44,6.295463550000001E44,-3.062434409716411E44,500.0,498.01180292362073,511.62390187732365,526.9993787897895,534.1446944697984,534.1446944697984,534.1446944697984,534.1446944697984,534.1446944697984,534.1446944697984,534.1446944697984,true,34351,16.358652,0.0014690507,0.23998882,0.011003478,0.20793219,0.23747449,0.23747449,0.23998882,0.23448436,16.357546,2.1313274,20.07976,2.206729,0.6962154,1.0087603,0.0094821295,0.0,0.72118825,0.23582985,0.0059756543,1,0.028335247,22.467937,3.7147398,26.182678,1,0.8633915,29.2023900865722,-1.11372695300027,1.2642124,-2.209979,-2390.2358,7.9428244,-13188.154,16.357546,0.0,5,1,-3.1088512,3.8476129,13.929441,0.23391837,0.004686613,0.22886975,22.321272,22.321272,23.559084,5
DESY3RM-34496,351.417271512926,-54.7419065160221,0.11700302,0.0102,486.47125822307777,17.433437205709005,1.324151599,0.0451540709999997,0.040245955,4.2881778860000004E42,5.998892367002001E41,4.8934098735119E41,8.366736096000001E42,1.2162044593037801E42,1.1449218289154301E42,1.600232827,0.1140237879999999,0.103919689,2.997807245E42,4.5549002089601004E41,5.2723474512763005E41,6.24795746E42,1.4060041440750602E42,1.1362108522169302E42,500.0,529.9387555135042,487.4848101292291,521.8641748943601,486.47125822307777,486.47125822307777,486.47125822307777,486.47125822307777,486.47125822307777,486.47125822307777,486.47125822307777,true,34496,14.559778,3.8574613E-4,0.107107945,0.0067963838,0.6233184,-1.0,-1.0,0.107107945,0.11409473,9.965712,1.8382323,8.196135,1.7009605,0.63052404,1.0359658,0.028534371,0.0,0.50771886,0.11700302,0.005986859,1,0.01019972,22.419,3.428627,25.847628,0,0.6908176,351.417271512926,-54.7419065160221,1.4447118,7.0431323,-5431.148,81.3067,-4097.8345,9.965712,0.0,5,1,-3.3186502,4.440095,9.188813,0.115523994,0.003946256,0.41585648,22.772781,22.772781,23.559084,41
DESY3RM-35132,42.110402828467,-3.49105061169063,0.28259024,0.0308,379.6423915850925,58.399879601075455,0.93792182,0.346743775,0.2656408600000001,1.8772225220000002E42,6.9351538352473E41,6.173871168765701E41,3.134171543E42,1.3661085064844901E42,6.840412959295001E41,0.9301624448,0.4444305837,0.3302050622,1.7579842240000003E42,1.0587250282650301E42,5.673906821957601E41,2.92575291E42,1.4806532750459602E42,8.4759271628708E41,500.0,307.76928385092583,269.9274703410586,252.4703356763579,457.12152183980754,341.040936080913,404.94294927559986,379.6423915850925,379.6423915850925,379.6423915850925,379.6423915850925,true,35132,18.0734,0.0038496929,0.2827125,0.013758308,1.1547674,-1.0,-1.0,0.2827125,0.28314322,17.272844,2.5576062,16.143976,2.0575125,0.7038381,1.0982718,0.08778718,0.0,1.0982412,0.28259024,0.008663646,1,0.033496216,22.182566,1.0999916,23.282557,1,0.88480663,42.110402828467,-3.49105061169063,1.4829807,-0.08851311,-176.83847,7.8304367,276.19296,17.299314,0.32069337,5,4,0.44041547,1.2180158,10.142148,0.28297797,0.007142605,0.2423937,22.364677,22.364677,23.559084,36
DESY3RM-35384,38.2152112519554,-5.56579264467281,0.22814396,0.0216,416.1979363120724,26.17904152651152,1.586888,0.324979514,0.3128341809999999,3.7961953160000005E42,1.2738072991309201E42,1.4938917533942102E42,7.849076611000001E42,3.0526109772692806E42,2.2138313089819102E42,1.123078497,0.2206505161,0.1807309579999998,2.8779613930000005E42,1.3685623422508602E42,1.15433133978278E42,5.2088902060000004E42,2.2800502157335E42,1.9718954592105402E42,500.0,472.0711513948183,411.914036248718,523.3684641333932,461.4383758508252,416.1979363120724,416.1979363120724,416.1979363120724,416.1979363120724,416.1979363120724,416.1979363120724,true,35384,16.645609,0.0034139345,0.22111492,0.010969695,0.20312487,0.22003952,0.22003952,0.22111492,0.22724435,15.243933,1.6301146,17.394884,1.6967323,0.6864666,1.0081159,0.009325153,0.0,0.19072458,0.22814396,0.0064784363,1,0.024464343,22.094831,3.3424602,25.437292,1,0.8364275,38.2152112519554,-5.56579264467281,1.7949852,15.722112,-648.22516,95.74831,10210.379,15.285664,0.29367104,5,2,-2.0117433,2.7311747,9.81594,0.22588588,0.00540055,0.34145823,22.62375,22.62375,23.559084,38
DESY3RM-35600,352.90863314477,0.128423029911424,0.2217695,0.0415,447.7965094063889,22.26150027518007,1.245640254,0.0859801200000001,0.079022229,4.241653587E42,4.241653587E42,4.63297635258731E42,7.95907872E42,7.95907872E42,9.602010747341171E42,1.245797857,0.1081856219999999,0.095386165,3.338394844E42,3.338394844E42,7.625525236472145E44,6.264542075000001E42,6.264542075000001E42,9.840524758233813E44,500.0,458.32555473043476,449.13217886844234,449.5914926709694,447.7965094063889,447.7965094063889,447.7965094063889,447.7965094063889,447.7965094063889,447.7965094063889,447.7965094063889,true,35600,16.584326,0.0011999336,0.22835399,0.009783957,1.6704061,0.22381668,0.22381668,0.22835399,0.21951358,14.710009,1.6284785,13.321806,1.5724894,0.681589,1.0166178,0.01607717,0.0,2.2666562,0.2217695,0.0067842184,1,0.04142196,22.018923,2.5340261,24.552948,1,0.82311493,352.90863314477,0.128423029911424,1.9183099,2.2863455,-171.32715,37.447124,7958.838,14.703022,0.032211762,5,2,-1.96734,2.7020304,9.465285,0.21925351,0.0058194096,0.3172451,22.568142,22.568142,23.559084,74
DESY3RM-36126,11.859218510677,-23.4284103576848,0.15914516,0.0133,409.4894731094594,52.26670976818807,0.8631086211,0.0727867113999999,0.1492314718999999,1.269109102E42,5.248738927309101E41,4.071400901723001E41,2.070893364E42,7.371285464830301E41,8.422676187420302E41,0.8619627636,0.0694910262,0.1670195584,9.233772942000001E41,4.0240395708125E41,3.0947953795216003E41,1.506083663E42,8.224740729239801E41,5.8100674737993E41,500.0,355.4069865388792,477.83325240927064,358.12329890337213,479.2552059291184,359.21501089442876,469.7012385253322,378.42140794257966,409.4894731094594,409.4894731094594,409.4894731094594,true,36126,15.293303,9.282127E-4,0.15476191,0.00926042,1.1365674,-1.0,-1.0,0.15476191,0.15686578,17.806768,1.9830663,18.035593,1.5108255,0.70813656,1.0355324,0.037046004,0.0,0.6101891,0.15914516,0.005588635,1,0.01496362,21.86231,2.6085758,24.470886,1,0.89701134,11.859218510677,-23.4284103576848,1.8975054,9.485982,-3520.719,0.8302251,1890.7399,17.851263,0.22877422,5,3,-6.0171866,4.230826,14.627722,0.15626481,0.0044833138,0.19650112,22.205984,22.205984,23.559084,7
DESY3RM-36564,15.3587752624651,-0.0778642388839987,0.1171388,0.0304,459.5754194385978,17.627703212866304,1.184595836,0.0466882799999999,0.0425052329999999,8.753774378000001E42,5.399900513668801E41,4.0807402401657E41,1.62371672E43,1.0567064727940202E42,9.466177945269701E41,1.240496191,0.051865993,0.0469508269999998,6.150449635E42,4.813222887125601E41,4.917842746100201E41,1.1629624890000001E43,1.39924552094576E42,8.9938502850775E41,500.0,467.5420828392959,459.78938830623656,459.95751990413765,459.5754194385978,459.5754194385978,459.5754194385978,459.5754194385978,459.5754194385978,459.5754194385978,459.5754194385978,true,36564,14.496982,5.595606E-4,0.1144163,0.007743901,4.048164,0.1121951,0.1121951,0.1144163,0.11578158,17.150805,2.119288,17.31861,1.8417206,0.7028407,1.0108644,0.009806325,0.0,3.349014,0.1171388,0.0060617905,1,0.031201731,21.719587,2.94639,24.665977,1,0.8819879,15.3587752624651,-0.0778642388839987,1.8194512,21.111189,-1627.6466,52.40468,-31849.37,16.861725,0.31878448,5,2,-8.2046795,4.7129426,15.0324745,0.11565428,0.0040643862,0.21294478,22.266745,22.266745,23.559084,17
DESY3RM-37710,34.3054322810729,-3.54932690508518,0.2141781,0.0195,766.0636041222339,191.32274245561462,2.739566694,0.947425022,3.357423491,3.7540875180000005E42,3.7540875180000005E42,1.94891453567424E42,9.359898617E42,9.359898447635311E42,7.09551873757318E42,2.242369191,0.788767134,15.008594929,3.443976267E42,3.443976267E42,2.23849662902413E42,7.97915295E42,7.979152819056871E42,7.81917363875596E42,500.0,475.01256138320866,233.7452499578993,204.96658232589687,357.9654976382015,778.2272029252294,766.0636041222339,766.0636041222339,766.0636041222339,766.0636041222339,766.0636041222339,true,37710,15.594876,0.0012606251,0.19810538,0.009582373,0.75275725,-1.0,-1.0,0.19810538,0.21099947,19.62211,2.4396987,20.156034,2.159131,0.72201985,1.0312123,0.033603434,0.0,0.41390026,0.2141781,0.005444683,1,0.024237199,21.334324,1.5559273,22.890251,1,0.9370661,34.3054322810729,-3.54932690508518,1.6489234,0.15907407,-1824.3247,0.64292616,-4508.717,19.509176,0.4973072,5,3,-10.477697,6.2049565,24.776834,0.21139826,0.0042547924,0.24862348,22.383863,22.383863,23.559084,71
DESY3RM-38364,41.3895933293619,-53.3150356627328,0.12161608,0.0349,435.84725516177485,105.16052468846192,1.083781796,1.083781796,-1.083781796,6.2235127450000006E41,6.2235127450000006E41,6.109948381044101E41,1.1185338910000001E42,1.07326367977562E42,1.2843095507468002E42,1.082309398,1.082309398,-1.082309398,2.9368736640000003E41,2.9368736640000003E41,5.4943476941737006E41,5.274557423E41,5.274557423E41,1.1066881766590201E42,500.0,383.67184549562114,520.9273013101106,914.7607966514116,382.75668264516395,133.7770601292582,436.80942433411724,435.84725516177485,435.84725516177485,435.84725516177485,435.84725516177485,true,38364,15.287156,5.8967754E-4,0.1268936,0.008431158,1.6845028,-1.0,-1.0,0.1154182,0.11938643,16.79994,3.0172052,18.325438,1.9850461,0.69994116,1.1764512,0.14965986,0.0,2.2044032,0.12161608,0.006129731,2,0.054380316,21.128754,3.8323555,24.96111,1,0.8738223,41.3986063969551,-53.29884763575,1.4849081,10.35762,2676.8337,127.833374,14740.222,16.881588,0.18545434,5,3,-3.6437292,2.454932,12.288931,0.11995289,0.004328431,0.21567665,22.276382,22.276382,23.559084,20
DESY3RM-38846,331.163895504284,-50.0316934243048,0.276073,0.0176,418.42151828447163,100.8725867995546,1.380907807,0.150084273,0.4621513929999998,6.490131329E42,1.89875645461954E42,2.2824631529077602E42,1.282560261E43,5.4141620926052706E42,6.756994134740731E42,1.405950363,0.1558134580000001,0.4649414159999998,6.461493346E42,1.48591321151819E42,2.7256891195530704E42,1.2833411630000002E43,4.875570060983181E42,5.5113587697106404E42,500.0,604.2070091799977,271.3194774774764,402.35935309172953,459.1787100958021,387.6950074090587,457.78789650772666,389.88112391238815,459.5658178589222,418.4215182844716,418.42151828447163,true,38846,16.83624,0.0026208,0.27103168,0.012419597,1.0822116,-1.0,-1.0,0.2797455,0.27583882,19.43905,3.3941252,15.182913,1.9086703,0.7206676,1.176081,0.15493959,0.0,0.8669742,0.276073,0.008555461,4,0.023171812,20.987696,3.9158099,24.903505,1,0.9331219,331.185078271337,-50.0289613909967,1.326637,-5.971802,931.5736,-25.614784,38566.08,20.195755,1.1197114,5,2,-5.292347,3.6014247,16.680752,0.2761735,0.007149921,0.23758732,22.349535,22.349535,23.559084,3
DESY3RM-39031,357.752420548313,-55.3704031918325,0.1388333,0.0133,610.4428854050238,51.88843604038653,1.96781922,0.280747195,0.3098081750000001,5.846572876E42,5.759409567120301E41,5.9985963243069005E41,1.3022326430000002E43,1.53862291697283E42,1.6793950835533402E42,1.941924009,0.3062344670000001,0.37106014,4.7677897320000007E42,4.2125851561992005E41,6.0334000429738006E41,1.0574795450000002E43,1.5631258948665303E42,1.4973285115579603E42,500.0,604.7620358107733,410.5701732055144,611.3098815796338,610.4428854050235,610.4428854050236,610.4428854050237,610.4428854050238,610.4428854050238,610.4428854050238,610.4428854050238,true,39031,15.797788,8.479403E-4,0.12911974,0.008916076,0.22178137,-1.0,-1.0,0.1304957,0.13479993,13.504866,1.6521504,12.482782,1.4636317,0.67003584,1.0287162,0.029869478,0.0,0.32341626,0.1388333,0.0066840225,4,0.008612766,20.926622,0.3162688,21.242891,1,0.79205483,357.712289933558,-55.3569024302399,1.0499647,-4.5242453,-110.88541,-14.439638,2496.185,13.523869,0.11247016,5,2,0.042937983,2.007136,8.946629,0.13653554,0.0055090813,0.31460547,22.561825,22.561825,23.559084,47
DESY3RM-39295,41.4153194055092,-52.9640262165454,0.11119304,0.031,930.3181302051725,67.02770572095775,4.071475456,0.5068150929999997,0.6898575759999996,1.7545619080000001E43,8.1987298069092E41,8.556275230256002E41,5.202398362000001E43,5.462980595092791E42,3.872997710108541E42,4.097557387,0.533529889,0.7642602929999995,1.6265779710000001E43,8.1791548218422E41,8.663493715050901E41,4.837476165E43,4.5113776131696304E42,4.13103094853264E42,500.0,640.129323309734,1014.6262775071706,935.2288516691494,930.3181302051723,930.3181302051725,930.3181302051725,930.3181302051725,930.3181302051725,930.3181302051725,930.3181302051725,true,39295,14.231628,3.3618623E-4,0.105589226,0.00636874,2.9721742,-1.0,-1.0,0.105589226,0.109689444,14.572714,1.6111828,14.557459,1.8027337,0.6803119,1.0236181,0.0227892,0.0,2.5362663,0.11119304,0.006087239,1,0.045668464,20.840807,2.9593835,23.80019,1,0.81964886,41.4153194055092,-52.9640262165454,1.1734222,3.0535882,-471.25488,48.042595,19873.45,14.542236,0.16396947,5,2,-3.597126,5.4150367,15.7233095,0.10995124,0.0038540876,0.22972876,22.324104,22.324104,23.559084,75
DESY3RM-39586,18.9764232889797,-0.158859796583073,0.17458184,0.0306,484.3172930849447,42.13068676016246,1.368440704,0.1973361019999999,0.3684241240000001,3.105274922E42,6.418453198326701E41,9.173506180884701E41,6.152069844000001E42,1.9016161648511902E42,2.2948652545782704E42,1.349443228,0.2535514209999998,0.2834114600000001,3.1610368950000004E42,7.832506086462101E41,8.4341719163337E41,6.217136762E42,1.6929133944286303E42,1.7304047903631203E42,500.0,484.96174060793294,483.9607801640044,484.3214962820907,484.3172930849447,484.3172930849447,484.3172930849447,484.3172930849447,484.3172930849447,484.3172930849447,484.3172930849447,true,39586,16.618977,0.0022454385,0.17240824,0.012502684,12.838035,-1.0,-1.0,0.17240824,0.17144023,6.609617,1.9868773,6.5638523,1.6529403,0.58081156,1.0289588,0.026778243,0.0,12.799643,0.17458184,0.006380859,1,0.029230013,20.7564,2.2016115,22.958012,0,0.57426715,18.9764232889797,-0.158859796583073,1.4733468,7.244713,-3639.8745,46.14835,-14664.224,6.609617,0.0,5,1,-0.38047546,1.521619,3.8869956,0.1714361,0.0054943105,0.22800937,22.318424,22.318424,23.559084,75
DESY3RM-39601,36.5755501582041,-3.99939990491016,0.21175018,0.0245,529.9821928718482,38.47738390669411,1.860121699,0.242077587,0.5325556090000001,2.4426070520000003E42,8.7275078692518E41,6.410911814811701E41,5.3086116200000006E42,1.46902939106104E42,2.0871790295592902E42,1.709337115,0.2231238669999999,0.2933447840000001,2.086788509E42,7.9410676050988E41,9.1323565584099E41,4.421319120000001E42,1.6523371582065402E42,1.81754405291432E42,500.0,515.8157645552002,498.1286484744136,519.7125809364163,529.9821928718482,529.9821928718482,529.9821928718482,529.9821928718482,529.9821928718482,529.9821928718482,529.9821928718482,true,39601,16.455574,0.0021903475,0.22011878,0.009612506,0.08864308,0.2093005,0.20869,0.21484697,0.20944314,15.564287,1.9905025,16.73892,1.939448,0.6893279,1.0174924,0.016084444,0.0,1.1883148,0.21175018,0.0058680526,2,0.027934363,20.751469,0.8514563,21.602924,1,0.84429216,36.6102703421622,-4.02753204164877,1.1524855,16.285166,-1132.1089,130.0623,-18432.508,15.983752,0.99499017,5,3,-1.4121525,2.7357845,11.652479,0.20889764,0.0048018442,0.1887661,22.175621,22.175621,23.559084,90
DESY3RM-40020,55.4061030099117,-53.1743135557505,0.1046469,0.0111,551.227321980061,24.673491778696892,1.603750965,0.104913872,0.096201658,5.513995314000001E42,3.2139038899756E41,3.6643254969388E41,1.152047708E43,1.0142525666075E42,9.977077134921602E41,1.590223342,0.1208816219999999,0.1085772279999999,4.763168096E42,3.5078174915544004E41,3.6315763189264004E41,9.922180065000001E42,1.0098084323891901E42,8.194265201753501E41,500.0,545.173370412828,550.2536454151261,547.6282767907495,551.227321980061,551.227321980061,551.227321980061,551.227321980061,551.227321980061,551.227321980061,551.227321980061,true,40020,14.585209,4.0760555E-4,0.10659278,0.0068766223,0.44618434,-1.0,-1.0,0.10659278,0.10377557,17.01351,1.8922948,16.204996,1.8426018,0.7017118,1.0278094,0.026809016,0.0,0.6030591,0.1046469,0.0061280425,1,0.012983864,20.63281,4.1786904,24.8115,0,0.87880373,55.4061030099117,-53.1743135557505,1.1525892,0.0,-3519.3835,-38.1236,4990.758,17.005543,0.15007323,5,2,-2.409282,3.46112,18.637932,0.10367722,0.0036070142,0.35392457,22.650862,22.650862,23.559084,99
DESY3RM-40719,16.9533189479434,-64.441938301082,0.2805608,0.0281,686.8701097221324,154.72138835058075,0.5439681087,0.2369204774,0.2580683392999999,4.699663303E42,3.9314253734877803E42,9.631987011438001E41,7.266021595E42,6.072049839499731E42,2.1117478466276402E42,3.43375178,1.6681220170000002,52.84559846,1.7328148220000002E37,1.7328148220000002E37,1.353557075001745E49,4.743006337E37,4.743006337E37,5.208683816606323E49,500.0,308.68569289590647,520.2942326378962,692.468620067705,686.8701097221324,686.8701097221324,686.8701097221324,686.8701097221324,686.8701097221324,686.8701097221324,686.8701097221324,true,40719,16.969973,0.0023254359,0.26940987,0.0124744,0.6770592,-1.0,-1.0,0.3006548,0.28962022,13.0014515,1.9122252,12.650587,1.7677733,0.6649644,1.0178648,0.016811004,0.0,0.6184472,0.2805608,0.009082468,10,0.01951314,20.419752,1.7347416,22.154493,1,0.77862966,16.9538835692429,-64.4365190249656,1.6745814,23.262136,1315.726,57.091812,-7803.219,13.04782,0.2097769,5,2,-3.6787825,3.3067806,10.694103,0.28086188,0.0076864725,0.26650575,22.436377,22.436377,23.559084,23
DESY3RM-41253,86.8282646672894,-53.5372814534796,0.21953417,0.0672,279.1101512072183,62.519791375742706,0.4450280039,0.1199322411,0.2056567029,3.787005215E41,3.787005215E41,1.5100589796081E41,6.182275305000001E41,6.1822753049755006E41,2.4929522742591E41,0.4384952955,0.1695492421,0.3196879859,3.56511241E41,3.56511241E41,-2.758193718644577E39,5.841375002000001E41,5.841375002000001E41,1.1397923374459001E41,500.0,317.4820509500834,246.6346823542447,277.8078159576266,279.1101512072183,279.1101512072183,279.1101512072183,279.1101512072183,279.1101512072183,279.1101512072183,279.1101512072183,true,41253,16.469315,8.270621E-4,0.21634243,0.009205637,0.3347361,-1.0,-1.0,0.21634243,0.21692157,13.459101,1.6895112,15.274443,1.5431719,0.6695811,1.0533233,0.05369958,0.0,0.28756738,0.21953417,0.0065101045,1,0.09653765,20.26344,3.7843215,24.04776,1,0.7908459,86.8282646672894,-53.5372814534796,1.7256466,2.3816693,-51.022343,6.197115,12843.322,13.458228,0.11247016,5,2,-3.601589,2.9347923,11.635214,0.21693523,0.005515427,0.43885013,22.81347,22.81347,23.559084,60
DESY3RM-41522,349.184441700678,-42.7058384279382,0.2123232,0.00934,539.7012054322372,14.517011814239334,1.841705363,0.1394535239999998,0.1971556730000001,1.0720455530000002E43,2.4622729358008402E42,4.19549580547802E42,2.323590347E43,8.747066994737581E42,5.928181681530951E42,1.826583149,0.130827784,0.2144786250000001,9.665796483000001E42,3.64878399415559E42,4.01574134772243E42,2.0897959060000001E43,9.24210472203115E42,5.79985183396829E42,500.0,541.4198426946685,554.7488042101096,567.3859242909299,539.7012054322372,539.7012054322372,539.7012054322372,539.7012054322372,539.7012054322372,539.7012054322372,539.7012054322372,true,41522,16.389885,0.0016909359,0.2071161,0.009342667,0.3359728,-1.0,-1.0,0.2071161,0.20945573,12.940432,1.2720362,14.893068,1.747438,0.664339,1.047077,0.046347607,0.0,0.25071254,0.2123232,0.006116476,1,0.013092762,20.185532,3.6089137,23.794445,1,0.77698314,349.184441700678,-42.7058384279382,1.6805041,-4.5687366,496.15314,-4.2076592,-598.5906,12.939296,0.07919193,5,2,-3.7198265,2.9247406,10.661916,0.20948714,0.005098786,0.32126644,22.577665,22.577665,23.559084,16
DESY3RM-42319,32.4587100373637,-4.36854359244855,0.14010946,0.0183,217.18704502720269,27.516405666185975,2.046659021,0.8694475689999999,4.447309106,9.405163886000001E41,4.0005416543873E41,4.3626976341803005E41,2.121671885E42,1.3052098423297101E42,1.3801136511519101E42,3.204231715,1.7183995690000002,12.425927505,8.837114426E41,8.837114426E41,2.0499924394782E41,2.3552790810000005E42,2.0257338926888202E42,1.8197858440094602E42,500.0,255.36578266531734,559.1443399918008,226.03214472131427,634.3034579607727,339.52240856428875,708.9311253155083,414.9563448489512,717.9514975356313,205.50017999970893,217.18704502720269,true,42319,15.763608,7.423248E-4,0.12562177,0.009145579,0.26675993,0.13936454,0.13936454,0.12562177,0.1377827,13.489611,1.5538826,13.520121,1.4070296,0.66988444,1.0133582,0.013392857,0.0,1.070059,0.14010946,0.006527296,1,0.023673108,19.94958,3.1857882,23.135368,1,0.7916521,32.4587100373637,-4.36854359244855,1.4023411,5.7601285,-1493.9418,12.596509,-12800.693,13.388029,0.2741898,5,3,-1.9388113,2.1089995,10.64809,0.13776883,0.0053442754,0.26844642,22.441862,22.441862,23.559084,58
DESY3RM-42433,352.654349890389,-55.7274193128418,0.2815363,0.0113,675.6746616061217,99.17769258830369,1.920708401,0.353697205,0.761803958,9.26006802E42,1.9464297915105503E42,2.3136374790269302E42,2.0333447780000002E43,3.7965020926057605E42,5.0472018956951307E42,1.950564508,0.4235579760000001,0.9650244549999998,7.564390555E42,2.1537834229311803E42,2.08379466187347E42,1.669179691E43,3.9665318999443603E42,5.4236351339692303E42,500.0,189.98664885491164,540.9039543633739,269.4515771351225,741.7489010224762,675.6746616061217,675.6746616061217,675.6746616061217,675.6746616061217,675.6746616061217,675.6746616061217,true,42433,16.884895,0.0022752534,0.26746166,0.012143234,1.5635413,-1.0,-1.0,0.26746166,0.28391987,17.867788,2.1765347,17.532179,2.0507004,0.7086212,1.0105746,0.0098914355,0.0,1.4260751,0.2815363,0.0080585675,1,0.012313284,19.916622,3.0039716,22.920593,1,0.8983933,352.654349890389,-55.7274193128418,1.2177936,1.8107437,-792.62823,-7.329506,4547.4077,17.95499,0.3511282,5,2,-3.4465184,3.607896,15.172757,0.28187963,0.0064210705,0.2645411,22.430782,22.430782,23.559084,80
DESY3RM-43191,55.4612588540748,-54.0415735061299,0.1907871,0.0125,525.0168908911079,24.097324184096646,1.542188803,0.1227202179999999,0.10965525,7.893452016E42,5.6576106486238E41,7.0968874797974E41,1.6129354370000004E43,1.1869238206760901E42,1.81033020573591E42,1.552909188,0.1350701170000001,0.1195242829999998,6.604416616000001E42,6.9775029003218E41,6.567551756339101E41,1.352662814E43,1.5459307859229202E42,1.4504142636044E42,500.0,518.0299560988186,526.0865530472066,514.3285419547648,525.0168908911079,525.0168908911079,525.0168908911079,525.0168908911079,525.0168908911079,525.0168908911079,525.0168908911079,true,43191,15.758696,8.651695E-4,0.18331796,0.009367373,1.2766777,-1.0,-1.0,0.18331796,0.18729971,14.969343,1.892213,16.3728,1.539028,0.6839755,1.0467045,0.04585799,0.0,0.9737911,0.1907871,0.00556621,1,0.01627942,19.708197,3.7302814,23.438478,1,0.8296136,55.4612588540748,-54.0415735061299,1.5530105,3.3824775,1921.6506,20.0577,19552.412,14.969343,0.0,5,1,-4.044883,4.091754,13.794644,0.18758377,0.0045198966,0.36819872,22.680756,22.680756,23.559084,67
DESY3RM-43431,345.491280029017,0.205606800970212,0.11702759,0.0416,597.9426941743524,65.68500762462523,2.189614582,0.5035723219999999,1.096582895,3.0909608150000003E42,2.6360649730257004E41,8.0375627250413E41,7.142664203000001E42,1.2285362820290001E42,1.8220561069320302E42,2.420990859,0.6455210890000003,1.2935736319999998,2.943535561E42,4.5528823005108E41,8.1358501296185E41,7.039661857000001E42,1.3209535027796102E42,1.6395494378207702E42,500.0,553.7706251716442,638.2292363774201,581.0644623380799,658.3344657771371,597.9426941743519,597.942694174352,597.9426941743521,597.9426941743523,597.9426941743524,597.9426941743524,true,43431,15.122874,6.738319E-4,0.11551468,0.008403684,0.2923584,0.10914309,0.10914309,0.11551468,0.1155487,14.267614,1.8705693,15.579542,1.5032305,0.6774391,1.1199212,0.102155805,0.0,0.27157775,0.11702759,0.0062177675,1,0.05760862,19.645605,3.6591585,23.304764,1,0.81188166,345.491280029017,0.205606800970212,1.0704844,9.7837105,2967.0088,40.858833,22042.844,14.290711,0.14240411,5,2,-1.3972145,2.643345,9.087576,0.11554757,0.0042894003,0.25394958,22.399889,22.399889,23.559084,76
DESY3RM-43717,61.0819982375985,-57.3526549761958,0.28217515,0.0111,401.2739878894105,44.161055494983984,1.086496408,0.1660824020999999,0.2258829720000001,2.411499315E42,9.4901252276381E41,8.9309320262463E41,4.303100808000001E42,1.5687280288638204E42,1.2533839227788403E42,1.070012525,0.2443411613,0.2255508989999999,1.9201492340000002E42,9.242699029435701E41,6.393949635793001E41,3.400066586E42,1.4856912756419902E42,1.43495163866119E42,500.0,122.90519840232477,449.93114647421925,139.0781452484444,426.3749911029101,401.2739878894105,401.2739878894105,401.2739878894105,401.2739878894105,401.2739878894105,401.2739878894105,true,43717,17.225855,0.0011862646,0.2857427,0.012699219,0.7047884,-1.0,-1.0,0.2857427,0.28252217,16.70841,2.1395028,15.030363,2.093812,0.69917685,1.0128026,0.012676743,0.0,0.8238589,0.28217515,0.008663319,1,0.014395117,19.577942,4.0298104,23.607752,1,0.8716767,61.0819982375985,-57.3526549761958,1.4126801,7.3070593,4799.698,-13.123751,17708.959,16.70841,0.0,5,1,-2.3287601,2.648172,9.35168,0.28254545,0.007151381,0.65173227,23.112474,23.112474,23.559084,89
DESY3RM-43812,342.515672884166,-44.7891583936543,0.18798694,0.0119,615.7265641803425,14.958326459677108,2.298131011,0.103166023,0.1033410849999998,1.7907245620000003E43,6.5699257351496005E41,7.030347242966902E41,4.172785852E43,1.4163651003436002E42,1.7504232284008203E42,1.977676503,0.10497066,0.102515248,2.2138395260000002E43,3.2289143599578205E42,2.0717280538573303E42,4.899813797000001E43,7.68270612120833E42,5.132285188306121E42,500.0,621.6245473317466,654.1470889135732,581.3135603849976,615.7265641803425,615.7265641803425,615.7265641803425,615.7265641803425,615.7265641803425,615.7265641803425,615.7265641803425,true,43812,16.576664,0.0010518028,0.18428619,0.009691586,1.5873078,-1.0,-1.0,0.18428619,0.18471919,12.726862,1.3637513,12.055643,1.3802409,0.66213155,1.0304856,0.030990174,0.0,1.468408,0.18798694,0.006581559,1,0.012311817,19.550417,3.20416,22.754578,1,0.7711862,342.515672884166,-44.7891583936543,1.7357194,7.1171565,-1893.6489,13.575391,-2632.4128,12.714675,0.16774149,5,3,-1.4373068,1.8630805,7.954007,0.18477511,0.0057272026,0.26272544,22.425575,22.425575,23.559084,5
DESY3RM-45719,25.2334633857738,0.156072311597909,0.14770296,0.0285,830.730345466498,119.57849901104741,3.279634878,0.7520998379999999,1.4489939919999997,9.730751095E42,1.6169621012942702E42,1.4799703793886203E42,2.619074648E43,5.54989303178498E42,4.52719851820534E42,3.164759762,0.7065663529999999,1.4889922320000002,8.853583401000001E42,8.5407960527223E41,2.07626345883329E42,2.347050828E43,4.5105835227462603E42,5.0558392262722404E42,500.0,712.0278597795442,773.3864532438599,728.015590300252,900.8404372195491,722.1830631605112,799.0568872651776,830.730345466498,830.730345466498,830.730345466498,830.730345466498,true,45719,15.509292,8.0946746E-4,0.15651111,0.007914287,3.1728785,0.16775422,0.16775422,0.15651111,0.14485101,13.230276,1.5690562,12.955687,1.3280824,0.6672887,1.0054854,0.005819838,0.0,4.583343,0.14770296,0.006617379,1,0.02862119,19.051508,3.2326715,22.28418,1,0.7847668,25.2334633857738,0.156072311597909,1.564027,12.618559,-4130.273,-4.2574453,-6050.638,13.229667,0.03471951,5,2,-3.0421424,2.9698548,11.162705,0.14512362,0.0055918293,0.3167717,22.567013,22.567013,23.559084,4
DESY3RM-46216,49.1197248471917,-55.5703712611925,0.10518247,0.0135,535.5495254714365,49.4891535037785,1.366826465,0.1432116719999998,0.2285451890000001,6.065193202000001E42,1.46632265383208E42,1.1050665351101401E42,1.278948214E43,3.6706969191058306E42,2.4958215885384105E42,1.642474121,0.337983415,1.395683964,5.3560746790000007E42,1.0277542796735501E42,1.70760320660648E42,1.19321869E43,4.13572453921775E42,4.1120422668876E42,500.0,490.37470386193274,496.9500749358848,511.4348907466313,535.5495254714365,535.5495254714365,535.5495254714365,535.5495254714365,535.5495254714365,535.5495254714365,535.5495254714365,true,46216,13.708114,4.7357648E-4,0.09923234,0.0072636316,4.590555,-1.0,-1.0,0.100367986,0.10395391,16.571115,1.9729207,18.981401,1.9384438,0.698024,1.0173478,0.013685474,0.0,2.724813,0.10518247,0.0061298525,2,0.018306775,18.92769,1.4151397,20.34283,1,0.8684462,49.1134124529365,-55.5609855182039,1.6225282,5.2029657,669.5285,46.20406,10211.257,15.903207,0.92902255,5,3,-8.311669,7.8414884,23.090178,0.1041904,0.0036374128,0.30267692,22.5326,22.5326,23.559084,14
DESY3RM-47142,349.281835311365,-44.2906041472005,0.13297723,0.00834,388.80922811488523,20.619985329195462,0.8885888012,0.0564501862999999,0.0682433698,1.0956396290000001E42,1.3428874080319E41,1.1485234433925002E41,1.8059014790000003E42,2.4876089973432E41,2.4355653661928E41,0.8999621698,0.0636855977,0.0742978788,9.546105474E41,1.3721091561508002E41,1.1523498652441003E41,1.5805053190000004E42,2.4537456102314002E41,1.4956749667917001E41,500.0,407.7796213717603,387.410996108825,385.20964463214267,388.80922811488523,388.80922811488523,388.80922811488523,388.80922811488523,388.80922811488523,388.80922811488523,388.80922811488523,true,47142,15.583545,7.577615E-4,0.11933569,0.008532766,2.9366205,-1.0,-1.0,0.11933569,0.13058029,13.993025,2.0871358,13.993025,1.5231303,0.67481124,1.1045744,0.09704112,0.0,3.446338,0.13297723,0.0068809995,1,0.012276011,18.703093,3.1202712,21.823364,1,0.8048128,349.281835311365,-44.2906041472005,1.6103485,-1.7481508,-177.6759,-11.68477,7021.1763,13.76957,0.28246805,5,2,-3.1284385,2.2382119,10.851253,0.13088413,0.0056245704,0.37665135,22.697916,22.697916,23.559084,50
DESY3RM-48002,53.6404696319662,-26.2233669724747,0.13223185,0.00696,197.3121904592452,21.95861625067477,0.3414679891,0.0921503796999999,0.4050588660999999,5.208340129E41,3.6185245876047E41,1.1455441179590001E41,9.666142247E41,5.671809258088501E41,3.6959705626878004E41,0.6825238955,0.6825238955,-0.6825238955,2.553171005E41,2.553171005E41,4.8690209950146295E39,4.303421820000001E41,4.303421820000001E41,6.2894793651820006E41,500.0,197.50178562505408,224.26065393286567,201.07231339081423,197.3121904592452,197.3121904592452,197.3121904592452,197.3121904592452,197.3121904592452,197.3121904592452,197.3121904592452,true,48002,15.183085,6.482135E-4,0.12995827,0.008877603,3.488706,-1.0,-1.0,0.12995827,0.12799196,13.169256,1.552155,10.774225,1.3398552,0.66667205,1.0172223,0.019074263,0.0,3.0661776,0.13223185,0.0065840767,1,0.012349545,18.502491,4.0262346,22.528725,1,0.783136,53.6404696319662,-26.2233669724747,1.6144102,17.13117,-2787.3618,15.013807,2861.8518,13.169256,0.0,5,1,-3.1471524,3.2005587,9.47205,0.13016562,0.0052393232,0.27920553,22.471573,22.471573,23.559084,23
DESY3RM-48108,350.628784927792,-54.2690704504062,0.16174798,0.0115,642.439068947333,17.75769467300337,2.2201631,0.074073196,0.0959733769999999,6.449952711000001E43,1.00531662937495E42,1.63263489378951E42,1.4948778740000001E44,4.4886725171733E42,3.24486806965595E42,2.273122336,0.1315258350000001,0.1817854629999997,3.2856396190000003E43,9.4917776008717E41,1.5802558136094303E42,7.675671978000001E43,4.29125970438837E42,3.686730820187141E42,500.0,642.5495659229273,642.611656044029,642.4332971060704,642.439068947333,642.439068947333,642.439068947333,642.439068947333,642.439068947333,642.439068947333,642.439068947333,true,48108,15.7156725,8.255627E-4,0.16068283,0.009746316,1.5117505,-1.0,-1.0,0.16068283,0.15899235,13.901495,1.6406895,11.1556,1.3701538,0.6739261,1.0126777,0.013300492,0.0,1.2058556,0.16174798,0.0063538468,1,0.011171924,18.479027,4.290691,22.769718,1,0.8024395,350.628784927792,-54.2690704504062,1.379286,21.57724,-2060.6936,34.24556,-382.01236,13.897205,0.030257683,5,2,-3.2481217,2.970074,10.363455,0.15881063,0.0054301224,0.44098204,22.817135,22.817135,23.559084,81
DESY3RM-48402,4.99934795910661,-0.517779012250451,0.16677877,0.0262,403.5651938349136,24.822597410647,0.9855562402,0.0877100913999999,0.0760506938,3.4216316880000006E42,5.126346423746401E41,4.589396873980801E41,5.865659214E42,1.22376936828819E42,1.0974044763448001E42,0.9695021868,0.1291981437,0.1147918891999999,1.6806584400000004E42,5.368803041721001E41,5.0124503897859E41,2.861309213E42,9.324709281857102E41,7.7015288874488E41,500.0,408.24195140326316,403.52238542344526,403.402299779616,403.5651938349136,403.5651938349136,403.5651938349136,403.5651938349136,403.5651938349136,403.5651938349136,403.5651938349136,true,48402,15.700277,8.700993E-4,0.16373102,0.009009241,2.927981,0.16930097,-1.0,0.16373102,0.16369006,15.869387,2.5716515,18.539007,1.5988495,0.69200945,1.1362844,0.12426615,0.0,2.7130716,0.16677877,0.005903903,1,0.029197717,18.414885,3.7384057,22.15329,1,0.8517001,4.99934795910661,-0.517779012250451,1.7411183,15.783463,-3666.0806,74.15297,78.580376,15.869387,0.0,5,1,-2.9858487,3.2143211,8.736919,0.1637446,0.0049185785,0.24853002,22.38358,22.38358,23.559084,52
DESY3RM-48880,30.3577600238782,-2.32097286990174,0.22354831,0.0216,441.095360972886,49.46469722405576,1.292941742,0.126783193,0.5138476750000001,3.9017487800000005E42,6.0348764493739E41,5.4150280951792E41,7.459003744000001E42,1.59230438950542E42,1.38064292117268E42,1.269494621,0.134739068,0.319528958,3.5764488400000006E42,7.0796068311046E41,4.9225007345865E41,6.778202394000001E42,1.2978767566030202E42,1.1855298049483501E42,500.0,398.71784750048306,454.6768766816608,447.1086693701417,441.095360972886,441.095360972886,441.095360972886,441.095360972886,441.095360972886,441.095360972886,441.095360972886,true,48880,17.015848,0.002234228,0.22124018,0.010314021,1.1170624,0.23695572,-1.0,0.22124018,0.22105126,9.370768,1.68664,10.286066,1.8218614,0.62280923,1.0067061,0.0054715998,0.0,1.1073464,0.22354831,0.0061060684,1,0.027578462,18.307196,3.5757482,21.882944,1,0.6719446,30.3577600238782,-2.32097286990174,1.4476808,15.985728,-3579.2449,41.328335,-11543.949,9.350815,0.05040425,5,4,-1.1738471,1.8510197,6.95243,0.2211013,0.0049955775,0.24915278,22.385471,22.385471,23.559084,1
DESY3RM-49269,30.7269844782829,-7.65072714320524,0.14506598,0.0185,429.94929004208336,63.439044105854244,0.9769351418,0.4171171751,0.2337570422,1.1518071090000001E42,7.075285140980001E41,4.515060315511E41,1.9685027580000002E42,1.1480109202354001E42,1.0088527054795401E42,0.6698756748,0.2898102937,0.5828126772000001,5.979114903000001E41,5.979114903000001E41,1.1881863857121002E41,9.289145699E41,9.289145459834101E41,1.8202074893318E41,500.0,484.3809191066105,465.90679130869364,426.18601679883125,429.94929004208336,429.94929004208336,429.94929004208336,429.94929004208336,429.94929004208336,429.94929004208336,429.94929004208336,true,49269,15.47849,0.0012028225,0.13519035,0.009555121,2.4093504,0.137394,0.137394,0.13519035,0.1425815,13.184511,1.6100194,11.552229,1.3384358,0.6668264,1.009201,0.010332662,0.0,2.1569545,0.14506598,0.0070042983,1,0.02544691,18.225323,2.9538147,21.179138,1,0.7835441,30.7269844782829,-7.65072714320524,1.8720326,-6.130673,8.688855,-7.448679,663.4197,13.168381,0.08873294,5,2,-2.4771688,2.9433088,11.710928,0.14256643,0.006003283,0.19965015,22.218004,22.218004,23.559084,71
DESY3RM-49378,33.9818261518266,-5.49952038826999,0.25731823,0.0186,462.7166931441833,34.68340866178533,1.402430609,0.0876879020000001,0.4284406229999999,3.5926636050000006E41,3.5926636050000006E41,1.2611197065048202E42,7.136468696E41,7.136468696E41,2.0121635709730102E42,1.590394747,0.370948711,0.999655195,3.884100898000001E39,3.884100898000001E39,1.1887259546695201E42,8.027189973E39,8.027189973E39,3.45991071153927E42,500.0,518.3599268626278,462.74050927039156,471.014574996189,462.7166931441833,462.7166931441833,462.7166931441833,462.7166931441833,462.7166931441833,462.7166931441833,462.7166931441833,true,49378,16.791552,0.0028787972,0.2445688,0.0115193445,0.53893363,0.25293,-1.0,0.2736218,0.2583476,11.948858,1.94001,11.521719,1.7690244,0.65383065,1.005331,0.0066513177,0.0,0.7604034,0.25731823,0.00795262,2,0.022919582,18.201899,1.9671919,20.16909,1,0.74960333,33.9842366785185,-5.50077183843211,1.731661,-2.6557748,755.3163,-17.477938,-237.50185,12.024834,0.11034724,5,3,-5.8024955,3.1822448,9.630328,0.25648916,0.006769182,0.22182946,22.29765,22.29765,23.559084,33
DESY3RM-49645,48.9990723515618,-59.6722312699679,0.25970477,0.0114,870.9680960867022,321.4615447839573,2.093940541,0.7584754879999998,-2.093940541,5.05161924E40,5.05161924E40,1.650398573594172E43,1.142741523E41,1.142741523E41,4.1351032842077695E43,11.09163071,7.777218252000001,-11.09163071,5.425499622000001E36,5.425499622000001E36,1.7735304161915436E47,2.582786243E37,2.582786243E37,1.0413272222492807E48,500.0,786.0487609591262,442.74732659492486,539.4402946741427,604.507202056053,457.4196449045887,600.8919577211701,514.8844852652082,886.7616200546126,870.9680960867022,870.9680960867022,true,49645,18.315695,0.0033831017,0.253341,0.012990502,0.68057543,-1.0,-1.0,0.253341,0.25899926,10.652185,2.1425245,8.913118,1.9596183,0.6389807,1.0162351,0.015609007,0.0,0.7488461,0.25970477,0.008030157,1,0.01638994,18.13989,-2.074062,16.065828,1,0.7118395,48.9990723515618,-59.6722312699679,1.1242021,-8.287186,160.15038,-42.170982,-6474.567,10.739952,0.48278943,5,4,0.53070384,0.79881877,7.6339607,0.25899872,0.0068226038,0.32247472,22.580503,22.580503,23.559084,91
DESY3RM-50350,73.5749660724743,-20.1652145296982,0.28413686,0.0331,467.3287749513027,22.029393417527324,1.459167639,0.1079879409999999,0.103934033,1.116898201E43,1.1748032748302001E42,6.167660538792901E41,2.2422430740000003E43,2.34156399511027E42,2.24877050864701E42,1.459161714,0.1480977649999999,0.144955007,7.232313827000001E42,7.6458061456175E41,9.750690998975502E41,1.4519305060000003E43,1.83235970181891E42,1.97395067091405E42,500.0,472.68042972264635,462.7846269901351,470.90416855940776,467.3287749513027,467.3287749513027,467.3287749513027,467.3287749513027,467.3287749513027,467.3287749513027,467.3287749513027,true,50350,16.881634,0.0019691081,0.29489827,0.0128724575,0.36040664,-1.0,-1.0,0.29489827,0.28576836,12.711607,1.3840487,11.704779,1.6803468,0.6619727,1.0061506,0.0051506567,0.0,1.2437176,0.28413686,0.009998085,1,0.050758574,17.987976,1.9006213,19.888597,1,0.7707701,73.5749660724743,-20.1652145296982,2.0121605,7.29821,-2440.6855,17.43909,-10183.899,12.711607,0.0,5,1,-2.791788,3.697061,9.349914,0.2845888,0.008684782,0.31547734,22.563917,22.563917,23.559084,78
DESY3RM-50742,36.3781729153476,-4.23847678424016,0.14743604,0.023,534.5652073503209,15.839739155784494,1.586082086,0.04073594,0.0394754269999999,6.690648185000002E42,8.016830259065301E41,5.3867574521927004E41,1.388332792E43,1.5566418653224502E42,1.3308617212441401E42,1.671004706,0.0599146579999998,0.077663808,2.6056985000000004E42,6.3007450201247005E41,4.2988047456816E41,5.5108877550000005E42,1.2797173763139201E42,1.2818953011854E42,500.0,533.4203174863572,534.5029162397624,534.46593006534,534.5652073503209,534.5652073503209,534.5652073503209,534.5652073503209,534.5652073503209,534.5652073503209,534.5652073503209,true,50742,16.058159,0.001079248,0.15335137,0.010785204,0.6699226,0.14303,-1.0,0.15335137,0.14442505,15.930407,1.8420761,15.854132,1.7640297,0.6925408,1.0092857,0.008847383,0.0,1.0421133,0.14743604,0.006052305,1,0.026430303,17.906454,3.0149627,20.921417,1,0.85317224,36.3781729153476,-4.23847678424016,1.4028313,38.652348,-12823.61,57.49111,-19218.502,15.930407,0.0,5,1,-0.2253252,1.7837423,9.248277,0.14486463,0.0049051032,0.20330405,22.231716,22.231716,23.559084,31
DESY3RM-50903,37.4513699371058,-4.13152791068682,0.26258737,0.0229,495.0301062724004,118.32276297861421,2.161013533,0.6015280260000002,2.146689544,3.1366332210000005E42,8.1800784353772E41,1.1501045402722502E42,7.171752442E42,2.2899791701804402E42,3.38994341001299E42,2.644353265,1.324878518,5.693448813,2.660376083E42,1.4400021854980602E42,1.32579446717816E42,6.537658295E42,3.3463892327282705E42,2.61207140081015E42,500.0,671.7502917211028,544.1283079446281,519.2377658879246,442.4002518995595,542.8794994987967,495.0301062724004,495.0301062724004,495.0301062724004,495.0301062724004,495.0301062724004,true,50903,17.163343,0.0029267813,0.2760112,0.013321196,0.35636905,0.25475347,0.25475347,0.2760112,0.26211864,17.745749,2.2816916,14.877813,1.7642996,0.7076506,1.0508218,0.049951266,0.0,1.3331136,0.26258737,0.008012638,1,0.025674865,17.871101,1.8218881,19.69299,1,0.8956268,37.4513699371058,-4.13152791068682,1.0260713,4.663152,-1865.2609,36.016975,-4116.982,17.578642,0.8423201,5,3,-0.018022416,2.3691127,13.275127,0.26202887,0.0067541553,0.18407287,22.156586,22.156586,23.559084,32
DESY3RM-50928,34.8745467827385,0.253933042054117,0.27846062,0.0293,519.3035540226134,40.24379496371877,1.738715875,0.211838564,0.3536768869999998,5.658347206E42,5.6863205200717E41,1.04513275532661E42,1.2063192440000002E43,1.3362166349562401E42,2.94316457054718E42,1.732937347,0.2537872299999999,0.7465446760000001,3.991145883000001E42,4.8936908943912004E41,1.07770156144264E42,8.500801509000001E42,1.59248963529438E42,2.3971684861587804E42,500.0,522.8140300786013,520.1243212347897,521.0130053450091,519.3035540226134,519.3035540226134,519.3035540226134,519.3035540226134,519.3035540226134,519.3035540226134,519.3035540226134,true,50928,17.001204,0.0033762795,0.26846373,0.012466017,1.4414088,0.27354628,-1.0,0.2959003,0.2833682,14.13032,1.7676268,11.994623,1.7408967,0.6761303,1.0024314,0.0054604122,0.0,1.1659254,0.27846062,0.008902394,4,0.03747127,17.867126,1.9986453,19.865772,1,0.80835664,34.88659240299,0.255108539905158,1.1600485,26.755972,3286.9666,45.933193,19285.451,14.095697,0.1605844,5,2,-2.912051,3.1568604,10.244952,0.2786693,0.0075152316,0.19879477,22.214758,22.214758,23.559084,18
DESY3RM-50985,36.3529425618694,-4.67918252653535,0.28354776,0.0225,624.9336142274367,33.871402419692785,2.340777145,0.202659331,0.2123957719999998,2.0892016890000003E43,2.0892016890000003E43,1.8763607730325233E46,4.907779474E43,4.907779474E43,5.025799198169675E46,2.141902368,0.1804925649999997,0.3408040920000004,1.0524157550000001E43,1.0524157550000001E43,1.5180795639835566E46,2.398210823E43,2.398210822999999E43,3.5298654796065956E46,500.0,592.4959065652558,631.6108281523972,623.9463538049971,624.9336142274367,624.9336142274367,624.9336142274367,624.9336142274367,624.9336142274367,624.9336142274367,624.9336142274367,true,50985,16.603037,0.0030166123,0.27658573,0.012899776,0.7785743,0.26428178,-1.0,0.27658573,0.28546032,13.82522,1.6264673,13.64216,1.8160002,0.673185,1.010008,0.014496376,0.0,0.33138928,0.28354776,0.009801004,1,0.026355645,17.852854,2.8453097,20.698164,1,0.8004552,36.3529425618694,-4.67918252653535,1.3630817,-2.17808,1047.5841,-6.025538,21757.002,13.82522,0.0,5,1,-4.355418,4.755963,12.8428755,0.28397572,0.008468402,0.19869147,22.214365,22.214365,23.559084,52
DESY3RM-51287,323.748244546423,-63.1438633805456,0.29114085,0.0308,499.27956853380203,40.7557351291071,1.61465976,0.2210622720000001,0.4588153809999997,7.199196560000001E42,7.455383734335601E41,1.1824920384189502E42,1.492845474E43,2.3780097335897302E42,3.15123908385379E42,1.597006384,0.302919039,0.477905794,6.565338229000001E42,7.620414176851901E41,1.3521528587342102E42,1.3560672870000003E43,3.02869427363657E42,3.06593462745725E42,500.0,497.21704232189114,497.82392788345055,500.22660539038986,499.27956853380186,499.279568533802,499.27956853380203,499.27956853380203,499.27956853380203,499.27956853380203,499.27956853380203,true,51287,17.031628,0.0035856282,0.2854246,0.0127506135,0.91838753,-1.0,-1.0,0.2862149,0.28984675,11.140345,1.8865031,12.696352,2.0461366,0.6447327,1.0223286,0.019069413,0.0,0.737542,0.29114085,0.00904092,1,0.03617374,17.78932,3.800375,21.589695,1,0.7263384,323.750978323304,-63.1507593838523,1.4899251,7.265695,-107.57128,27.873213,5295.027,10.977797,0.18228003,5,2,-7.1618514,3.4058282,10.974311,0.29186037,0.0074045407,0.2749418,22.459938,22.459938,23.559084,76
DESY3RM-52451,341.582229628886,-52.7284418028992,0.20253924,0.00973,1124.2320492579368,16.130409099910302,6.153654125,0.0763720360000004,0.0764710549999998,5.743769155E44,2.2518972818639E42,2.9897685695133005E42,2.0730708350000002E45,1.7612503419608111E43,1.295564614344498E43,6.068505769,0.0818588340000001,0.0819542230000003,5.2207135080000004E44,2.6360694331137704E42,2.56138288600733E42,1.871639183E45,1.404218827024481E43,1.3067334760789071E43,500.0,1256.439606965919,1106.2375773083559,1125.3276925023463,1124.2320492579368,1124.2320492579368,1124.2320492579368,1124.2320492579368,1124.2320492579368,1124.2320492579368,1124.2320492579368,true,52451,17.792482,0.01076036,0.20643821,0.015738305,10.980375,-1.0,-1.0,0.20643821,0.20065895,5.511259,1.5396246,5.2366695,1.4806075,0.5600801,1.0181749,0.021770267,0.0,11.10536,0.20253924,0.014509694,1,0.012926836,17.54113,-3.8888922,13.652238,0,0.5291728,341.582229628886,-52.7284418028992,1.2449739,39.471237,6151.7734,72.71815,8486.344,4.937841,0.7621981,5,2,0.87137747,0.72076076,2.403783,0.19946854,0.014129556,0.31377876,22.559835,22.559835,23.559084,33
DESY3RM-53026,34.66717608148,-3.38500329454472,0.21648414,0.019,497.0831702082522,45.23269783385782,0.7363370582,0.1371572594999999,0.7316957638000001,2.29160621E42,1.52854051955801E42,1.6764510500557504E42,3.5939726050000006E42,2.4970721492053503E42,3.0753270487379006E42,0.7727669085,0.1367014814999999,0.179657621,1.714367113E42,1.5547918675047E42,1.56134590516068E42,2.7164326280000005E42,2.6343336854568803E42,2.7054611662358104E42,500.0,329.1986892858075,473.80286521797717,463.4032570352435,497.0831702082522,497.0831702082522,497.0831702082522,497.0831702082522,497.0831702082522,497.0831702082522,497.0831702082522,true,53026,16.300758,0.0020504564,0.20514598,0.009442499,1.6774302,0.21936972,0.21936972,0.20514598,0.21353833,14.862558,2.3339999,17.852533,1.8876493,0.68299687,1.15385,0.13150753,0.0,1.7444915,0.21648414,0.0060118674,2,0.021063115,17.420368,3.805149,21.225517,1,0.82694525,34.66717608148,-3.38500329454472,1.3749688,3.1049519,-669.2501,34.88915,3116.716,14.779158,0.33568758,5,2,-3.7281926,3.317102,9.581976,0.21377872,0.0049427124,0.21759987,22.283094,22.283094,23.559084,66
DESY3RM-54439,32.4662841102309,-6.1198900183816,0.279185,0.019,541.4744387691647,103.44681931353178,1.582241624,0.6424533761999999,-1.582241624,3.305594299000001E42,2.28180743804067E42,2.22566029398269E42,7.271846334000001E42,5.3250938668099605E42,5.566893914154051E42,1.368453577,0.6290071998,11.390370403,2.5065681630000003E42,2.5065681630000003E42,1.8073582084153402E42,5.2876778020000006E42,4.6455933259125306E42,5.20904526265341E42,500.0,527.2913188240279,515.6882641810705,520.5548714497766,541.4744387691647,541.4744387691647,541.4744387691647,541.4744387691647,541.4744387691647,541.4744387691647,541.4744387691647,true,54439,16.667894,0.0011609215,0.2846026,0.012021018,1.1409032,-1.0,-1.0,0.2846026,0.27948996,14.054045,1.6309282,17.394884,1.965436,0.67539877,1.0046318,0.006231306,0.0,1.5833983,0.279185,0.00931452,1,0.023751333,17.14365,3.0398636,20.183514,1,0.80639017,32.4662841102309,-6.1198900183816,1.6800268,9.140569,-3136.9004,12.9663315,-7819.136,14.041438,0.09043623,5,2,-4.3567605,4.3188143,10.208635,0.2794259,0.007985582,0.30317056,22.533833,22.533833,23.559084,21
DESY3RM-55049,58.8500209687329,-58.9340298738417,0.112626374,0.0152,438.04979068746803,62.93107961875713,1.080498379,0.2690225508,0.3528354449999999,7.740415519000001E41,7.740415519000001E41,-1.2365447820169002E41,1.4766627710000002E42,1.4766627710000002E42,1.7081240526643003E41,1.085980463,0.3802305593,0.751461967,6.171521738E41,6.1715217379999E41,3.0322273438961003E41,1.1801837260000001E42,1.1801837260000001E42,7.773041456022801E41,500.0,398.18916524618277,487.34953047132166,414.0287164797681,438.04979068746803,438.04979068746803,438.04979068746803,438.04979068746803,438.04979068746803,438.04979068746803,438.04979068746803,true,55049,15.186642,8.5411465E-4,0.12611572,0.008859982,9.3771,-1.0,-1.0,0.12611572,0.11340102,12.711607,1.6278359,13.993025,1.382192,0.6619727,1.0246328,0.025322866,0.0,11.967767,0.112626374,0.0061071706,1,0.021811923,17.027435,3.1464348,20.17387,1,0.7707701,58.8500209687329,-58.9340298738417,1.5316825,-8.518102,-1135.6411,-9.46483,-684.03876,11.804854,1.0815306,5,2,-3.713856,2.307293,10.21908,0.11132563,0.0039479607,0.28314435,22.482164,22.482164,23.559084,96
DESY3RM-56603,36.266975747726,-29.4712542164063,0.25897226,0.0168,768.8481491895644,14.253018196667457,3.33236342,0.0689712789999998,0.0691312159999997,2.221520757E44,3.32275465093081E42,4.2099032515125E42,6.004215455E44,1.044147717115294E43,7.813262219710861E42,3.335521479,0.0725743489999999,0.0727647419999999,2.0567454480000002E44,3.6974169087649503E42,3.8061893116452104E42,5.561191699E44,1.0237053338556451E43,1.1445166668788521E43,500.0,766.0912802190801,769.0283176945221,768.3818272886516,768.8481491895644,768.8481491895644,768.8481491895644,768.8481491895644,768.8481491895644,768.8481491895644,768.8481491895644,true,56603,17.419163,0.11735954,0.2582501,0.027380286,17.178743,-1.0,-1.0,0.2582501,0.25826326,16.83045,2.23884,7.0977764,1.692294,0.70019525,1.0174036,0.019268293,0.0,17.082876,0.25897226,0.012714154,1,0.018566458,16.730976,2.3690162,19.099993,4,0.87453604,36.266975747726,-29.4712542164063,1.492679,8.082263,-174.14616,74.15272,-3965.0947,16.657438,0.4359977,5,3,-0.69243467,1.8116463,11.062633,0.25822848,0.011994777,0.251088,22.391321,22.391321,23.559084,31
DESY3RM-57517,52.6573289374196,-28.8433892754662,0.15932053,0.00673,487.3393128941276,64.93414483240622,1.361767003,0.30920699,0.362158111,5.733603188000001E41,3.7206744987261E41,4.507082911852301E41,1.134289273E42,7.1191199279962E41,8.853109505841001E41,1.365766314,0.319806988,0.43871459,2.9600592580000003E41,2.9600592580000003E41,4.282763138667E41,5.865702851000001E41,5.865702851000001E41,8.391331581130101E41,500.0,486.8870454762147,487.2583322475004,486.9972200757635,487.33931289412754,487.3393128941276,487.3393128941276,487.3393128941276,487.3393128941276,487.3393128941276,487.3393128941276,true,57517,15.849242,0.0013496028,0.15895122,0.008880995,1.101838,0.15015,-1.0,0.15895122,0.15704264,14.03879,1.7689747,14.542204,1.7461102,0.6752521,1.0261483,0.026812313,0.0,1.0123276,0.15932053,0.006144437,1,0.009488766,16.566837,4.0232577,20.590096,1,0.8059962,52.6573289374196,-28.8433892754662,1.1660309,1.2983315,345.28253,-0.06219657,7820.8784,13.621699,0.5157434,5,3,-3.254268,2.5423474,13.2168865,0.15643622,0.005161261,0.27517632,22.460583,22.460583,23.559084,89
DESY3RM-57936,316.767953769011,-47.1379090813137,0.2198792,0.0254,586.458519418152,71.09489697976856,2.457892608,0.6429824339999999,1.0915580290000002,8.489917618000001E42,1.0521782940430102E42,1.8636983853702302E42,2.0230664060000001E43,2.6163168150642203E42,4.4194896570297204E42,2.333206839,0.6854677989999998,1.4402497970000003,6.225985702E42,1.0032932644894801E42,2.2422838799589702E42,1.455921381E43,2.50984783398479E42,4.11422853014094E42,500.0,607.2363387300511,557.8110057478658,573.3086256249914,681.5771769401235,472.84685339860204,564.9744254920737,586.458519418152,586.458519418152,586.458519418152,586.458519418152,true,57936,16.87305,0.0029752252,0.21881482,0.00965572,1.4951922,-1.0,-1.0,0.21881482,0.21738489,14.450674,2.694309,14.267614,1.8502059,0.67916864,1.2054323,0.17103961,0.0,1.4059845,0.2198792,0.0066822693,1,0.03302822,16.492537,2.7684457,19.260983,1,0.8165528,316.767953769011,-47.1379090813137,1.9766866,38.173744,-10515.346,244.67657,-86093.07,14.496915,0.2378005,5,3,-1.8470296,2.031651,7.8160777,0.21729273,0.005715027,0.21909371,22.288267,22.288267,23.559084,74
DESY3RM-58430,340.672294882567,-64.4835256157076,0.11040428,0.0237,682.3058828519185,23.782179714172678,2.501099334,0.1201262280000001,0.1198668879999997,2.2739475580000003E43,7.727853532821301E41,7.009900951558E41,5.504966242000001E43,2.0763230067453303E42,2.48996772700032E42,3.298021931,0.263328188,0.4604338069999998,1.575131152E43,5.968263447606901E41,7.6530029516828E41,4.2537038430000003E43,2.67707585730344E42,2.2047158727685102E42,500.0,620.1068089534332,635.3658893985428,662.3123077347778,682.3058828519185,682.3058828519185,682.3058828519185,682.3058828519185,682.3058828519185,682.3058828519185,682.3058828519185,true,58430,14.582224,5.8916304E-4,0.10947438,0.0070191477,2.3210928,-1.0,-1.0,0.10947438,0.109002635,15.060873,2.179223,14.145575,1.6801002,0.6848099,1.0480043,0.048422597,0.0,1.7732546,0.11040428,0.00648685,1,0.03289744,16.4111,2.7331045,19.144205,1,0.8318925,340.672294882567,-64.4835256157076,0.9844737,22.760342,4088.2673,93.87,13025.299,15.060873,0.0,5,1,-1.7296765,3.8695073,11.763053,0.1091951,0.004427819,0.18789901,22.17214,22.17214,23.559084,92
DESY3RM-60212,83.3312348843111,-26.6560474593899,0.19463027,0.0206,439.5931809627246,33.41033508151638,1.18350264,0.145517401,0.1192493970000001,2.863945629E42,4.3098006381307E41,3.7878168695234E41,5.2935855950000006E42,8.675223342352801E41,6.3977887587438005E41,1.110818432,0.1134353863,0.161007672,2.23997985E42,4.7732443156225E41,3.1026334478370004E41,4.0457542030000004E42,9.041478974307601E41,7.459337112898601E41,500.0,460.84432773120733,443.32773668110895,440.19496134378403,439.5931809627246,439.5931809627246,439.5931809627246,439.5931809627246,439.5931809627246,439.5931809627246,439.5931809627246,true,60212,16.402885,0.0013402661,0.18811283,0.00935166,1.0324531,-1.0,-1.0,0.18811283,0.18918307,14.587969,2.390574,11.842073,1.6605822,0.6804543,1.0868438,0.080585174,0.0,0.9608712,0.19463027,0.006100264,1,0.05768531,16.111357,4.1086326,20.21999,1,0.82003486,83.3312348843111,-26.6560474593899,1.4850094,7.3618593,-473.57132,29.333277,-505.42392,14.587969,0.0,5,1,-1.7463355,2.3664672,7.3428597,0.19145271,0.00515591,0.29936215,22.524275,22.524275,23.559084,12
DESY3RM-60783,57.4800810548879,-50.1779744866334,0.22167635,0.0107,319.3908829501791,56.38965041776406,0.6867065409,0.4353619242,0.1977884308999999,2.0391281550000003E42,8.1971821597584E41,4.214349254877801E41,3.1530823930000006E42,1.4611732240954702E42,5.4980762115251E41,0.7514008616,0.1800829374999999,0.1858971355999999,2.0613981830000002E42,9.951376221308E41,5.6240309518036006E41,3.244423964E42,1.0209629364131601E42,1.0972057457181101E42,500.0,279.0000423199718,318.7711938570342,318.50410935121005,319.3908829501791,319.3908829501791,319.3908829501791,319.3908829501791,319.3908829501791,319.3908829501791,319.3908829501791,true,60783,17.005695,0.0020282008,0.21790074,0.009517334,0.7865311,-1.0,-1.0,0.21790074,0.2199121,15.732092,1.9339732,14.511694,1.8977218,0.6908079,1.0043726,0.0046330164,0.0,0.7484567,0.22167635,0.0057624974,1,0.0099425465,16.023441,3.5476017,19.571043,1,0.84837633,57.4800810548879,-50.1779744866334,1.4280833,16.842646,-2286.3386,87.86868,-5057.5522,15.479722,0.41395193,5,4,-0.78013676,1.8310648,12.503026,0.21915683,0.0045885514,0.30871984,22.547546,22.547546,23.559084,83
DESY3RM-61637,32.5093047493559,-5.46777440685168,0.15150827,0.0193,597.9699989853077,33.071087969186785,2.069530048,0.1641756379999999,0.4283890670000003,9.754323777000001E42,5.196948717952801E41,7.6947505866491E41,2.2089883890000002E43,1.6869344208937603E42,2.2781155016150202E42,1.959640084,0.2023951159999999,0.1945216620000003,7.408068473000001E42,3.7892778304788E41,7.6012954545372E41,1.6478946940000002E43,1.44546559108271E42,1.6612552008907904E42,500.0,628.9862446195558,601.3076684047633,616.1983963136519,597.9699989853077,597.9699989853077,597.9699989853077,597.9699989853077,597.9699989853077,597.9699989853077,597.9699989853077,true,61637,15.486854,8.7869423E-4,0.14361416,0.010030563,0.83703107,0.13818167,0.13818167,0.14361416,0.14959401,11.109835,1.3043274,10.103006,1.1052189,0.6443792,1.021819,0.023717454,0.0,0.5317727,0.15150827,0.009112522,1,0.0226634,15.888092,2.4388313,18.326923,1,0.7254426,32.5093047493559,-5.46777440685168,2.0479224,4.367066,2946.1248,37.992573,8902.239,11.119705,0.10597391,5,3,-2.731864,3.1940036,10.9562235,0.14882037,0.008429186,0.29380172,22.5101,22.5101,23.559084,13
DESY3RM-62431,34.5228092627981,-3.65625874710493,0.21222384,0.0189,520.5563077956593,17.949805748332768,1.601670758,0.065570756,0.061942197,3.6871836880000004E42,1.2591462728845201E42,1.19745232921508E42,7.624545425E42,2.2367732213817704E42,2.9377289638872604E42,1.610627774,0.0771715179999998,0.072127451,2.859626609E42,1.2893086520390402E42,9.6297971877955E41,5.92505282E42,2.3433778439019303E42,3.10243228100614E42,500.0,524.4628935961562,516.4775259864022,519.9148488900431,520.5563077956593,520.5563077956593,520.5563077956593,520.5563077956593,520.5563077956593,520.5563077956593,520.5563077956593,true,62431,16.35341,0.0017366264,0.21334934,0.010313796,0.2012343,-1.0,-1.0,0.21334934,0.20947646,18.188143,2.2795348,22.703615,2.3332973,0.7111442,1.0063694,0.0075901328,0.0,0.24555665,0.21222384,0.0057643056,1,0.022927813,15.76017,2.7227964,18.482967,1,0.9056062,34.5228092627981,-3.65625874710493,0.99018735,5.8567743,3541.4573,16.84979,10482.448,17.402811,1.2074041,5,2,-1.5371271,3.0215034,13.269896,0.20938489,0.004671192,0.21036848,22.257542,22.257542,23.559084,55
DESY3RM-64289,37.2163603116118,-9.05610902429961,0.22946899,0.0277,620.8644300734248,47.668559735928625,2.211266795,0.2670775569999997,0.4366071520000001,1.690038848E43,1.4617202617859302E42,1.65996656874878E42,3.9002735540000005E43,2.63326643066804E42,4.76689951801583E42,2.488262047,0.4107364229999999,0.590145669,1.561507569E43,1.1923003582128201E42,1.80964429949883E42,3.7559120330000004E43,4.615284147856E42,4.74795683543992E42,500.0,399.11835910842785,201.87631552492968,84.40856240513777,695.4149183623658,590.7177434461316,620.8644300734248,620.8644300734248,620.8644300734248,620.8644300734248,620.8644300734248,true,64289,16.76463,0.0018941545,0.23097514,0.010584107,0.5617478,0.22767986,0.22767986,0.23097514,0.22734152,13.565886,1.7674651,15.3812275,1.9172956,0.6706403,1.0008427,9.997501E-4,0.0,0.68708223,0.22946899,0.0065353257,1,0.026837312,15.481617,3.790019,19.271637,1,0.7936633,37.2163603116118,-9.05610902429961,1.6340232,11.6747265,4579.8794,31.534668,-3604.4624,13.629296,0.1376087,5,3,-4.47616,2.4792564,11.707214,0.22726837,0.0054549435,0.23546787,22.34276,22.34276,23.559084,48
DESY3RM-64580,8.97760714167786,-44.7768783482997,0.23869823,0.0435,557.1220180623551,30.056773699135416,1.859175578,0.1598252200000001,0.203984924,1.6611795090000003E43,1.0062393242973302E42,1.46443458433673E42,3.619823215E43,3.4346105292919507E42,3.442557152885551E42,1.842331846,0.159923239,0.2411588390000001,1.3861528270000002E43,1.0970032126978501E42,1.3074508210954101E42,3.0122245330000005E43,2.8348345056811705E42,3.99985390333786E42,500.0,550.1315242639039,551.6813346265013,548.748723982801,557.1220180623551,557.1220180623551,557.1220180623551,557.1220180623551,557.1220180623551,557.1220180623551,557.1220180623551,true,64580,16.25706,0.0015644474,0.22473153,0.010092218,1.4329631,0.232261,0.23203,0.23783171,0.23338753,13.82522,2.1083577,11.277639,1.6549745,0.673185,1.05925,0.055308644,0.0,1.5334249,0.23869823,0.007220557,2,0.0097556785,15.435659,0.19504286,15.630702,1,0.8004552,9.00846438003499,-44.7977220622049,1.0660536,-4.963655,19.489147,-4.355622,29105.344,13.82522,0.0,5,1,-2.3505087,4.349017,13.377108,0.236924,0.0061638257,0.27978227,22.473133,22.473133,23.559084,34
DESY3RM-64620,348.441431319534,-53.436885547771,0.14093554,0.0111,472.34115939062065,19.23830549587367,1.272257468,0.0614054939999999,0.0544459389999998,5.85587612E42,5.3992081386046005E41,4.6243381837315E41,1.1184980050000001E43,1.3361692257001702E42,1.1747415146434201E42,1.544010329,0.4171237910000001,0.15669565,3.9347971350000003E42,4.4901098749111005E41,6.103856598452301E41,8.089846823000001E42,1.02999849499738E42,1.6197956796133002E42,500.0,464.5890108227424,472.68047704764365,472.05880673044567,472.34115939062065,472.34115939062065,472.34115939062065,472.34115939062065,472.34115939062065,472.34115939062065,472.34115939062065,true,64620,15.544412,6.7576463E-4,0.14038053,0.008957429,0.41438356,-1.0,-1.0,0.14038053,0.13886733,12.040388,1.5634006,11.2013645,1.311514,0.65482926,1.0225921,0.022363406,0.0,0.1367524,0.14093554,0.0066326535,1,0.011193919,15.428955,4.076123,19.505077,1,0.7521818,348.441431319534,-53.436885547771,1.176124,3.6180072,3941.8667,-40.334656,933.0774,12.040388,0.0,5,1,-2.0035157,2.6117358,9.280115,0.13856775,0.005488696,0.38408297,22.712688,22.712688,23.559084,62
DESY3RM-65178,356.228653286936,-53.7307900017776,0.23013298,0.0143,461.6801612943588,67.42056929077431,1.306913036,0.3252690914,0.4842421699999999,4.006240180000001E42,2.3971078427125304E42,2.14511680719396E42,8.247248372000001E42,4.460066704058071E42,4.3219177740757305E42,1.394380431,0.3759477390000001,1.5896302269999998,3.7057882300000004E42,3.6554559166590407E42,2.07080443043164E42,7.853392301000001E42,5.3312466418399704E42,5.988671187330691E42,500.0,471.69554588703755,461.9351126703665,460.00562151040333,461.6801612943588,461.6801612943588,461.6801612943588,461.6801612943588,461.6801612943588,461.6801612943588,461.6801612943588,true,65178,16.343794,0.0017019612,0.2454304,0.011053685,9.142219,-1.0,-1.0,0.2454304,0.2280368,11.857328,1.4550387,12.192938,1.4590402,0.6528259,1.0029097,0.0061459667,0.0,11.737475,0.23013298,0.007620357,1,0.012953979,15.344012,1.7618887,17.105902,1,0.7470139,356.228653286936,-53.7307900017776,1.8193634,14.959596,-2361.8362,38.00877,-11036.657,11.674996,0.30320653,5,2,-5.3577266,3.678319,10.543132,0.22796126,0.006711185,0.40723127,22.756935,22.756935,23.559084,33
DESY3RM-65208,355.598564914962,-54.2390438110964,0.19576591,0.0157,418.37586676874616,42.67600772000479,1.0854458,0.0788422049999999,0.1041360069999999,2.02798638E42,1.25584324185994E42,1.2432196948027201E42,3.633965221E42,2.4329349271962102E42,1.48278473321249E42,1.084837662,0.2498654714999999,0.167509694,1.8710895210000003E42,8.4907191149982E41,9.981666660780301E41,3.352200739E42,2.3957198228785602E42,1.7747640383617202E42,500.0,455.85125540965464,419.17582388748593,419.83846030189306,418.37586676874616,418.37586676874616,418.37586676874616,418.37586676874616,418.37586676874616,418.37586676874616,418.37586676874616,true,65208,16.134192,0.0010833058,0.1952013,0.010053418,0.489809,-1.0,-1.0,0.1952013,0.19259901,11.826818,1.4077044,11.582739,1.2557305,0.6524896,1.0136702,0.013921114,0.0,0.2840459,0.19576591,0.006865061,1,0.009728743,15.339133,4.0944924,19.433626,1,0.74614835,355.598564914962,-54.2390438110964,1.4348277,1.2932171,-208.31712,23.98601,-1034.9963,11.826818,0.0,5,1,-3.006296,3.0735238,7.860228,0.19259933,0.0060391044,0.4819669,22.884327,22.884327,23.559084,68
DESY3RM-65552,53.7879410218367,-28.7575803730443,0.11455238,0.00718,456.3727885610716,19.16035020497292,1.170933882,0.0568677119999998,0.05071343,1.186466344E42,4.0197585191022E41,3.9056787577202006E41,2.1914153590000002E42,5.867380779059501E41,6.800286080030201E41,1.11104104,0.0614702949999999,0.067733851,6.989707303E41,2.3272856542500004E41,3.998637288859E41,1.2668304340000001E42,7.2483228151101E41,6.760777933086201E41,500.0,464.37742603007274,458.2792056919135,456.0268991206516,456.3727885610716,456.3727885610716,456.3727885610716,456.3727885610716,456.3727885610716,456.3727885610716,456.3727885610716,true,65552,15.650951,5.73653E-4,0.121822685,0.00930518,0.44946706,0.10451,-1.0,0.121822685,0.11316507,10.560656,1.6043941,11.704779,1.3238065,0.63787884,1.0554898,0.0561651,0.0,1.0795127,0.11455238,0.006745694,1,0.00867864,15.292907,2.881927,18.174833,1,0.70908046,53.7879410218367,-28.7575803730443,1.2855812,26.19319,9195.899,118.77182,36836.71,10.57445,0.12343379,5,2,0.033119503,1.5557463,7.7530513,0.11317282,0.004943433,0.24318996,22.367157,22.367157,23.559084,43
DESY3RM-65743,356.571836064854,-53.2290664107022,0.28346968,0.0108,456.2381268747495,23.14639502585091,1.367172511,0.0939367049999999,0.2018335040000001,5.101837986E42,1.25576918763835E42,1.67578429853655E42,1.0053963410000001E43,2.3952912294101302E42,3.24766687230063E42,1.365932468,0.170480312,0.275583554,4.411328959E42,1.0303023183632501E42,1.42357822252907E42,8.691070105E42,2.46546511102567E42,4.0223505748982704E42,500.0,457.9751501899381,456.45949487486666,456.85384617222525,456.2381268747495,456.2381268747495,456.2381268747495,456.2381268747495,456.2381268747495,456.2381268747495,456.2381268747495,true,65743,17.495447,0.002863907,0.28774005,0.013445819,0.3254752,-1.0,-1.0,0.28774005,0.2836486,16.281271,2.3018649,13.809965,1.9113405,0.6955649,1.0543007,0.051032808,0.0,0.37520662,0.28346968,0.008856978,10,0.009878458,15.265998,3.5781026,18.8441,1,0.8615776,356.571836064854,-53.2290664107022,1.3686326,3.0907815,27.91726,-11.562553,-9239.5625,16.296597,0.30197108,5,2,-1.1278048,2.0889606,11.960112,0.28389436,0.0073569734,0.37307948,22.690712,22.690712,23.559084,0
DESY3RM-66018,55.9838427200465,-54.7281626532519,0.29306254,0.0122,399.02061251375954,19.52261323664086,1.093121449,0.06950308,0.2418086689999998,2.146444911E42,8.0435307398747E41,3.7811466930012004E41,3.821219383E42,1.60873212839939E42,9.748144318892E41,1.088223886,0.1304983236999999,0.2343860989999999,1.487617001E42,5.729668844152801E41,3.6582658672132E41,2.6447766160000002E42,1.2618692933343901E42,1.3873183978223401E42,500.0,384.66377957935794,400.62988627668915,397.7700767205295,399.02061251375954,399.02061251375954,399.02061251375954,399.02061251375954,399.02061251375954,399.02061251375954,399.02061251375954,true,66018,17.493607,0.003673068,0.31103852,0.013985977,0.4684249,-1.0,-1.0,0.31103852,0.29389623,13.626905,1.6232512,12.681097,1.7846663,0.6712425,1.0029444,0.001972873,0.0,1.925784,0.29306254,0.0095224185,1,0.015568995,15.227373,2.9643676,18.19174,1,0.79526776,55.9838427200465,-54.7281626532519,1.2809974,2.1071248,-3575.7415,-8.793727,-505.7345,13.611704,0.06720567,5,3,-1.5651828,2.2600992,10.501142,0.29384816,0.007941932,0.33984092,22.620161,22.620161,23.559084,9
DESY3RM-66110,35.83415161889,-5.45415394573292,0.21413079,0.0225,391.26242829293136,18.195014065096938,0.9708447418,0.0557345221,0.0513314822,2.507124405E42,7.0322747366763E41,6.3084987821673E41,4.255469097000001E42,1.0541445126353202E42,9.7208619435447E41,0.9290402725,0.0766168835999999,0.0759009864999999,2.041045347E42,6.292747594654901E41,5.4800445562691006E41,3.404771571E42,8.9556202210191E41,8.387233627662901E41,500.0,391.6971781477944,391.79503420978796,391.62176836415784,391.26242829293136,391.26242829293136,391.26242829293136,391.26242829293136,391.26242829293136,391.26242829293136,391.26242829293136,true,66110,16.78367,0.0015212786,0.21004486,0.009388372,0.569705,0.21105,0.21105,0.21004486,0.21151714,13.94726,1.832669,13.443846,1.6558424,0.6743693,1.0219756,0.020164302,0.0,0.39143568,0.21413079,0.006369902,3,0.02419293,15.21511,2.8573596,18.07247,1,0.80362725,35.83415161889,-5.45415394573292,1.8791926,4.41926,-810.9382,32.3866,4031.5857,13.775569,0.21671768,5,3,-1.6735355,2.0737975,10.157991,0.21134949,0.00538866,0.19731183,22.209097,22.209097,23.559084,13
DESY3RM-71079,349.821519527046,-55.3244120152027,0.1830025,0.012,445.97149412848324,20.462596941600488,1.190981885,0.0712022780000001,0.062970739,6.162261407000001E42,5.9025019152455E41,4.1127001103721004E41,1.142329102E43,1.16866497047623E42,1.4495958965824303E42,1.203831322,0.103287716,0.0862673079999998,4.2020679770000006E42,2.7718665646912002E41,5.9272474795328004E41,7.823306054E42,7.3999446428962E41,1.2187638394236801E42,500.0,444.2744943879343,444.58627528286553,445.28596023681985,445.97149412848324,445.97149412848324,445.97149412848324,445.97149412848324,445.97149412848324,445.97149412848324,445.97149412848324,true,71079,15.543573,6.5608445E-4,0.17367268,0.010010957,0.5326489,-1.0,-1.0,0.17367268,0.17974629,11.384424,1.3916769,9.553827,1.391987,0.6475335,1.007983,0.008856275,0.0,0.007958492,0.1830025,0.007593127,1,0.011016283,14.537942,2.791336,17.329277,1,0.7334569,349.821519527046,-55.3244120152027,1.1571299,14.232268,-5692.907,-3.7743402,-5117.327,11.384424,0.0,5,1,-3.624832,4.5461273,9.295812,0.1797951,0.006868114,0.25829014,22.412703,22.412703,23.559084,81
DESY3RM-72522,348.834275460739,-54.3441801920434,0.20599687,0.00961,684.5639442541471,90.03174572432738,5.585688148,3.282549423,9.413749142,6.438474429000002E42,6.372879854416461E42,1.53343001821755E42,2.2220938190000001E43,1.2277576446401852E43,9.533397461635281E42,7.993766684,5.268299201,-7.993766684,3.2719982890000004E42,3.2719982890000004E42,1.5911858885501E42,1.3373561830000002E43,1.3373561634223043E43,1.131014845646899E43,500.0,583.9407001655809,644.3361631607924,650.6327837153443,684.5639442541471,684.5639442541471,684.5639442541471,684.5639442541471,684.5639442541471,684.5639442541471,684.5639442541471,true,72522,16.025307,9.558734E-4,0.19930719,0.008582356,3.199978,-1.0,-1.0,0.19910929,0.20945072,12.742117,1.8133807,13.260786,1.9832067,0.66229016,1.0170095,0.015553289,0.0,2.8983073,0.20599687,0.0062408117,5,0.008666355,14.350167,3.3402445,17.690413,1,0.77160203,348.840350580308,-54.3661270666788,1.1837767,16.699646,-3304.1313,43.334602,-16211.591,13.141241,0.47951505,5,2,-5.635002,3.8181746,12.994543,0.20299675,0.00528223,0.37692034,22.698456,22.698456,23.559084,11
DESY3RM-74054,48.3821221116612,-53.3525650322696,0.16974412,0.0156,367.30089519548886,34.42472981853249,0.8043202568,0.1380770658,0.1074024895999999,5.461527951000001E41,3.5902527911863E41,2.6726019624346002E41,9.402657152E41,5.516059243806701E41,5.199043527218501E41,0.7468165818,0.2934984224999999,0.1368990553,5.2111123220000004E41,3.8192290214080004E41,2.4419654200509E41,8.876047835E41,4.815409797687801E41,6.3956879597400005E41,500.0,391.624795146953,389.71016539239776,366.2443845986134,367.30089519548886,367.30089519548886,367.30089519548886,367.30089519548886,367.30089519548886,367.30089519548886,367.30089519548886,true,74054,16.469187,0.0014432665,0.1673687,0.0091802385,1.1514822,-1.0,-1.0,0.1673687,0.16664203,10.6064205,1.4247715,9.919947,1.1282243,0.6384307,1.0370632,0.03851192,0.0,1.1207992,0.16974412,0.0075052455,1,0.020964032,14.151718,3.5235004,17.675219,1,0.7104616,48.3821221116612,-53.3525650322696,1.3463475,-4.583516,323.43723,-5.419896,3469.1167,10.617627,0.19136639,5,5,-1.3099476,1.6435385,12.02153,0.16666192,0.0067621493,0.2885206,22.496386,22.496386,23.559084,68
DESY3RM-74288,27.4912294631745,-7.51951264386774,0.17781036,0.0221,1221.8096536037408,175.93429668878136,6.771001776,1.784043843,2.9659830110000005,1.781825003E43,1.1068238403631401E42,2.00319759066737E42,6.732544149000001E43,1.767721653260844E43,1.1931241977215901E43,7.186146966,1.9413510030000003,3.4902777840000008,1.6876359390000004E43,1.68235049293205E42,1.57522594244872E42,6.547321076000001E43,1.993018170890685E43,1.4706766454740371E43,500.0,1576.054766193005,1403.479125797459,1206.9674797851858,1221.8096536037408,1221.8096536037408,1221.8096536037408,1221.8096536037408,1221.8096536037408,1221.8096536037408,1221.8096536037408,true,74288,15.717486,6.4965565E-4,0.16956517,0.009684236,0.6235203,-1.0,-1.0,0.16956517,0.17435572,11.048815,1.7089982,9.233473,1.3611797,0.6436698,1.0184332,0.021201413,0.0,0.17042936,0.17781036,0.008674903,1,0.024894338,14.124366,3.835593,17.959959,1,0.7236469,27.4912294631745,-7.51951264386774,1.3721727,7.5343657,-2353.7456,1.5016257,-15741.082,11.048815,0.0,5,1,-3.7430956,3.6334429,9.8127575,0.1746335,0.008047104,0.34543774,22.632511,22.632511,23.559084,79
DESY3RM-75673,18.4017621838722,-34.0026554561007,0.20640647,0.0221,477.6968976847347,272.6242293995033,1.372095562,1.3616422398,24.496480388,3.9929521930000004E42,3.9929521930000004E42,5.67139928562913E42,7.896891990000001E42,7.896891990000001E42,1.3503154288789591E43,0.02150107832,0.0107782748299999,0.00617339476,3.6503298760000004E33,3.6503298760000004E33,1.1964043096713532E49,7.125281402E42,7.125281402E42,1.1899293916302774E53,500.0,417.2659274078053,471.10633541006473,478.58387745049896,477.6968976847347,477.6968976847347,477.6968976847347,477.6968976847347,477.6968976847347,477.6968976847347,477.6968976847347,true,75673,16.25876,8.497971E-4,0.20691295,0.008629798,1.4073787,-1.0,-1.0,0.20691295,0.20271012,15.411737,2.157952,18.615282,1.9964589,0.6879713,1.0162584,0.01495098,0.0,1.5082784,0.20640647,0.0055191303,1,0.02625411,13.960294,4.3422613,18.302555,1,0.84055835,18.4017621838722,-34.0026554561007,1.3427776,16.977982,-3684.8394,80.58908,-6230.415,15.411737,0.0,5,1,-2.8456547,3.0928545,9.824393,0.2034155,0.0044039134,0.28355324,22.483255,22.483255,23.559084,2
DESY3RM-77885,44.620994864187,-9.08808370988712,0.19976461,0.0457,419.3868549012905,17.036664009917686,1.086233127,0.046879751,0.0882439149999998,2.5964216160000004E42,2.7814185618619E41,2.8620425102104002E41,4.634477160000001E42,4.6552831009533E41,5.327072836812401E41,1.083271388,0.061071641,0.0787492839999999,2.1288343830000003E42,2.3093798022017003E41,3.1519583603576002E41,3.795451591E42,5.385265920380801E41,4.3146192953836E41,500.0,409.3823848596692,418.4098137516145,418.9384246713509,419.38685490129046,419.3868549012905,419.3868549012905,419.3868549012905,419.3868549012905,419.3868549012905,419.3868549012905,true,77885,16.171207,0.0017458835,0.19662833,0.009883629,1.0707387,-1.0,-1.0,0.19662833,0.19690596,11.338659,1.7453568,11.2166195,1.5826311,0.647012,1.0329142,0.033810142,0.0,1.0009534,0.19976461,0.0067765103,1,0.0465801,13.708251,4.1052375,17.813488,1,0.7321287,44.620994864187,-9.08808370988712,1.3388531,22.90291,651.8714,76.53631,-9000.373,11.333846,0.031493194,5,2,-3.3640866,3.1096017,9.138123,0.19664803,0.005927938,0.14071509,21.953512,21.953512,23.559084,93
DESY3RM-78260,37.122167607497,-4.85649300006771,0.14402217,0.025,448.6481350071598,29.30410508405192,1.178939625,0.1240696079999998,0.1006517799999999,5.085423727E42,5.597891062617001E41,5.7880848458115E41,9.407593733000001E42,1.2714329620216301E42,1.02488911045881E42,1.509603344,0.295210857,0.4258879979999999,3.433927859E42,3.874728250613701E41,6.9556165341952005E41,7.012220657E42,9.508239882925401E41,1.4009802953161E42,500.0,453.565598711885,449.62922400840455,451.5170918532005,448.6481350071598,448.6481350071598,448.6481350071598,448.6481350071598,448.6481350071598,448.6481350071598,448.6481350071598,true,78260,15.585118,9.3092065E-4,0.1513229,0.010244226,0.49463508,0.14166,-1.0,0.1513229,0.14060017,8.516489,1.014351,8.08935,1.0745664,0.6110153,1.0021795,0.0032555617,0.0,1.3490102,0.14402217,0.007861984,1,0.035928298,13.663806,2.8266106,16.490417,1,0.64365315,37.122167607497,-4.85649300006771,1.8312445,10.317093,4555.581,-16.428757,4809.4517,8.516489,0.0,5,1,-2.04762,2.6294045,5.0165663,0.14155503,0.006970212,0.22244926,22.299759,22.299759,23.559084,78
DESY3RM-78695,89.200493447163,-33.2623738825465,0.15964013,0.026,467.63188360983446,16.737649385844403,1.559611612,0.087974706,0.0804425909999999,1.46819621E42,3.9162141549456E41,2.2627822348638002E41,3.028256325E42,8.304712244576801E41,6.5810726004791E41,1.2158911,0.0618331659999999,0.05450493,1.1749665310000001E42,3.2376382740268004E41,2.6002167135619E41,2.199397279E42,4.948194485590201E41,7.436395295949201E41,500.0,407.8095975308133,475.63834246272654,456.96138241344454,467.63188360983446,467.63188360983446,467.63188360983446,467.63188360983446,467.63188360983446,467.63188360983446,467.63188360983446,true,78695,15.671791,6.3319656E-4,0.15575752,0.009529592,0.51377165,-1.0,-1.0,0.15575752,0.15669388,9.126688,1.133591,9.401278,1.0560358,0.61953044,1.0276035,0.025559947,0.0,0.45586234,0.15964013,0.0073602987,1,0.03660267,13.612644,3.7453897,17.358034,1,0.6640114,89.200493447163,-33.2623738825465,1.6509434,16.112036,2047.168,41.27001,-5644.3936,9.126688,0.0,5,1,-3.0043721,3.0060174,6.494994,0.15674862,0.006564282,0.31653363,22.566444,22.566444,23.559084,89
DESY3RM-79270,49.5105999045322,-44.2292171007519,0.28282464,0.0111,977.0366477204971,11.579403161961439,5.193885285,0.0100735860000007,0.01008048,2.930929469000001E45,4.68044141134616E42,3.33625175574207E42,9.77011962E45,1.154356941655432E43,1.43201109721765E43,5.168775134,0.0104989019999992,0.0105063340000004,2.7339746160000004E45,3.5847898712881103E42,3.20458040318935E42,9.090851656E45,1.9171713565397542E43,1.358609714441513E43,500.0,956.8824884285685,976.8515416804261,977.0712060298205,977.0366477204971,977.0366477204971,977.0366477204971,977.0366477204971,977.0366477204971,977.0366477204971,977.0366477204971,true,79270,17.381273,0.0063590654,0.2992235,0.014298677,0.53928643,-1.0,-1.0,0.31234807,0.30187175,8.745314,1.532518,6.228243,1.2679578,0.614264,1.010445,0.0118733505,0.0,1.7835143,0.28282464,0.010555341,10,0.011943425,13.549317,3.5189009,17.068218,1,0.6513787,49.5029081030858,-44.2258212433399,1.5448345,8.6368265,758.3699,6.195739,4241.6147,8.718466,0.08699632,5,2,-6.00729,2.3077712,10.136682,0.28322223,0.009343397,0.2740886,22.457588,22.457588,23.559084,44
DESY3RM-79737,37.7227740150462,-4.85842269216618,0.29301938,0.023,509.59428572619294,64.63054313811355,1.760146991,0.2853056200000001,0.6518705069999999,6.217575479E42,2.3756771264423103E42,1.8854438972241503E42,1.314142851E43,4.76297985439463E42,3.79253092886874E42,1.932085749,0.3530345290000001,0.7721328519999999,5.467228083000001E42,1.55843523844603E42,1.65803671752016E42,1.1899117300000003E43,4.3899444916501005E42,3.0252278307374E42,500.0,536.5905351072859,534.3270495963305,498.2577333361888,548.3918167474077,509.59428572619294,509.59428572619294,509.59428572619294,509.59428572619294,509.59428572619294,509.59428572619294,true,79737,16.577644,0.0027148298,0.27067724,0.012921471,1.1871277,0.29387137,-1.0,0.303301,0.3029364,13.70318,1.7687447,12.970942,1.8847687,0.67199224,1.0092732,0.0056636296,0.0,1.06119,0.29301938,0.009681034,5,0.02904276,13.498951,3.7274885,17.22644,1,0.79726785,37.7118240932224,-4.85315654560101,1.5237321,5.098659,-1418.4639,29.42932,14357.412,13.267626,0.53588283,5,3,-4.459181,5.25427,12.846926,0.2938035,0.008132397,0.24561611,22.374662,22.374662,23.559084,76
DESY3RM-81279,73.8625746912669,-20.78630045837,0.10013613,0.0273,410.22024347763113,44.580246733719186,0.9480901375,0.1792151628,0.1119185655,1.1949335950000001E42,2.208903220497E41,2.48031638392E41,2.0220265910000002E42,5.4281667673285E41,4.4036720096759E41,0.864059409,0.1617740636,0.2125283289999999,1.382488673E42,8.4599984351917E41,3.4044338352795003E41,2.4110351100000002E42,1.3420144545029601E42,5.889422749569501E41,500.0,470.9135309800943,404.80828240436426,409.0897604474534,410.22024347763113,410.22024347763113,410.22024347763113,410.22024347763113,410.22024347763113,410.22024347763113,410.22024347763113,true,81279,14.395574,3.3912048E-4,0.093304954,0.0067900326,7.057683,-1.0,-1.0,0.11024535,0.1019172,18.737322,2.2501068,13.748945,1.5756739,0.71538776,1.0194659,0.01862909,0.0,6.189438,0.10013613,0.0063270847,1,0.038109507,13.329362,0.8596694,14.189032,0,0.9178105,73.9030373836303,-20.7695454336712,1.5935148,-4.1431074,1722.3484,11.841051,2962.382,18.651272,0.1682864,5,3,-6.970274,3.7728212,22.782135,0.09935537,0.0037118874,0.27782488,22.467825,22.467825,23.559084,36
DESY3RM-82489,34.4160625439586,-3.80639420050824,0.2955723,0.0192,540.6068278649519,24.3802617047695,1.866990079,0.1266946040000001,0.123082173,1.25328963E43,1.06234738596381E42,1.19288082267506E42,2.696668572E43,2.84832414133788E42,2.63324495388753E42,1.942230459,0.1352688689999999,0.1326057360000001,1.0615758760000002E43,1.1128707768795801E42,9.241854138277702E41,2.3136911160000005E43,2.3102273955595202E42,2.80367956593852E42,500.0,529.8139308794268,540.0363813249355,541.2526614977213,540.6068278649519,540.6068278649519,540.6068278649519,540.6068278649519,540.6068278649519,540.6068278649519,540.6068278649519,true,82489,16.941654,0.0023637714,0.3194109,0.0128221195,4.681537,0.29105487,0.29105487,0.3194109,0.29688147,13.7642,2.0503228,14.664244,1.8518741,0.67258966,1.0122397,0.01315124,0.0,8.135908,0.2955723,0.009752768,1,0.0236143,13.197552,2.0418296,15.239382,1,0.7988635,34.4160625439586,-3.80639420050824,1.2211841,8.3451605,-3604.5012,2.0852327,-1803.526,13.188777,0.84544826,5,2,-6.0149293,3.8328516,12.676169,0.29643902,0.008159987,0.21927895,22.288906,22.288906,23.559084,23
DESY3RM-83519,8.78418736190148,-2.13721732178175,0.11407728,0.0286,622.8733834107541,54.0548136809342,2.051631613,0.2519198200000001,0.3335594629999998,9.736177174000002E42,2.45220624105556E42,3.4980383854054905E42,2.2011846770000002E43,6.60826607234729E42,5.92431497832638E42,1.937484411,0.2813087979999999,0.3306451179999998,8.018473273E42,2.94085755951105E42,3.18732944503411E42,1.7794926780000001E43,6.13818271872129E42,6.7975288363008E42,500.0,711.4605651057602,556.4368630857338,679.243070898812,622.8733834107541,622.8733834107541,622.8733834107541,622.8733834107541,622.8733834107541,622.8733834107541,622.8733834107541,true,83519,15.868834,0.061701827,0.09362055,0.01585093,1.8034362,-1.0,0.08287256,0.10532957,0.11181812,13.245531,2.1848252,6.884207,1.4073032,0.6674425,1.0297248,0.028278278,0.0,1.8564678,0.11407728,0.00973818,4,0.029297339,13.084934,-1.233316,11.851618,2,0.78517383,8.78706925770808,-2.14908591864847,1.4246684,-15.25078,272.79175,-113.00386,-5560.2803,13.275289,0.17205246,5,4,0.39674056,1.2634984,9.652505,0.11271711,0.0085795,0.24910815,22.385336,22.385336,23.559084,41
DESY3RM-83590,322.359515293356,0.0905559439525237,0.12537561,0.0327,1147.406712308198,32.002002363424474,6.017347361,0.2649580589999996,0.2642056880000005,4.944118553E43,5.0908492408594006E41,6.3331631581601005E41,1.7599946570000002E44,5.785962156868801E42,3.130483153422621E42,6.291734425,0.2814266029999999,0.280596794,4.569081666E43,6.923434422194301E41,4.6399806855036004E41,1.6610342170000002E44,4.05834428757604E42,4.1637357962663104E42,500.0,832.6362041347,1041.086739094304,1111.4361175084152,1147.406712308198,1147.406712308198,1147.406712308198,1147.406712308198,1147.406712308198,1147.406712308198,1147.406712308198,true,83590,15.1085205,6.3381164E-4,0.13325858,0.009922191,4.979338,0.13834648,0.13834648,0.13325858,0.12422934,12.009878,2.006828,11.00305,1.689192,0.6544971,1.0895028,0.087426074,0.0,5.9565063,0.12537561,0.006614737,3,0.04130022,13.077807,2.5121658,15.589973,1,0.7513236,322.359515293356,0.0905559439525237,0.967989,2.8305857,-1030.6826,7.4664006,5539.215,11.770509,1.0092423,5,2,-1.059817,3.0783005,10.112756,0.123566054,0.005100399,0.29640958,22.51678,22.51678,23.559084,19
DESY3RM-84837,352.647334837975,-53.522874617797,0.17162713,0.0104,423.5781254880396,26.10032445050077,1.079431718,0.1022717982999998,0.1800089010000001,1.793459904E42,8.874449916791002E41,7.9139574795484E41,3.203466103E42,1.3770206077904401E42,1.3468023339238302E42,1.088907228,0.1056028347,0.2167347589999999,1.2649298260000002E42,5.6278917043603E41,8.4119797589352E41,2.268066744E42,1.04243778413323E42,1.3169609070965901E42,500.0,425.02744383357344,445.672040671362,420.31663832586037,423.5781254880396,423.5781254880396,423.5781254880396,423.5781254880396,423.5781254880396,423.5781254880396,423.5781254880396,true,84837,15.828411,5.2799936E-4,0.16425452,0.009148209,2.1640599,-1.0,-1.0,0.17192364,0.16549906,9.843672,1.6581784,11.750544,1.5593994,0.6289722,1.0259869,0.024921302,0.0,1.9385966,0.17162713,0.0071736467,4,0.012683185,12.951338,1.6777061,14.629044,1,0.6869978,352.647395398526,-53.5441115676077,1.0586125,9.401052,4254.802,31.696878,6925.83,9.880679,0.21777125,5,2,-2.6887808,3.0380616,7.3161564,0.16851795,0.0063946955,0.48582077,22.890348,22.890348,23.559084,70
DESY3RM-87008,34.614669511185,-4.05832923586442,0.29660758,0.0194,300.75464309792045,49.841472125221955,0.4324317724,0.0976389965,0.1386075514999999,2.042809397E42,4.982554447906601E41,2.9432669544248E41,3.3225900500000003E42,8.0780004406288E41,5.7434186168928E41,0.493562369,0.1252854105999999,0.1462510657999999,1.667571297E42,5.9648661561138E41,4.568385516867001E41,2.6302326330000003E42,1.09721227555895E42,4.2929156028837005E41,500.0,283.5255182037629,236.77326360455564,317.9449864033173,300.75464309792045,300.75464309792045,300.75464309792045,300.75464309792045,300.75464309792045,300.75464309792045,300.75464309792045,true,87008,17.356697,0.0042265938,0.29383063,0.013462968,0.24549083,0.30417,-1.0,0.29383063,0.29599452,15.045618,2.4802814,11.674269,1.9389102,0.6846711,1.1060606,0.10012361,0.0,0.19673957,0.29660758,0.008708317,2,0.021356117,12.738184,2.5399785,15.278162,1,0.83151317,34.614669511185,-4.05832923586442,0.9732032,3.0401168,2662.921,-40.559437,7553.989,14.678745,0.8149378,5,3,-1.2246649,2.637021,12.557599,0.29750574,0.006849244,0.2471227,22.379286,22.379286,23.559084,54
DESY3RM-87557,346.321240704683,-51.2828279960197,0.26647496,0.00847,502.77798020503116,62.11861294751396,1.647161168,0.1480748460000001,0.5402385510000001,6.576446323E42,1.1854197043096802E42,1.3601145743062401E42,1.375658192E43,2.1475496158143602E42,3.03289918983339E42,1.724285514,0.2946628929999999,0.823212249,6.01816761E42,9.0795058519729E41,1.44358305524096E42,1.281046031E43,2.7868383497412002E42,3.8231631287847807E42,500.0,513.9807692528959,503.9884460620091,512.9280599048508,502.77798020503116,502.77798020503116,502.77798020503116,502.77798020503116,502.77798020503116,502.77798020503116,502.77798020503116,true,87557,16.932178,0.003053205,0.2593047,0.012422305,0.55263805,-1.0,-1.0,0.2593047,0.26747406,12.955687,1.7807757,13.382826,1.9130745,0.6644956,1.0081147,0.008583691,0.0,0.46912387,0.26647496,0.009266531,1,0.0085265115,12.68863,3.174291,15.862921,1,0.7773952,346.321240704683,-51.2828279960197,1.0825549,-2.2465518,-335.42062,-4.2181697,-2640.199,12.955687,0.0,5,1,-1.6691965,3.035101,9.240626,0.2661128,0.0081459265,0.3913343,22.72683,22.72683,23.559084,96
DESY3RM-87970,54.704744698128,-34.6619941790564,0.2812336,0.0147,455.85770975665105,72.51839760984063,1.370756215,0.2343048119999999,0.3791204810000002,9.480250715000002E42,3.861439781353851E42,2.95454653274142E42,1.99939662E43,9.89212676992385E42,1.0276664818174001E43,1.545595508,0.5327249889999999,2.566186759,5.793725445000001E42,5.793725445000001E42,4.2057067919582805E42,1.2641201E43,9.487795072028541E42,1.4357228272138003E43,500.0,315.82079784509864,482.3297156832,458.05046244563107,455.857709756651,455.85770975665105,455.85770975665105,455.85770975665105,455.85770975665105,455.85770975665105,455.85770975665105,true,87970,16.849989,0.0018808431,0.2764263,0.0122131435,1.0243992,-1.0,-1.0,0.2764263,0.28105932,13.382826,2.0097377,14.679499,2.0478997,0.6688205,1.021766,0.022227772,0.0,0.77412486,0.2812336,0.0091803735,1,0.010628508,12.646159,3.491137,16.137297,1,0.78882587,54.704744698128,-34.6619941790564,1.2048652,5.0280437,-207.86948,15.777008,-256.0446,13.382826,0.0,5,1,-3.424382,3.7139075,10.36423,0.28156382,0.0077886144,0.2325985,22.33349,22.33349,23.559084,38
DESY3RM-88071,19.4278945865577,-0.439886512291828,0.2163321,0.0303,476.0291675066565,31.241007776360558,1.690693544,0.3547608849999999,0.8430553030000001,2.1809995580000002E42,1.10038862353631E42,1.57385317118895E42,4.616505652E42,3.15895510385006E42,3.74917266545367E42,1.502292793,0.216010969,0.469872987,3.160234965E42,3.160234965E42,-2.3814677556920304E42,6.415862616E42,6.415862616E42,-6.415862616E42,500.0,472.5656211583484,519.3307315857332,486.13400849604835,476.0291675066565,476.0291675066565,476.0291675066565,476.0291675066565,476.0291675066565,476.0291675066565,476.0291675066565,true,88071,17.080183,0.002726973,0.21101375,0.01020366,0.6104319,-1.0,-1.0,0.21101375,0.21369869,8.958883,1.1528448,8.852098,1.1324215,0.6172353,1.0206088,0.021299254,0.0,0.65950716,0.2163321,0.008575586,1,0.034622733,12.636124,3.2827618,15.918885,1,0.6584895,19.4278945865577,-0.439886512291828,1.5709909,-4.2323527,457.4508,-22.13701,2702.8533,8.794685,0.17138602,5,2,-1.6081619,1.6163713,7.0872545,0.21362166,0.007863843,0.22315243,22.302145,22.302145,23.559084,67
DESY3RM-91134,26.2021763450268,-4.5494569497416,0.14125568,0.0206,417.67692503939816,15.58576480456883,1.186939511,0.0488407589999999,0.044101527,2.5999239500000002E42,1.7971631926612604E42,1.3661731341753502E42,4.8188529160000006E42,2.70515839803414E42,2.9945442237051503E42,1.002587588,0.0353373459999999,0.0331412880000001,2.374231865E42,8.7049622398696E41,1.24019234674099E42,4.101386023E42,1.84770678324374E42,2.35480051912071E42,500.0,409.9639143681943,419.4890807983732,418.0996238533003,417.67692503939816,417.67692503939816,417.67692503939816,417.67692503939816,417.67692503939816,417.67692503939816,417.67692503939816,true,91134,15.823779,7.3047646E-4,0.14734899,0.009884472,0.70309335,0.13617983,0.13617983,0.14734899,0.13753709,10.148771,1.284222,9.4317875,1.2934108,0.63282365,1.0089794,0.009882965,0.0,1.2042569,0.14125568,0.006610081,1,0.022415604,12.350653,2.9024596,15.253113,1,0.69649935,26.2021763450268,-4.5494569497416,1.7528013,-4.796535,217.13629,-6.090412,1660.7037,10.057666,0.20355648,5,3,-2.4153876,2.0282152,7.3041835,0.13887739,0.00546764,0.21971585,22.290411,22.290411,23.559084,40
DESY3RM-92078,350.163710955624,-60.2331774381603,0.20928565,0.0175,584.0084192314615,56.46278306713713,1.902354324,0.288609095,0.4549674919999997,1.123423121E43,1.0921934011336401E42,1.56051026903923E42,2.453482898E43,2.3401978729413702E42,4.1021438629857003E42,0.5946537991,0.102378967,0.0833025205999999,7.905214429000001E42,1.18202078387418E42,6.963962530351801E41,1.227512079E43,1.8807047503135904E42,1.33146999739559E42,500.0,728.3889815522698,373.53973396813086,589.2752905134834,584.0084192314615,584.0084192314615,584.0084192314615,584.0084192314615,584.0084192314615,584.0084192314615,584.0084192314615,true,92078,16.844706,0.0011519913,0.21116388,0.009927461,0.3744132,-1.0,-1.0,0.21116388,0.20641968,11.735289,1.7163523,13.474356,1.8579528,0.6514765,1.021591,0.021115746,0.0,0.5204579,0.20928565,0.006439614,1,0.024660043,12.270449,3.5844238,15.854873,1,0.7435443,350.163710955624,-60.2331774381603,1.481089,7.455052,2250.7314,24.489595,12426.633,11.7392,0.114019684,5,3,-0.9553108,1.8599576,10.470541,0.20636536,0.005499516,0.27181348,22.451286,22.451286,23.559084,98
DESY3RM-92149,355.022508359107,-55.2009154787192,0.27916506,0.0113,456.61498681189676,89.35402303689695,1.65145081,0.462999369,1.1610479699999998,6.018607271000001E42,4.3792854142235706E42,5.01695303901044E42,1.3434021230000002E43,1.192234655330701E43,9.932295972804451E42,1.602743933,0.5263036720000001,1.246550545,6.090386946E42,3.980024292885811E42,4.44528478868318E42,1.3455150260000002E43,1.068271796616976E43,1.0239250349769911E43,500.0,456.81673776245276,508.9741452675748,438.747479265627,456.61498681189676,456.61498681189676,456.61498681189676,456.61498681189676,456.61498681189676,456.61498681189676,456.61498681189676,true,92149,17.464956,0.0036154613,0.28642324,0.013357681,2.5199752,-1.0,-1.0,0.28642324,0.27958292,12.299723,1.9917909,14.084555,1.9889556,0.65762615,1.0406735,0.03640961,0.0,2.8125436,0.27916506,0.009671098,1,0.011746853,12.264498,3.4247153,15.689213,1,0.7594296,355.022508359107,-55.2009154787192,1.2492903,4.3335614,129.91582,38.286533,301.8316,12.299723,0.0,5,1,-1.0988915,2.0727158,8.229421,0.27940503,0.008399127,0.37926486,22.703144,22.703144,23.559084,83
DESY3RM-93067,14.0741979288463,-27.5112105397071,0.22879247,0.0164,613.0540677963694,33.78613935478142,2.615660873,0.5403683539999999,0.7038343309999999,1.5592620060000003E43,6.250853809756442E42,1.89504805429867E42,3.821499886E43,1.7134751004325651E43,2.2470908248579802E42,1.581739376,0.8642068573,0.7840448550000001,3.0162657390000005E42,2.3547103525589302E42,1.63822463552917E42,6.228685685000001E42,5.97750651654577E42,4.3029594939967406E42,500.0,611.2131621390681,697.634729119082,613.1068531032465,680.2958137042336,611.196619287051,697.4283845016303,612.689300935483,676.213055510889,613.0540677963694,613.0540677963694,true,93067,16.904247,0.0011388017,0.21677732,0.009386989,0.42263395,-1.0,-1.0,0.252374,0.23235391,11.414934,1.9533784,14.206594,2.00729,0.64788014,1.0340818,0.033889603,0.0,1.0088631,0.22879247,0.007084317,3,0.018774785,12.184183,2.1774845,14.361668,1,0.73434085,14.0754482416043,-27.5034210570956,1.0775751,0.27237725,-1511.027,6.1166153,-875.2729,11.762434,0.6047627,5,4,-2.7314928,2.1650708,9.052931,0.22656243,0.0061082235,0.24184826,22.362974,22.362974,23.559084,77
DESY3RM-93101,28.4951876107486,-49.4086627968392,0.22026105,0.0182,680.4613025951887,140.96743483765124,3.42609031,1.3030151140000004,2.36149176,1.0543566330000001E43,3.51513470275796E42,1.91877574272321E42,2.983226846E43,1.012089395334379E43,8.354990338081052E42,3.476940302,1.325255698,2.975754025,8.292296687E42,3.8329313324179205E42,2.1641082903232504E42,2.359419239E43,8.756983021715781E42,9.56095540425302E42,500.0,677.7657995084887,798.6143586914825,663.7933390022963,680.4613025951887,680.4613025951887,680.4613025951887,680.4613025951887,680.4613025951887,680.4613025951887,680.4613025951887,true,93101,16.920288,0.002263229,0.21743593,0.009623287,1.2979616,-1.0,-1.0,0.21743593,0.21982749,12.147173,1.7262968,13.97777,1.6964637,0.6559867,1.010627,0.00992619,0.0,1.255276,0.22026105,0.006363248,1,0.02304571,12.181354,3.6199908,15.801344,1,0.75517654,28.4951876107486,-49.4086627968392,1.6278195,1.3875513,-354.33716,17.055815,-12360.215,12.154779,0.059754133,5,2,-1.0503972,1.9530678,7.9457526,0.21768841,0.005335435,0.24454652,22.371363,22.371363,23.559084,77
DESY3RM-93103,354.126270165209,-59.6035222497531,0.19099647,0.0128,402.38532953701946,40.007025428517316,0.9518584582,0.1328516437,0.3606245628,4.623704702E41,4.6237047019999005E41,5.0103579360276E41,7.785362933E41,7.785362933E41,7.339870833596101E41,0.9671465319,0.1496462696999999,0.3241424371,1.6258250790000001E41,1.6258250790000001E41,4.7787341588899E41,2.7550836740000005E41,2.7550836740000005E41,7.2633587198349E41,500.0,367.1576090480519,470.3527953488403,396.5966131382565,402.38532953701946,402.38532953701946,402.38532953701946,402.38532953701946,402.38532953701946,402.38532953701946,402.38532953701946,true,93103,16.442682,0.0029351746,0.19087379,0.010676054,0.15443952,-1.0,-1.0,0.19087379,0.18632351,10.438616,1.6437594,10.164026,1.4614588,0.63639766,1.038784,0.03715958,0.0,0.24170338,0.19099647,0.007610611,1,0.01281085,12.181065,3.8046436,15.985708,3,0.70538133,354.126270165209,-59.6035222497531,1.5002686,-7.658949,-645.3506,-33.643547,1015.88043,10.438616,0.0,5,1,-1.8254265,2.1870284,6.9575105,0.18779412,0.0068822266,0.23295555,22.33465,22.33465,23.559084,99
DESY3RM-96354,13.9617523187986,0.652965607655973,0.2014509,0.0283,504.64447846509074,49.93064127301634,1.243158865,0.115890008,0.0908888809999999,1.3992608100000002E43,1.5738280411878902E42,1.50583051579114E42,2.631100241E43,3.17166283393295E42,5.3738554608643406E42,1.262812,0.1168220429999999,0.091962324,1.345692871E43,1.48097490217772E42,1.53118615563477E42,2.5481409350000003E43,3.29582086169729E42,4.049599660974191E42,500.0,457.67057664782214,505.75109254387297,449.5547092834764,509.54151094945024,457.0033818466772,514.1283925786774,461.03381805924454,504.64447846509074,504.64447846509074,504.64447846509074,true,96354,17.199654,0.003933533,0.20952977,0.009927054,1.1028761,0.20281544,0.20281544,0.20952977,0.1984479,11.567484,1.5876799,7.90629,1.3584976,0.64960265,1.0135309,0.012455516,0.0,1.6712449,0.2014509,0.007142566,1,0.029133797,11.904694,1.512569,13.417263,2,0.73874086,13.9617523187986,0.652965607655973,1.3576968,1.4478201,156.0012,13.443469,8873.782,11.892149,1.1362623,5,4,0.30222827,1.229176,10.080451,0.19836111,0.0063382536,0.2637874,22.428625,22.428625,23.559084,82
DESY3RM-97702,46.1666051096331,-31.7364044227307,0.29035348,0.0121,451.71247656337516,62.99971590563699,1.367939674,0.3143512109999999,1.072688282,3.2065348420000005E42,3.2065348420000005E42,1.3768116421921602E42,6.767929745000001E42,4.7118198716478704E42,7.90815291122812E42,1.365805318,0.2994672710000001,2.463711296,3.3768608920000004E42,1.8876070917249603E42,1.8991109396043203E42,7.124600556000001E42,4.1135081095826704E42,6.026865980619041E42,500.0,454.09427860249133,454.5226551823221,454.76539071422815,451.71247656337516,451.71247656337516,451.71247656337516,451.71247656337516,451.71247656337516,451.71247656337516,451.71247656337516,true,97702,17.566645,0.0030334436,0.32924333,0.013226759,1.2225754,-1.0,-1.0,0.32924333,0.29214495,11.552229,1.6743274,11.445444,1.7954174,0.6494312,1.0141602,0.013333334,0.0,7.527607,0.29035348,0.009628127,1,0.012260552,11.791505,-0.33728108,11.454224,1,0.73830235,46.1666051096331,-31.7364044227307,1.2421765,3.568144,-65.56931,26.669798,2022.7534,11.552229,0.0,5,1,-0.07394955,2.0678678,7.6699495,0.29104477,0.008128179,0.2690301,22.443504,22.443504,23.559084,96
DESY3RM-98873,36.4912361238762,-5.64281169411671,0.19836472,0.0221,533.1903040057471,55.991509750304175,2.003568826,0.414672312,0.759335783,1.357504603E43,1.357504603E43,-1.357504603E43,3.013667558E43,3.013667558E43,-3.013667558E43,2.14384366,0.5779433569999999,0.941670866,1.496898857E43,1.496898857E43,-1.496898857E43,3.4018674090000006E43,3.4018674090000006E43,-3.4018674090000006E43,500.0,705.2573817786529,453.80441984439153,621.5314319933606,463.23595885094926,544.2775481761491,614.9469705057845,487.61368431076255,590.7348509293246,533.1903040057471,533.1903040057471,true,98873,17.584087,0.004607409,0.19473803,0.010695691,2.8172083,0.19446,0.19446,0.19473803,0.1978091,12.665842,2.505723,13.016706,1.9277055,0.6614954,1.0820878,0.076982096,0.0,2.783386,0.19836472,0.0063035428,10,0.025959002,11.698238,-1.8206084,9.87763,1,0.7695201,36.4912361238762,-5.64281169411671,0.95944256,27.23109,-1708.6367,104.76821,-56508.594,12.488858,0.47052073,5,3,0.6800284,0.8330193,5.096542,0.19522837,0.005385239,0.2033056,22.231722,22.231722,23.559084,57
DESY3RM-99230,321.514454307982,-44.3158215680399,0.28461236,0.0232,456.28208436483703,44.755305501365825,1.232092418,0.205849551,0.2350235280000001,2.978703407E42,9.038771217262701E41,7.366247266653801E41,5.5747022470000003E42,2.45171247910722E42,1.86366773740884E42,1.206074399,0.179586196,0.231091006,2.813406071E42,6.7591806262453E41,6.336780695822601E41,5.2182969660000005E42,1.56425875704992E42,1.7608514980445102E42,500.0,437.2814250063638,451.9695700132795,435.66137669168336,456.28208436483703,456.28208436483703,456.28208436483703,456.28208436483703,456.28208436483703,456.28208436483703,456.28208436483703,true,99230,17.982224,0.003700362,0.28682378,0.013045474,1.2653724,-1.0,-1.0,0.28682378,0.28548598,11.781054,1.7751675,12.421762,1.693631,0.65198386,1.0356148,0.03547031,0.0,1.2627716,0.28461236,0.009687519,1,0.025227537,11.669545,2.101953,13.771498,1,0.7448477,321.514454307982,-44.3158215680399,1.173355,2.1999495,46.938503,9.751136,-1167.3657,11.650081,0.45733163,5,5,0.0944593,1.3468871,10.519605,0.28508362,0.008316093,0.28323725,22.482412,22.482412,23.559084,42
DESY3RM-101344,38.6487575943643,-44.1679312777289,0.18958913,0.016,398.6521689405873,22.75685600872725,0.9990094808,0.0683156684999999,0.0612151022000001,3.172135272E42,6.5923138360621E41,1.4801386877712903E42,5.445278725000001E42,1.7547089945536502E42,1.39441845990916E42,1.002832446,0.0760470760999999,0.0671702570000001,2.7057821240000002E42,1.0288189308186101E42,1.0363918149478601E42,4.6524743000000005E42,1.3187178473012501E42,1.62740127303108E42,500.0,412.53366071468656,392.52849487267224,405.54790197359995,398.65216894058716,398.6521689405872,398.6521689405873,398.6521689405873,398.6521689405873,398.6521689405873,398.6521689405873,true,101344,15.868947,9.0197456E-4,0.18133174,0.009594821,0.5384029,-1.0,-1.0,0.18133174,0.18736157,11.369169,1.5119619,9.340258,1.4583534,0.64735985,1.0083871,0.009741092,0.0,0.42729408,0.18958913,0.0070157615,1,0.018074675,11.504052,3.6079016,15.111954,1,0.73301446,38.6487575943643,-44.1679312777289,1.26793,16.755322,-12.505202,44.621,33557.566,11.212517,0.52702534,5,3,-5.1258197,3.644394,10.640515,0.1863812,0.0062197717,0.27842757,22.469463,22.469463,23.559084,87
DESY3RM-101366,33.857585428068,-30.6859815628261,0.17336944,0.0198,400.1285493140525,56.48533774321703,0.8244191691,0.1550632975,0.1371955128999999,7.550065935000001E41,2.4471011287544004E41,1.7995572339921002E41,1.216456157E42,5.5376692826608006E41,2.3681789513221003E41,0.6039520505,0.205561583,0.2830995076,1.378501322E42,7.525662301509501E41,1.7971774224196E41,2.37701231E42,1.0704462974206001E42,6.6492767726886E41,500.0,527.1512050212252,592.4953222324528,606.672723599389,200.1565580116046,405.9319515766584,341.76780624277694,422.2441840391848,400.1285493140525,400.1285493140525,400.1285493140525,true,101366,15.370021,5.501232E-4,0.16566263,0.009463879,1.1050339,-1.0,-1.0,0.16566263,0.17027062,9.813162,1.2945964,8.775824,1.3211191,0.62858176,1.0057306,0.0076903356,0.0,0.3150195,0.17336944,0.007327592,1,0.021175053,11.502134,2.455599,13.957733,1,0.6860388,33.857585428068,-30.6859815628261,1.1326708,10.772277,-3936.688,18.364477,7745.7593,9.813162,0.0,5,1,-3.3124995,4.734618,11.670663,0.17023784,0.0065689157,0.2440861,22.369938,22.369938,23.559084,79
DESY3RM-101735,23.3912816948333,-64.6530878113795,0.11108719,0.0281,467.7062969324536,69.29572573180681,1.005693905,0.0963827448999999,0.249266749,1.9965890690000004E42,7.248787444054801E41,7.4825420188592E41,3.459697469E42,1.1083909871972E42,1.09878036800574E42,1.002822097,0.1015779600999998,0.247464235,1.938822833E42,5.287759747938901E41,6.7957817646327004E41,3.355298624E42,1.06427281950308E42,1.02687112287972E42,500.0,418.9903373029819,438.3674192704504,459.8046854512868,467.7062969324536,467.7062969324536,467.7062969324536,467.7062969324536,467.7062969324536,467.7062969324536,467.7062969324536,true,101735,14.914045,0.001233077,0.11757813,0.00743712,6.0203867,-1.0,-1.0,0.11757813,0.109782,11.659014,2.089316,10.103006,1.4462545,0.65062743,1.0882851,0.083522014,0.0,6.8180017,0.11108719,0.0067176335,1,0.02360292,11.470405,3.8582516,15.328656,1,0.7413656,23.3912816948333,-64.6530878113795,1.4482592,26.500338,-6618.5854,56.666885,-28890.715,11.640589,0.041339863,5,2,-4.579759,2.8828502,9.685269,0.109849766,0.0047843065,0.20262355,22.229181,22.229181,23.559084,9
DESY3RM-101937,9.23448729410585,-33.6459775658951,0.2550101,0.0135,478.67665224556686,51.7886059968375,1.440268397,0.2653343210000001,0.377668817,2.876868127E42,6.085066094565901E41,7.505308734388802E41,5.760611762E42,9.1113643136013E41,1.83236206013854E42,1.424228136,0.225505907,0.336481593,2.7645869770000005E42,3.2299463008157003E41,8.0142049714038E41,5.517664182E42,1.2125603631235101E42,1.9051011880444902E42,500.0,492.6288817489542,485.53481423820193,479.50100723500793,478.67665224556686,478.67665224556686,478.67665224556686,478.67665224556686,478.67665224556686,478.67665224556686,478.67665224556686,true,101937,17.09395,0.0029769351,0.25292867,0.012020092,0.9842953,-1.0,-1.0,0.25292867,0.25430804,11.659014,1.7927648,13.489611,1.7564433,0.65062743,1.0165521,0.017980991,0.0,0.86182576,0.2550101,0.00841525,1,0.010619007,11.454446,3.9369006,15.391346,1,0.7413656,9.23448729410585,-33.6459775658951,1.4354632,-15.368887,-393.13617,-35.191708,696.9211,11.653446,0.014084185,5,2,-3.7430866,2.356602,9.31256,0.25406173,0.0073396126,0.23652104,22.346134,22.346134,23.559084,43
DESY3RM-103592,36.2339288255019,-5.13315773724776,0.10780411,0.0231,378.36815215568384,16.428107611682726,0.8376943355,0.0327981683,0.0451438861999999,8.21844005E41,8.21844005E41,7.061530618269547E44,1.3341387130000002E42,1.3341387130000002E42,1.322316063721412E45,0.9639272044,0.0949343971999999,0.0794936135999999,6.119976122E41,1.1089672480386002E41,1.4541001539643E41,1.0421564900000001E42,1.8581915361697E41,2.4138994642060003E41,500.0,380.1014978916508,379.8779609866624,377.8500522031708,378.36815215568384,378.36815215568384,378.36815215568384,378.36815215568384,378.36815215568384,378.36815215568384,378.36815215568384,true,103592,14.474311,4.232098E-4,0.10086721,0.008259594,1.2556866,0.084259,-1.0,0.10086721,0.10670575,8.501234,1.1906854,8.882608,1.2677598,0.6107963,1.0160402,0.014107,0.0,1.0904868,0.10780411,0.0075423536,1,0.02739331,11.324707,3.034237,14.358944,1,0.6431341,36.2339288255019,-5.13315773724776,1.4503267,-1.0805539,-288.7948,-15.25037,890.5656,8.363565,0.4546798,5,2,-3.8102028,4.0746927,10.967116,0.10670276,0.00578754,0.23746507,22.349146,22.349146,23.559084,2
DESY3RM-104016,346.530333646676,-51.4295792487375,0.29132026,0.00844,525.0268179297802,62.08266140212811,1.943860142,0.4994049159999998,2.676852373,1.0067349640000002E42,1.0067349640000002E42,8.132519113801601E41,2.218485995E42,1.68264015044843E42,2.3820992085663102E42,2.131710069,0.6662603359999999,10.104649791,9.131504227000001E41,9.131504227000001E41,1.14688951413698E42,2.075575892E42,1.95128620618577E42,2.34902506013604E42,500.0,516.9707291426791,516.8590894340141,519.6595886609088,525.0268179297802,525.0268179297802,525.0268179297802,525.0268179297802,525.0268179297802,525.0268179297802,525.0268179297802,true,104016,17.606804,0.0021637292,0.28306803,0.013559283,0.7648421,-1.0,-1.0,0.29046705,0.293739,8.638529,1.455732,8.424959,1.4071169,0.61275655,1.0115222,0.0141825,0.0,0.6568465,0.29132026,0.010726697,2,0.00975708,11.291925,2.0194504,13.311376,1,0.64778745,346.61803492108,-51.4106268928298,1.424126,-2.1191866,-4.4908676,8.6404085,224.43959,8.980267,0.7684151,5,4,-1.0530174,2.0082808,6.5289207,0.2920462,0.009385488,0.4367098,22.809774,22.809774,23.559084,37
DESY3RM-104141,8.94910061606797,-27.5054701838065,0.108560994,0.0129,416.99925178225857,25.174651237671704,1.543812501,0.3573810449999999,0.502392722,2.4452944840000004E42,3.1964994319353E41,3.1990500366188006E41,5.0394389630000003E42,8.1154701038555E41,8.3012636177211E41,3.690133088,2.235461232,12.190832762,2.0393730650000002E42,4.5141082687965006E41,4.5260978425261005E41,5.782376150000001E42,1.71534453202528E42,2.4814384622938803E42,500.0,423.93308405291134,483.27252615895617,381.99876400126254,416.99925178225857,416.99925178225857,416.99925178225857,416.99925178225857,416.99925178225857,416.99925178225857,416.99925178225857,true,104141,15.044774,5.9180113E-4,0.11536647,0.007909647,4.852625,-1.0,-1.0,0.11536647,0.108195625,10.148771,1.4592543,9.691122,1.4156781,0.63282365,1.0036147,0.005138746,0.0,5.7977924,0.108560994,0.006945561,2,0.015014436,11.281853,2.8413255,14.1231785,1,0.69649935,8.94910061606797,-27.5054701838065,1.9617786,16.622513,-516.85425,1.7337496,-3548.8892,10.10792,0.14450486,5,2,-1.9797478,2.4421265,9.686486,0.10742818,0.0050119194,0.21997708,22.29131,22.29131,23.559084,9
DESY3RM-104367,34.219361044209,-4.29058899870954,0.15191203,0.0182,369.7226353125957,48.37167070766795,0.6264730807,0.1984658799999999,0.1686877411,1.399185951E42,7.934431493311301E41,4.816505954840201E41,2.1775804310000002E42,1.0250109724779502E42,7.8416429128082E41,0.5451104175,0.1784482116,0.2069216427,9.656857598000001E41,7.6505627214813E41,4.9407993034081E41,1.5084940470000003E42,1.1552291553576201E42,9.1847333852099E41,500.0,363.84539539323606,349.6430818326386,383.05532110790045,289.7434488524914,349.08707842310514,369.7226353125957,369.7226353125957,369.7226353125957,369.7226353125957,369.7226353125957,true,104367,15.876698,9.706405E-4,0.14913695,0.0086001735,1.574495,0.15278,-1.0,0.14913695,0.15039381,8.074095,1.7442675,9.462297,1.7038733,0.6045313,1.0084034,0.00729927,0.0,1.4055499,0.15191203,0.006268137,1,0.021415345,11.263581,0.74715596,12.010737,0,0.62838656,34.219361044209,-4.29058899870954,0.93588173,3.919948,-2940.0264,2.2905583,-1550.481,8.074095,0.0,5,1,0.48184386,2.242949,7.2855997,0.149213,0.0052299676,0.21763116,22.283203,22.283203,23.559084,51
DESY3RM-104451,351.081541454146,-55.430322964652,0.23758213,0.0111,572.9353376450202,69.26848120727318,2.079524527,0.4095512369999998,0.7543550420000003,7.851005154E42,8.287335643695401E41,1.15540631567791E42,1.7727436710000002E43,2.32105004254043E42,2.718764079283E42,1.605732086,0.3203219539999999,1.103841894,4.8193569030000005E42,3.04232749640871E42,5.8957100916393E41,9.996344445000001E42,8.14689489637126E42,8.192260074428401E41,500.0,752.0692335990425,377.46066481378557,505.5880324268094,576.8252433953663,572.9353376450202,572.9353376450202,572.9353376450202,572.9353376450202,572.9353376450202,572.9353376450202,true,104451,16.702625,0.0022058687,0.22838926,0.010283988,0.29297063,-1.0,-1.0,0.22838926,0.23571551,9.935202,2.3064578,11.933603,2.0806284,0.6301375,1.0487093,0.04684265,0.0,0.29333273,0.23758213,0.007760741,1,0.012206352,11.256477,3.6602232,14.9167,0,0.68986505,351.081541454146,-55.430322964652,1.0976056,-4.155875,-201.73619,25.06214,-7271.473,9.722271,0.50366396,5,2,-3.1919634,2.8520572,9.0002165,0.23575404,0.0068003186,0.3722221,22.688972,22.688972,23.559084,46
DESY3RM-106175,18.6701419557576,-41.3834945544519,0.24734059,0.0152,1037.5148405783034,49.19340853690079,5.608263722,0.4526207150000001,0.3853794549999998,1.369706449E44,1.369706449E44,-1.369706449E44,4.740914186000001E44,4.740914186000001E44,-4.740914186000001E44,5.311614002,0.286955152,0.5816558330000001,1.2428920630000001E44,1.2428920630000001E44,-1.2428920630000001E44,4.19017753E44,4.19017753E44,-4.19017753E44,500.0,1140.8479721193787,1010.6877815794555,1047.3368430227217,1037.5148405783034,1037.5148405783034,1037.5148405783034,1037.5148405783034,1037.5148405783034,1037.5148405783034,1037.5148405783034,true,106175,16.87833,0.0018697227,0.2427903,0.013135494,4.6660876,-1.0,-1.0,0.2427903,0.2459829,14.252359,2.1917439,16.067701,2.1291203,0.6772942,1.041122,0.03529412,0.0,4.4894476,0.24734059,0.0076532494,1,0.013512667,11.130181,3.7395985,14.86978,1,0.8114909,18.6701419557576,-41.3834945544519,1.1896755,12.903418,-423.67947,74.67636,-9215.6,14.254292,0.32745,5,4,-2.2633944,2.6741035,13.6159525,0.24599732,0.006562137,0.2580101,22.411882,22.411882,23.559084,51
DESY3RM-106615,331.949845511996,1.92187075484489,0.18045954,0.0358,286.43503231559504,76.54678952208565,0.5434194692,0.2413331877999999,0.2692408321,2.348963204E42,2.348963204E42,3.5690335618861E41,3.6587816760000005E42,3.6587816739408005E42,2.47042576925278E42,0.5437395642,0.2591703274,0.2722441577,1.9569693190000002E42,1.9569693190000002E42,2.6129068321802004E41,3.0477996470000006E42,3.04779964526377E42,3.3513926664711004E41,500.0,294.21865063148806,291.11791148330474,287.0468487631153,286.43503231559504,286.43503231559504,286.43503231559504,286.43503231559504,286.43503231559504,286.43503231559504,286.43503231559504,true,106615,16.604567,0.0019185981,0.18345214,0.010499161,0.24011649,0.18966289,-1.0,0.20111041,0.18642156,8.363939,1.746055,9.263983,1.0400897,0.60881054,1.1247752,0.121171415,0.0,0.39272884,0.18045954,0.007814531,3,0.047678925,11.098688,2.1549053,13.253593,1,0.6384392,331.928030843498,1.91197193647183,1.6802927,-3.6615608,-305.76355,-14.512582,-1187.4829,8.847925,0.7627597,5,5,-2.3817034,1.6574705,5.8358846,0.17726393,0.0071120313,0.21153286,22.261715,22.261715,23.559084,37
DESY3RM-108639,19.6548053975324,0.185349942219193,0.20538977,0.0324,338.92997111623464,122.91437003802372,0.4011500587,0.1545453965,0.4287704991,1.330416592E42,1.330416592E42,3.8766144615165E41,2.2602793090000002E42,2.2602793063058803E42,7.809975129082001E40,0.340051799,0.1375465709999999,0.5883561877000001,1.0613808410000001E42,1.0613808410000001E42,3.2197963437336004E41,1.954667717E42,1.954667717E42,5.9365192435979005E41,500.0,418.2840290763396,320.5002024255274,215.02176785574744,365.988202667176,338.92997111623464,338.92997111623464,338.92997111623464,338.92997111623464,338.92997111623464,338.92997111623464,true,108639,16.153004,0.0012407731,0.1921373,0.010002441,0.49952295,0.1965994,0.21622677,0.21986826,0.20773003,9.187708,1.5412815,9.050413,1.5311192,0.6203566,1.0057262,0.0050815726,0.0,0.736027,0.20538977,0.0074870232,3,0.03295556,10.953146,2.948949,13.902095,1,0.6660056,19.6476052923152,0.162929061646266,1.2222706,13.534702,-4620.848,61.482372,-15491.647,9.626262,0.722899,5,2,-3.753141,3.368715,8.400339,0.20237619,0.006711198,0.22679433,22.314384,22.314384,23.559084,57
DESY3RM-111892,80.2644173873583,-48.155512445091,0.273143,0.0247,341.4720538474945,31.826156259057303,0.9131889937,0.1209925452999999,0.1447160663,8.202510549000001E42,2.5737739749294903E42,1.41983211572379E42,1.356731078E43,3.7243714123058204E42,3.10116734895893E42,0.8434843567,0.1718398883999999,0.1254860437,6.062489954E42,1.9670958085157203E42,1.1962902790611202E42,9.776744911E42,2.5717471594643402E42,1.9695759960084202E42,500.0,780.6186332620225,348.74476776184815,371.43177708440686,341.4720538474945,341.4720538474945,341.4720538474945,341.4720538474945,341.4720538474945,341.4720538474945,341.4720538474945,true,111892,17.143713,0.0024609035,0.26935077,0.012815578,0.15393609,-1.0,-1.0,0.26935077,0.27524757,6.3807926,1.6124916,7.7842503,1.6440436,0.5767332,1.0259243,0.024437657,0.0,0.08823101,0.273143,0.012456048,1,0.03192129,10.7284155,3.3186753,14.047091,0,0.56523395,80.2644173873583,-48.155512445091,0.98683685,28.749199,221.39487,71.37973,-12580.332,6.3807926,0.0,5,1,-2.1965442,2.6475394,6.652548,0.27310637,0.0115715815,0.3400682,22.620667,22.620667,23.559084,30
DESY3RM-111902,82.3542558368369,-31.8599458781633,0.18564616,0.0188,421.81834327589536,51.91277286876025,1.084332675,0.2253191136,0.154766913,2.2700844290000003E42,2.2700844290000003E42,1.807830704897064E48,4.3329287850000006E42,4.3329287850000006E42,6.404164957755362E47,0.8636013873,0.2825564986,0.4746139236999999,1.457113109E42,1.457113109E42,-9.375197090042001E41,2.5381785480000002E42,2.5381785480000002E42,-2.0941702209332703E42,500.0,422.2469361520463,421.1433416948893,421.92261672735407,421.81834327589536,421.81834327589536,421.81834327589536,421.81834327589536,421.81834327589536,421.81834327589536,421.81834327589536,true,111902,16.679085,0.0013714022,0.19299076,0.0096015865,3.7082827,-1.0,-1.0,0.19299076,0.18312761,11.704779,1.7229626,11.979368,1.5096401,0.6511374,1.0139691,0.013475718,0.0,4.391986,0.18564616,0.0066682203,1,0.02474257,10.727729,1.6838543,12.411583,1,0.74267375,82.3542558368369,-31.8599458781633,0.9602468,0.39073938,51.96281,1.3931745,4051.331,11.704779,0.0,5,1,0.3081647,1.6489465,6.236593,0.18243337,0.0058283284,0.25214046,22.394484,22.394484,23.559084,61
DESY3RM-113928,39.5621926321116,-52.1985683574578,0.102325685,0.0268,943.8446257606743,13.052616155309048,4.184823493,0.0451806689999996,0.0452263900000007,1.076858631E44,3.1909913956864513E43,3.1128454515699704E43,3.235059717E44,1.0561021197250116E44,9.801889056503606E43,5.884554864,0.2117433570000004,0.211238024,4.1624120640000003E43,3.9063434994484523E43,2.4657615825107705E43,1.464939984E44,1.2599767531959753E44,1.2042128403822462E44,500.0,897.7642127250567,939.5726210889981,225.9375123959972,920.3430877822838,943.8446257606743,943.8446257606743,943.8446257606743,943.8446257606743,943.8446257606743,943.8446257606743,true,113928,13.946789,2.9298614E-4,0.09836104,0.0071396497,1.3651044,-1.0,-1.0,0.11309636,0.1016215,10.057241,1.5457706,8.318174,1.3788518,0.63167804,1.0247419,0.02551419,0.0,0.31700274,0.102325685,0.0073638204,2,0.03411731,10.597106,-1.0501615,9.546945,1,0.69366556,39.5758867895724,-52.1905626263795,1.6247582,12.191852,-1432.9291,70.71226,-5481.5347,9.990286,0.18431954,5,3,-7.100449,5.9585943,14.184775,0.101453155,0.005367722,0.20283476,22.229969,22.229969,23.559084,40
DESY3RM-114193,54.0242846051152,-27.6681023626666,0.19848114,0.00724,394.88691026195266,19.236820336332077,0.9778602246,0.057058186,0.0506422383999999,3.379248174E42,9.9051614769579E41,1.20562237090643E42,5.740739252E42,1.78165469645259E42,1.37116564079625E42,0.9476556674,0.0672281819999999,0.0594314995999999,2.8454584830000006E42,8.4856254384087E41,1.01381121221272E42,4.7739837590000003E42,1.2745494078950101E42,1.45821363388206E42,500.0,412.9188896728653,392.3113564066442,396.7953316791998,394.88691026195266,394.88691026195266,394.88691026195266,394.88691026195266,394.88691026195266,394.88691026195266,394.88691026195266,true,114193,16.289413,0.0018162555,0.19482192,0.00975316,0.7128972,0.19743,-1.0,0.19482192,0.19533385,8.592764,1.2359493,10.209791,1.3153639,0.6121059,1.0167971,0.019809825,0.0,0.45843756,0.19848114,0.007404649,1,0.011878723,10.581228,3.9867573,14.567986,1,0.6462409,54.0242846051152,-27.6681023626666,1.4768313,5.384628,-885.71924,-3.9057393,1209.9457,8.796059,0.48122242,5,2,-3.9477692,2.7480192,6.043476,0.1953463,0.00664013,0.27611718,22.463163,22.463163,23.559084,81
DESY3RM-114695,30.7565982327857,-6.2800343100607,0.19473368,0.021,380.50489702520923,28.571888944480257,0.9015800099,0.1064924334,0.1469638471000001,2.9941248660000004E42,6.861401874501901E41,7.3699004663432E41,4.949396057000001E42,1.29073939639576E42,1.16588157084613E42,0.8505602587,0.1571429493999999,0.1087011882,2.3899099230000005E42,7.264883467486101E41,7.3974963482134E41,3.8777332990000004E42,9.584415078225902E41,1.1250567207657901E42,500.0,388.0403704025089,379.44783689018305,369.00985230302456,380.50489702520923,380.50489702520923,380.50489702520923,380.50489702520923,380.50489702520923,380.50489702520923,380.50489702520923,true,114695,16.726599,0.0017609436,0.19564511,0.009482513,0.6472452,-1.0,-1.0,0.19564511,0.1916456,7.463896,0.8724619,7.891035,1.1522777,0.59510434,1.006618,0.005172883,0.0,0.7525877,0.19473368,0.009167974,1,0.028252466,10.547855,2.7536068,13.301462,1,0.60655355,30.7565982327857,-6.2800343100607,2.0176232,20.919523,-6110.8516,18.297754,735.182,7.463896,0.0,5,1,-0.60509735,1.7584165,4.420043,0.191557,0.0085685225,0.23090012,22.32795,22.32795,23.559084,47
DESY3RM-116234,28.192745437586,-59.8215410022505,0.29929176,0.02,322.619548791052,107.22039844055061,1.635391158,0.8998510136,8.432399902,5.689333127000001E42,2.7264327222588504E42,3.96114633357507E42,1.170321E43,4.43867259984225E42,9.352454897452872E42,0.8874724491,0.2981836282,0.3275999929000001,7.377459155000001E42,3.7315620482335004E42,1.7390317253577702E42,1.205169922E43,6.430030503488921E42,5.2350572763801805E42,500.0,396.49097222763544,341.38762246053886,301.0562572999399,322.619548791052,322.619548791052,322.619548791052,322.619548791052,322.619548791052,322.619548791052,322.619548791052,true,116234,17.431099,0.002119261,0.3248941,0.013141972,2.1458938,-1.0,-1.0,0.3248941,0.30494532,10.209791,1.6297711,10.88101,1.5879996,0.6335828,1.0231254,0.022644456,0.0,5.6311135,0.29929176,0.010146799,1,0.021077137,10.452316,2.6291468,13.081463,1,0.69838065,28.192745437586,-59.8215410022505,1.5271636,7.547727,2298.664,21.19722,-1047.3245,9.936055,0.28547713,5,4,-4.929901,2.5125573,10.40213,0.3002671,0.008543804,0.33576497,22.611038,22.611038,23.559084,84
DESY3RM-118069,20.0937941251416,-0.0312448256319342,0.16779572,0.0328,609.4703203975107,58.27300794271492,2.302974069,0.5955962159999999,0.9907931310000002,6.341395767999999E42,1.18098949845542E42,1.40942429893909E42,1.4849433630000002E43,3.2946032570793005E42,3.56518933533106E42,2.4524677,0.6272136080000001,1.114435773,6.300734365000001E42,1.0605731145917201E42,1.1665621966193901E42,1.50862054E43,3.0385159200144E42,4.2202093898086704E42,500.0,719.8262499530273,603.842512502439,669.2427140014112,609.4703203975107,609.4703203975107,609.4703203975107,609.4703203975107,609.4703203975107,609.4703203975107,609.4703203975107,true,118069,15.5394125,0.0010630661,0.17200695,0.010825118,10.609538,0.174891,0.174891,0.17200695,0.16608489,11.292894,1.7428617,4.7027454,1.4221009,0.64648885,1.0039836,0.0038032455,0.0,11.194351,0.16779572,0.010106081,1,0.03499924,10.335502,3.209506,13.545008,2,0.7307974,20.0937941251416,-0.0312448256319342,1.145544,10.146898,-156.96756,31.706358,-3169.7644,11.292894,0.0,5,1,-3.056307,3.776359,11.7098675,0.16474438,0.009565119,0.22462657,22.307123,22.307123,23.559084,46
DESY3RM-120510,34.6084371875986,-5.89395898498288,0.2749959,0.0234,371.446795947823,38.796427265886166,0.9767560574,0.2069606271,0.3556085365999999,3.984932064E42,3.984932064E42,-2.0578497604910002E40,7.254590672000001E42,7.254590672000001E42,-4.3013405786614E41,0.9705818254,0.2282028803,6.2255619606,4.2266602320000006E41,4.2266602320000006E41,7.593869670783501E41,7.162938871E41,7.162938871E41,1.1549333453899201E42,500.0,327.30911947531115,497.67181965773034,340.7110461452795,371.446795947823,371.446795947823,371.446795947823,371.446795947823,371.446795947823,371.446795947823,371.446795947823,true,120510,17.792997,0.0038520687,0.2788809,0.013810053,0.43121657,0.2879767,0.28832,0.32215616,0.2945559,9.889437,1.7113991,8.943628,1.5343434,0.62955594,1.0169328,0.016363636,0.0,0.55362755,0.2749959,0.010124669,4,0.025239732,10.183395,0.32990566,10.513301,1,0.6884333,34.6113657495699,-5.89681969580801,1.7213085,4.6500096,-392.69247,-0.48735556,4024.3308,9.877773,0.88834774,5,4,-1.2644601,1.4787176,7.861068,0.27504638,0.0089855855,0.21748187,22.282684,22.282684,23.559084,89
DESY3RM-121467,38.742379238563,-8.87705089727318,0.13261038,0.0351,317.1080253432734,21.28333060696657,0.6029200491,0.0622189299,0.0595961904,4.945167629E41,3.0095349420255002E41,8.374330078909001E40,7.702768792E41,4.517768928801501E41,2.2107958311688E41,0.6032820015,0.0844648683,0.1372464149,4.017719504000001E41,3.8239043466085E41,5.310504944974E40,6.258047193E41,5.4561487443528006E41,1.0956480295418001E41,500.0,218.68943099630118,360.86713961826644,305.13717627271484,348.06483637602884,317.1080253432734,317.1080253432734,317.1080253432734,317.1080253432734,317.1080253432734,317.1080253432734,true,121467,15.505502,7.484767E-4,0.13332069,0.009685047,0.658141,0.1381125,0.1381125,0.13332069,0.1305652,9.279238,1.4786987,9.843672,1.3518486,0.62158775,1.0189056,0.015678076,0.0,0.6245533,0.13261038,0.0072393375,1,0.03225053,10.126435,3.6415405,13.767976,1,0.66898316,38.742379238563,-8.87705089727318,1.760581,10.863547,3419.4463,23.003904,8859.869,9.277123,0.02830347,5,2,-2.8632808,2.3935328,7.5781183,0.1305305,0.006050103,0.22996885,22.324894,22.324894,23.559084,28
DESY3RM-121883,2.19966212125648,-32.2609913819079,0.26312712,0.0225,506.08605924373904,114.36404698402549,0.9988683255,0.1160019583,0.2698553455,4.6176916680000006E42,1.2142474813161802E42,1.54261769606942E42,7.918412473E42,1.9559220600262202E42,2.5396558993467404E42,0.9950318291,0.1569771858999999,0.7254664238999999,3.4642659110000004E42,1.0412146313114602E42,1.2857377324039301E42,5.930471007000001E42,1.99088614222332E42,1.8608639345210002E42,500.0,384.8329994004905,599.4764579404059,503.1899177688016,432.33138825064543,595.3405080144167,491.42319459144204,506.08605924373904,506.08605924373904,506.08605924373904,506.08605924373904,true,121883,16.356415,0.0012684319,0.26889774,0.0114885345,1.4520248,-1.0,-1.0,0.26933575,0.26487195,10.896265,1.6263392,9.141943,1.6830921,0.6418825,1.0048155,0.0030714103,0.0,2.1549895,0.26312712,0.008510777,1,0.014942307,10.102208,1.905379,12.007587,1,0.7191336,2.19882822889337,-32.2620887485029,2.0788412,5.2214518,-645.6526,4.991784,-4653.9375,10.8863735,0.020853668,5,3,-6.071992,5.007103,14.296276,0.26259607,0.0073296274,0.19380228,22.195528,22.195528,23.559084,89
DESY3RM-121966,352.226951284706,-53.6250240834125,0.17126292,0.0114,251.14603417769237,52.34158659435122,0.4319288175,0.1242285645999999,0.2197789658,8.611796917000001E41,6.4297392917262005E41,3.4692522943630004E41,1.421180275E42,8.887117614076002E41,5.9585490422524E41,0.2498474059,0.0620936247,0.080667872,3.0850314520000005E41,3.0850314520000005E41,3.918165839199901E41,7.785381183E41,7.785381183E41,8.4435529438177E41,500.0,291.0843290796729,215.25812196009974,251.77156563393194,251.14603417769237,251.14603417769237,251.14603417769237,251.14603417769237,251.14603417769237,251.14603417769237,251.14603417769237,true,121966,16.801786,0.0015080845,0.17657654,0.009775307,2.454607,-1.0,-1.0,0.16642119,0.1678273,8.455469,1.3256236,10.484381,1.3260235,0.6101372,1.0138079,0.014073287,0.0,2.7916307,0.17126292,0.007744843,2,0.012640121,10.097011,1.2431432,11.340154,1,0.6415738,352.226567140759,-53.6483632290252,1.3607315,14.047614,-3062.3557,78.18199,3559.085,8.581324,0.25304842,5,4,0.565702,1.2332271,5.2600026,0.16815865,0.007029076,0.35569143,22.654627,22.654627,23.559084,30
DESY3RM-122978,351.36707532897,-52.0680247188074,0.20475204,0.0123,179.5035111025637,23.77145142875186,1.687379016,0.7932531838,0.9635298959999998,1.760205477E41,1.7602054769999004E41,3.9326596335457005E41,3.725658838E41,3.725658838E41,7.9771599314977E41,1.454714977,1.2462600495,-1.454714977,2.0153042690000002E42,2.0153042690000002E42,1.6527869445670503E42,4.320471902E42,3.97787757490172E42,5.82384815724238E42,500.0,628.3371259145617,417.951303694939,576.4277849941157,181.20261235310068,179.5035111025637,179.5035111025637,179.5035111025637,179.5035111025637,179.5035111025637,179.5035111025637,true,122978,16.67307,0.0017498751,0.19716683,0.009258764,1.7571144,-1.0,-1.0,0.19716683,0.20174433,10.8505,1.7673663,9.248728,1.4916006,0.6413424,1.0219319,0.024187256,0.0,1.8407716,0.20475204,0.007147407,1,0.013212299,10.036647,3.6362681,13.6729145,1,0.71777284,351.36707532897,-52.0680247188074,1.6663394,-6.442057,-1459.9171,-11.981064,-3485.518,10.8505,0.0,5,1,-1.3051262,2.0729306,6.9616876,0.20172466,0.0063325167,0.3798173,22.704245,22.704245,23.559084,24
DESY3RM-123093,8.61793850998535,2.42181999539745,0.22550043,0.0198,1122.4131045253953,49.47064163893613,6.262868581,0.4664337860000005,0.4650958169999999,2.0780597720000004E44,5.862275063702801E42,6.754743523769011E42,7.573365121000001E44,3.4751087344837504E43,3.429350839848527E43,6.102404612,0.6659762770000004,0.6629314090000005,1.418737513E44,4.2309184595900004E42,6.25410419651406E42,5.105006449000001E44,3.5215251850648422E43,2.923241876943002E43,500.0,1113.682584582863,1119.7155624249026,1120.192830351308,1122.4131045253953,1122.4131045253953,1122.4131045253953,1122.4131045253953,1122.4131045253953,1122.4131045253953,1122.4131045253953,true,123093,17.957087,0.052724723,0.2705725,0.02041554,5.524243,-1.0,-1.0,0.27953207,0.26030922,5.7248287,1.608404,3.2992878,1.2889465,0.56435513,1.0553715,0.054323096,0.0,10.034972,0.22550043,0.0114833675,8,0.02020898,10.029438,-6.1182847,3.9111533,0,0.5383042,8.58188863768583,2.43154509124723,1.1293977,63.99457,-12095.096,175.41211,-20835.195,6.2510166,0.73076636,5,4,0.97485155,0.7936824,3.3889856,0.22313192,0.010924492,0.21169461,22.262293,22.262293,23.559084,31
DESY3RM-123109,324.364435921214,0.256810794194428,0.2511234,0.0414,462.6883064978192,42.211249866905355,1.341238947,0.2118089409999999,0.445078735,6.262756465E42,1.02870327194945E42,1.4187769628612402E42,1.3069858940000003E43,2.5519262352799405E42,3.7909488070317704E42,1.353981823,0.215219569,0.444773761,5.922462896E38,5.922462896E38,1.6323207045041132E45,1.1617040160000001E39,1.1617040160000001E39,3.623116494453325E45,500.0,458.8095562403781,460.8299510085437,458.1164819345833,462.6883064978192,462.6883064978192,462.6883064978192,462.6883064978192,462.6883064978192,462.6883064978192,462.6883064978192,true,123109,17.53282,0.0025736259,0.26414403,0.013012669,0.29447272,-1.0,-1.0,0.26414403,0.25001824,9.553827,1.5329312,8.638529,1.2816837,0.62522376,1.0166266,0.016014703,0.0,1.2190311,0.2511234,0.009133938,1,0.0619606,10.028452,1.9387969,11.967249,1,0.6778201,324.364435921214,0.256810794194428,1.7306528,8.064089,761.0135,11.895922,-14286.653,9.5614195,0.1558344,5,4,-0.19939153,1.516514,6.8836007,0.24997422,0.008199816,0.2825578,22.480597,22.480597,23.559084,47
DESY3RM-123649,25.7660190539802,-0.0262238412903769,0.19190781,0.0279,348.2748919299659,48.50383651370382,0.7796940965,0.1571914584999999,0.1876785747,2.9192776620000005E42,7.1439712351549E41,5.2600887169274E41,4.6434206670000004E42,9.2297089773391E41,9.686874263569102E41,0.5007062624,0.2073953678,0.2250394907999999,1.84296844E42,1.5121280352269702E42,2.8554715010756003E41,2.929869513E42,2.0734203807549102E42,2.8927925070048004E41,500.0,368.77259903311295,348.63581799086165,330.4410727810082,369.23108001351915,348.2748919299659,348.2748919299659,348.2748919299659,348.2748919299659,348.2748919299659,348.2748919299659,true,123649,16.739962,0.001351185,0.19705322,0.008952946,1.7462331,0.2003247,0.2003247,0.19705322,0.18880439,8.257154,1.2888405,8.394449,1.3692372,0.607248,1.0432856,0.04242589,0.0,2.1784363,0.19190781,0.008893118,1,0.030372152,9.995625,2.705405,12.70103,1,0.63475823,25.7660190539802,-0.0262238412903769,1.8568985,-4.102939,-759.2616,26.312748,2542.603,8.257154,0.0,5,1,-0.7308119,1.6809111,4.353062,0.18871047,0.00827737,0.33426565,22.607655,22.607655,23.559084,25
DESY3RM-123774,77.6496335722882,-45.333288917645,0.102428,0.0251,1071.7746922548627,38.1065563868411,5.293181898,0.3032884679999998,0.4546529210000001,4.0684165700000006E43,7.45779356803E41,5.909803268164E41,1.3645366400000003E44,5.09554469626951E42,4.8015435583918504E42,5.221481215,0.3348674310000001,0.4451112530000003,3.6473654010000003E43,6.871846911102301E41,7.6997883838351E41,1.215046597E44,4.6115418609571604E42,4.7603319559913904E42,500.0,1221.562237793698,1030.509034082814,1077.6580355104604,1071.7746922548627,1071.7746922548627,1071.7746922548627,1071.7746922548627,1071.7746922548627,1071.7746922548627,1071.7746922548627,true,123774,13.893157,3.473234E-4,0.09647054,0.0065857917,2.769145,-1.0,-1.0,0.10876539,0.10193697,8.760569,1.4574143,7.1282864,1.0674657,0.6144782,1.0432397,0.043489862,0.0,1.9049057,0.102428,0.007509497,2,0.029933235,9.988703,0.6654855,10.654188,0,0.65188974,77.6327878169824,-45.304626995566,1.4495858,-0.17581613,-769.90533,-3.195293,4532.293,8.721615,0.2317562,5,2,-1.3517523,6.273239,9.50234,0.10155118,0.005569378,0.31310266,22.558205,22.558205,23.559084,7
DESY3RM-123946,53.8679335007329,-27.8394790855696,0.2849472,0.00768,379.07743085671945,39.6574055830538,0.9576653959,0.1277607038,0.1751379010999999,3.261050283E42,1.9585648134439404E42,1.31486887265302E42,5.494188976000001E42,2.9718820653814705E42,2.5396301127904603E42,1.018887931,0.1785777536,0.2032900529999999,3.639459209E42,1.8554127676255103E42,1.8534115510851603E42,6.297790626E42,3.32729000084427E42,2.92213105891068E42,500.0,185.4497481674163,399.3839317771984,350.8365319226444,400.745188399014,351.158342485618,399.9449349160716,351.715008848473,399.5473816293161,379.07743085671945,379.07743085671945,true,123946,17.086203,0.0033740767,0.2763961,0.012558529,1.1073749,0.2826,-1.0,0.2763961,0.28642565,8.409704,1.9281406,6.807932,1.6028751,0.6094753,1.0027834,0.005363368,0.0,0.93358165,0.2849472,0.009849704,2,0.0112645365,9.978423,-1.8219427,8.156481,0,0.6400088,53.8679335007329,-27.8394790855696,0.6741339,8.538596,-145.47731,18.324917,-1904.0668,8.409704,0.0,5,1,-0.8759029,3.0815144,7.0339036,0.28543204,0.00849806,0.28370136,22.48365,22.48365,23.559084,37
DESY3RM-124983,31.6686703150102,-5.34390391303806,0.13982819,0.0185,492.04528464267196,43.72024424165818,2.190799056,0.6097905459999999,3.2864175,1.310117458E42,9.348411565684801E41,6.0635850204094E41,3.025084903E42,2.18827155921482E42,2.1986780007918104E42,3.438827163,2.371231911,-3.438827163,4.784570584000001E41,4.784570584000001E41,6.418859796889501E41,1.3148838410000002E42,1.3148838410000002E42,1.6337941523720703E42,500.0,491.8140899649302,656.3382610711179,490.08040143984914,721.1749622333946,368.99625322406246,583.8477647643763,520.5907407374267,492.0452846426719,492.04528464267196,492.04528464267196,true,124983,14.901781,7.8409194E-4,0.13615257,0.008389021,1.1932611,-1.0,-1.0,0.13615257,0.13738763,8.257154,1.150236,8.043585,1.1580129,0.607248,1.0039788,0.0040064105,0.0,0.9901665,0.13982819,0.0071007814,1,0.023581304,9.92057,2.265706,12.186276,1,0.63475823,31.6686703150102,-5.34390391303806,1.8195366,-0.5662784,-1718.3232,13.894915,-6362.808,8.257154,0.0,5,1,-3.2281597,4.650589,8.492648,0.13749695,0.006026212,0.22781213,22.31777,22.31777,23.559084,2
DESY3RM-125182,49.0818884399158,-55.5493236328323,0.2723485,0.0124,525.3687041490732,34.14849060210013,1.681169051,0.3548134629999999,0.926343766,1.564646941E43,3.73184570903738E42,7.80855325690422E42,3.2959078620000003E43,1.289487690139897E43,1.073757565069213E43,1.988164112,0.4127465939999999,1.390833514,1.556981625E43,4.49175025246793E42,8.178356468331311E42,3.458172516E43,1.058322463912397E43,1.5036220323435741E43,500.0,526.1633368341182,493.7118148484382,505.6023523447086,525.3687041490732,525.3687041490732,525.3687041490732,525.3687041490732,525.3687041490732,525.3687041490732,525.3687041490732,true,125182,17.454187,0.001994581,0.26889893,0.012525928,1.3214526,-1.0,-1.0,0.26889893,0.27231768,9.935202,1.5061116,8.592764,1.2598854,0.6301375,1.0070599,0.0067096776,0.0,1.3010482,0.2723485,0.00959458,1,0.017235951,9.909737,2.9759111,12.885648,1,0.68986505,49.0818884399158,-55.5493236328323,1.9897919,4.416225,653.2585,4.7119675,6695.875,9.922499,0.039160036,5,3,-2.8081074,1.9743836,8.197685,0.27227405,0.008427448,0.3091165,22.548517,22.548517,23.559084,34
DESY3RM-125220,33.2121779497219,-4.59767877500207,0.16889337,0.018,508.3022147845475,66.2975444612911,2.288425499,2.288425499,-2.288425499,8.254317162E50,8.254317162E50,-8.254317162E50,1.9232460160000003E51,1.9232460160000003E51,-1.9232413667965133E51,1.117127673,1.117127673,-1.117127673,6.840005146000001E52,6.840005146000002E52,-6.840005146000002E52,1.234038433E53,1.234038433E53,-1.2340324063424419E53,500.0,414.09579196228765,135.61500618774622,412.1109547028084,694.4033268406458,524.3501605234245,508.3022147845475,508.3022147845475,508.3022147845475,508.3022147845475,508.3022147845475,true,125220,15.765054,9.917603E-4,0.15647706,0.008880814,0.95438933,0.15724467,0.15724467,0.15647706,0.16581231,7.479151,1.0540346,6.197733,0.92964685,0.5953474,1.0153852,0.01622216,0.0,1.1218159,0.16889337,0.00966497,1,0.020289537,9.907656,2.4348125,12.342468,1,0.6071111,33.2121779497219,-4.59767877500207,1.967584,7.406806,3612.7676,37.7544,11368.813,7.474142,0.027690327,5,2,-2.7677524,3.1115553,7.5777,0.16582415,0.009099094,0.25768486,22.410929,22.410929,23.559084,17
DESY3RM-126035,30.7414149720299,-6.29982523420203,0.24699353,0.0208,404.07341615229285,40.05455134914203,1.055276263,0.1656188636000001,0.1779739039999999,4.469416572E42,1.4573520761244402E42,1.0702831710341002E42,7.874627086E42,2.3073961927685803E42,1.10044237116793E42,1.036924989,0.1565058252000001,0.1488057629999999,4.096199476000001E42,1.10652939937949E42,7.9955543757818E41,7.155638848E42,1.5813786676642203E42,2.36603969865711E42,500.0,372.0239007143515,402.3256755906853,405.653399379814,404.07341615229285,404.07341615229285,404.07341615229285,404.07341615229285,404.07341615229285,404.07341615229285,404.07341615229285,true,126035,17.276896,0.004082954,0.24903397,0.011753444,3.0993583,0.24620405,-1.0,0.24935396,0.24547924,7.6774654,1.5773224,10.575911,1.7518606,0.59847164,1.006353,0.0046537095,0.0,3.0713177,0.24699353,0.00852618,2,0.027675526,9.862922,2.553561,12.416483,0,0.61430305,30.7206578181355,-6.31053072436005,1.0973978,9.81829,-2353.3176,23.399427,-5320.6475,9.209836,1.2534316,5,3,-0.7684722,1.8456231,7.5373406,0.2456326,0.0075660036,0.2008986,22.222717,22.222717,23.559084,17
DESY3RM-128108,50.4851014633061,-37.2127398987747,0.27948636,0.0217,318.99415799380796,55.78140864657694,,,,,,,,,,0.1502344652,0.09605490611,0.038075832,2.5800902050000003E39,2.5800902050000003E39,2.5494745694560003E41,4.824644273000001E40,4.824644273000001E40,8.41516122414108E42,500.0,1419.3675698328182,557.933646642939,613.0271872186654,246.17009862166339,351.53237332382656,2181.1987495687235,482.12430652665375,272.16940048429626,351.6077272913124,318.99415799380796,true,128108,19.308716,0.6913408,0.21944155,0.06855799,2.0264733,-1.0,-1.0,0.45137855,0.43389753,15.899897,2.0102713,1.3466511,0.8989344,0.69227535,1.0150367,0.01043436,0.0,2.8772783,0.27948636,0.022556651,10,0.020070558,9.747,-39.994675,-30.247675,0,0.85243654,50.4742854266156,-37.2366149204332,2.6801145,-0.09598992,-38.395966,35.24467,-770.1353,15.380182,0.92842287,5,2,0.26714286,0.38025913,13.916151,0.27974063,0.022039084,0.22870643,22.320732,22.320732,23.559084,3
DESY3RM-129512,20.9549210935916,-0.509385675067243,0.24987179,0.0332,407.98070012295494,62.61244516725715,0.9703306364,0.4211584641999999,0.5228548696000002,2.632847981E42,1.6637719568092002E42,1.24668836214687E42,4.464485525E42,2.9213381878780403E42,2.8138864855818905E42,0.9112051496,0.4091455371,0.4165707404000001,2.493545571E42,1.60986661715766E42,9.170096170159302E41,4.126165039000001E42,3.151708291537491E42,2.07363000033348E42,500.0,392.7277760608599,408.0298666559362,382.3574005666787,444.90431026157984,389.6676242895965,407.98070012295494,407.98070012295494,407.98070012295494,407.98070012295494,407.98070012295494,true,129512,16.607653,0.0019077768,0.26177454,0.012118251,1.6508677,0.2539279,0.2539279,0.26177454,0.2480464,10.057241,1.5800496,10.514891,1.5923179,0.63167804,1.0078737,0.006253257,0.0,2.8832417,0.24987179,0.008305409,1,0.032196242,9.6706705,2.9099786,12.580649,1,0.69366556,20.9549210935916,-0.509385675067243,1.5355486,-5.484674,1829.0033,-37.15499,5767.7715,10.057241,0.0,5,1,-3.4157925,3.514029,7.889135,0.24865822,0.0072813598,0.20566048,22.240429,22.240429,23.559084,66
DESY3RM-130134,34.5089633785968,-9.62239230082479,0.17031981,0.0287,401.08835920935815,57.98820504897822,0.990950125,0.2336311432,0.3247379849999999,4.1229672760000006E42,1.1444665294171901E42,7.396007624354701E41,7.06558789E42,1.6234760716896902E42,1.78733960747445E42,1.099527479,0.1726885597999999,0.377967994,3.1942960190000007E42,1.63615148446879E42,8.3755809875592E41,5.738694807E42,2.6553158730632804E42,2.3102940868432802E42,500.0,403.2521729511814,401.92699378884544,404.85489647814126,401.08835920935803,401.08835920935815,401.08835920935815,401.08835920935815,401.08835920935815,401.08835920935815,401.08835920935815,true,130134,16.245476,0.0011861755,0.17014357,0.008970778,2.2279198,0.15970914,0.15970914,0.17014357,0.16722716,8.623274,1.2152885,8.348684,1.1346642,0.61253995,1.0088964,0.009390931,0.0,2.0983043,0.17031981,0.010445138,10,0.021608492,9.637877,3.7377672,13.375645,1,0.6472724,34.5089633785968,-9.62239230082479,1.6574992,11.220925,-4488.37,48.285843,6539.9526,8.623274,0.0,5,1,-1.5548683,2.035141,4.3837295,0.16722897,0.009925192,0.19110964,22.18495,22.18495,23.559084,33
DESY3RM-130399,36.6758338854874,-3.6899028548235,0.21230775,0.0239,333.467564946825,32.46140585527302,0.764993558,0.1037316015,0.0968913684,2.3605546490000004E42,8.3233268887466E41,1.0658990430241202E42,3.732537801E42,1.1784561819490701E42,1.3108904478582601E42,0.7646612591,0.0956070449,0.0951982500999999,2.024208197E42,9.557948727302701E41,6.8543427540045E41,3.200408683E42,1.4970502562884402E42,1.34520524429295E42,500.0,388.52555525092896,305.9236577621177,367.5968349560445,333.467564946825,333.467564946825,333.467564946825,333.467564946825,333.467564946825,333.467564946825,333.467564946825,true,130399,16.776966,0.0024594597,0.20656066,0.009877557,0.09982313,0.20963633,0.20963633,0.20656066,0.2093935,8.135115,1.0381823,8.653784,1.3748614,0.6054423,1.0086279,0.0065323897,0.0,0.10830326,0.21230775,0.007473982,1,0.02787199,9.623005,3.6289532,13.251958,1,0.63051915,36.6758338854874,-3.6899028548235,1.6818225,3.0175245,-460.424,9.513332,8126.1304,8.082853,0.10178761,5,3,-2.469697,2.045507,7.6842113,0.20947123,0.006666915,0.17880164,22.134619,22.134619,23.559084,43
DESY3RM-131021,38.4316260473755,-4.74832455970597,0.24007024,0.022,380.0134652904728,41.87085741684523,1.136798884,0.1795996061,0.1512049469999998,5.4148897230000006E42,1.15192617973808E42,1.6139905337960702E42,9.835414665E42,2.2580515167253403E42,2.37451321704026E42,1.086284813,0.1013994671,0.16958984,3.8104121030000005E42,1.02891707426896E42,1.12729330866641E42,6.815544893000001E42,2.4073892506595303E42,1.8028951879911303E42,500.0,351.892117941703,432.66678716935303,375.37370898747974,424.1491519017319,378.39936741676956,421.08622007861067,380.0134652904728,380.0134652904728,380.0134652904728,380.0134652904728,true,131021,16.807323,0.0014704448,0.23504625,0.010296926,1.6571945,0.23583613,0.23583613,0.23504625,0.23837925,8.11986,1.144034,6.121458,1.1702733,0.605215,1.0087032,0.0094263395,0.0,1.6565213,0.24007024,0.008291918,1,0.026463218,9.5911665,3.6651857,13.256352,1,0.6299868,38.4316260473755,-4.74832455970597,1.6516501,0.38075253,-1059.2097,-10.745313,2212.5386,8.11986,0.0,5,1,-2.6258793,2.6551688,6.9987435,0.23836274,0.0073764776,0.27069327,22.448164,22.448164,23.559084,37
DESY3RM-131217,357.412987925445,-53.7995082497237,0.26417544,0.0113,1112.8489469724302,73.13028930674969,6.633184699,0.7310965009999997,1.1123796629999996,8.363537165000001E43,3.00784244480108E42,3.7439589367849606E42,3.1452203800000003E44,2.224444350324078E43,1.805466955113941E43,7.202745805,1.285990496,1.6139520729999992,5.346816483E43,2.1851219326398104E42,2.95192580061571E42,2.091066186E44,2.8307977073498907E43,1.445495149654344E43,500.0,1046.0647591946213,1089.6775718032352,1103.452808647632,1112.8489469724302,1112.8489469724302,1112.8489469724302,1112.8489469724302,1112.8489469724302,1112.8489469724302,1112.8489469724302,true,131217,17.227375,0.0017335358,0.29401025,0.012941201,0.5703158,-1.0,-1.0,0.26379693,0.2529994,6.274008,1.5145477,6.5333424,1.2683315,0.57478976,1.0383993,0.038526434,0.0,4.2857933,0.26417544,0.011884118,3,0.009490667,9.581474,-0.6134819,8.967993,0,0.56095743,357.406575327492,-53.7934767470579,1.9179202,6.188382,1693.4786,48.39284,7498.046,6.3460927,0.41369382,5,4,0.17375268,2.2660825,5.244336,0.26369762,0.011057853,0.28376362,22.483816,22.483816,23.559084,39
DESY3RM-132021,317.226762856487,-46.4717312693893,0.16488732,0.0241,413.8629602850353,16.937532564011416,1.211239348,0.0773800310000001,0.0671016609999999,2.9547675990000004E42,3.4421653647201003E41,1.9342386964285E41,5.5158943880000004E42,6.0342016259308E41,5.9273797273298E41,1.015247313,0.0800943435999999,0.1894655300000001,1.396281814E42,3.1628713143151E41,3.0762566284988004E41,2.4232497910000003E42,4.4046983490936006E41,5.4889335046043E41,500.0,401.8985950764929,461.18421009338596,395.6481650884739,413.8629602850353,413.8629602850353,413.8629602850353,413.8629602850353,413.8629602850353,413.8629602850353,413.8629602850353,true,132021,15.932617,5.7360594E-4,0.17148387,0.010041485,2.8661242,-1.0,-1.0,0.17148387,0.16191888,9.477552,2.2880476,9.675867,1.131425,0.6242222,1.2437625,0.19621749,0.0,3.6122544,0.16488732,0.008853476,10,0.028228646,9.539816,3.0455327,12.585348,1,0.6753796,317.226762856487,-46.4717312693893,1.8277242,4.034261,-209.65852,34.851788,4273.652,9.477552,0.0,5,1,-2.1358325,2.5346038,6.429746,0.16188733,0.008226468,0.26546633,22.433422,22.433422,23.559084,3
DESY3RM-132272,36.7707602241289,-42.0116223465925,0.16819166,0.0146,486.0683204826053,80.3588291333034,1.366557663,0.3871868733,1.047350831,1.180680541E42,1.1491929576691902E42,9.035925178395601E41,2.4908486800000002E42,2.35489187199163E42,2.6495660091743202E42,1.366249138,0.6077724952999999,0.7563408930000002,1.141362109E42,1.141362109E42,1.3862535123546001E42,2.407760764E42,2.407760764E42,3.3880007282877503E42,500.0,486.289203563692,486.25711873359245,485.7521681384387,486.0683204826052,486.06832048260526,486.0683204826053,486.0683204826053,486.0683204826053,486.0683204826053,486.0683204826053,true,132272,16.397726,0.0011662676,0.17027903,0.008487227,3.5376515,-1.0,-1.0,0.17027903,0.16513756,8.897863,1.3494091,9.477552,1.1177377,0.6163922,1.0053239,0.0057424116,0.0,3.5305665,0.16819166,0.0071653724,1,0.013981785,9.525446,3.5890524,13.114498,1,0.6564675,36.7707602241289,-42.0116223465925,1.4085975,13.666678,223.78142,46.641422,7273.4536,8.879823,0.17847331,5,2,-0.581314,1.7218416,5.802809,0.16513373,0.0063804034,0.22332983,22.302746,22.302746,23.559084,6
DESY3RM-132333,351.77790508236,-54.0345862281211,0.11420034,0.01,384.45008287915005,21.922769531413426,0.8654048829,0.0782248977999999,0.1846440861000001,9.374868544000002E18,9.374868544000002E18,4.6489556718975004E41,1.5337349760000002E19,1.5337349760000002E19,8.2960658486818E41,0.04399702737,0.0266080639699999,0.15083657193,2.9575338790000003E41,2.9575338790000003E41,-2.2232490960607E41,1.6446917990000003E46,1.6446917989999997E46,1.3491074332629644E48,500.0,400.4907795748116,383.820360676084,385.3298618566901,384.45008287915005,384.45008287915005,384.45008287915005,384.45008287915005,384.45008287915005,384.45008287915005,384.45008287915005,true,132333,14.720275,3.7732188E-4,0.1100284,0.0070745545,1.3469636,-1.0,-1.0,0.1100284,0.112292156,9.538572,1.4985352,7.5401707,1.5203915,0.62502396,1.0147326,0.015461216,0.0,0.63684565,0.11420034,0.0077043297,1,0.011261576,9.522325,3.6449795,13.167304,1,0.6773329,351.77790508236,-54.0345862281211,1.1282555,10.8480015,-3448.5725,33.146355,-9414.191,9.511258,0.28081563,5,2,-2.5906916,3.645879,9.373818,0.11283514,0.0061784494,0.35106826,22.644735,22.644735,23.559084,53
DESY3RM-132386,52.966068731692,-28.1837721780387,0.22492371,0.0067,517.7732244007244,22.01324132820826,1.614128736,0.095240927,0.0871053729999999,8.064877238E42,6.7477987108571005E41,5.828655471140401E41,1.6735943300000002E43,1.1663683348952901E42,1.60908571261432E42,1.621450415,0.098798482,0.090141252,7.555091986E42,6.5673086952564006E41,7.3686054661214E41,1.5703698780000002E43,1.5499210082633003E42,1.5094667991698702E42,500.0,518.8511160620722,517.7889790026031,518.1745008252631,517.7732244007243,517.7732244007244,517.7732244007244,517.7732244007244,517.7732244007244,517.7732244007244,517.7732244007244,true,132386,16.341543,0.0014303635,0.21365392,0.009700934,0.8058854,0.214,-1.0,0.22737245,0.22284965,10.209791,1.8807697,13.291296,2.0139952,0.6335828,1.0199083,0.023171049,0.0,0.95036894,0.22492371,0.0068965387,2,0.009248584,9.519578,2.436842,11.95642,1,0.69838065,52.9382089040211,-28.1820780382584,0.7695702,12.234676,-7074.911,33.819447,-10846.865,10.740059,0.5493735,5,3,-0.17127374,3.4934282,9.659889,0.22253165,0.005924355,0.30058813,22.527365,22.527365,23.559084,69
DESY3RM-134380,322.062224472154,-44.9942646990988,0.27846262,0.0204,336.39251992372067,49.10169226066308,0.7523659959,0.1677116257999999,0.2641995460999999,6.898243301E42,3.6749218617546804E42,2.27551696060141E42,1.175084625E43,6.309168616124041E42,3.57452290109641E42,0.7556405028,0.2010510487999999,0.2811047561999999,5.974209818E42,4.49293616725078E42,2.0669354803081E42,1.0183175940000001E43,7.007010106783372E42,4.9615236533905605E42,500.0,559.6719857950405,323.9478856136063,338.0705065000887,336.39251992372067,336.39251992372067,336.39251992372067,336.39251992372067,336.39251992372067,336.39251992372067,336.39251992372067,true,134380,16.657824,0.0020894238,0.2814985,0.012573537,0.7687193,-1.0,-1.0,0.2814985,0.2786975,8.897863,1.2999052,7.387621,1.3476101,0.6163922,1.0065107,0.007454739,0.0,0.8674678,0.27846262,0.01135822,1,0.021389019,9.416067,2.7153964,12.131464,1,0.6564675,322.062224472154,-44.9942646990988,1.4275947,7.275597,-2773.2,-13.98714,2647.7222,8.897863,0.0,5,1,-4.064159,4.331191,8.463005,0.27867135,0.010307021,0.24619803,22.376451,22.376451,23.559084,77
DESY3RM-134572,15.411132841624,-0.369739154306738,0.19493884,0.0322,481.28350292263036,64.31764514931079,1.092517683,0.1595322443000001,0.455867373,1.2338274470000001E42,8.694603137375301E41,4.405341958306801E41,2.216096058E42,1.2056536595691201E42,1.68635436735726E42,1.254602714,0.3559821885999999,0.8553887419999999,1.011437828E42,7.861873693561801E41,4.8294445254127E41,1.915981374E42,1.42102601127198E42,1.3759337094663102E42,500.0,461.1530676750465,476.69777573696814,462.7232602804212,481.28350292263025,481.2835029226303,481.28350292263036,481.28350292263036,481.28350292263036,481.28350292263036,481.28350292263036,true,134572,16.911001,0.0028096288,0.19225402,0.010287154,0.15506335,0.19165874,0.19165874,0.19225402,0.19174062,9.965712,1.7561845,9.477552,1.5830499,0.63052404,1.0397314,0.03870458,0.0,0.13041522,0.19493884,0.0068471287,1,0.033179186,9.407024,3.1364024,12.5434265,1,0.6908176,15.411132841624,-0.369739154306738,1.3801275,-0.76713824,-184.48924,-6.968559,-3508.423,9.937388,0.17817383,5,3,-0.13719523,1.4872131,7.7849455,0.19176404,0.0060204887,0.2318264,22.330976,22.330976,23.559084,24
DESY3RM-134747,24.302478604744,-34.9581878229825,0.15732871,0.0174,522.8753353431657,15.355227031801396,1.541579099,0.0351595659999999,0.0340504289999998,1.865942463E43,5.3592315118592005E41,4.7457983945042E41,3.8309715000000003E43,1.2121856545887001E42,1.40989903254924E42,1.542410085,0.0359779659999999,0.034821194,1.765273811E43,5.373447207836401E41,4.0352894528265004E41,3.6249370610000003E43,1.56342477733585E42,1.19744785367658E42,500.0,519.247513711452,522.3868218823355,523.0389730983733,522.8753353431657,522.8753353431657,522.8753353431657,522.8753353431657,522.8753353431657,522.8753353431657,522.8753353431657,true,134747,15.911284,8.035879E-4,0.15134248,0.009067804,1.2670693,-1.0,-1.0,0.13760628,0.14906748,5.7705936,1.0048602,6.228243,0.91170603,0.56525457,1.0249228,0.02533103,0.0,1.2585534,0.15732871,0.008657289,3,0.01633348,9.398427,1.6061144,11.004541,1,0.5402364,24.3054609571601,-34.9591139901846,2.1024451,6.008203,-2615.047,27.347898,-9755.545,5.9368834,0.29760653,5,2,-2.3900726,2.3393502,4.5506716,0.15449086,0.0079768235,0.25348362,22.3985,22.3985,23.559084,65
DESY3RM-136156,11.0032426476215,-20.5878391868647,0.2528759,0.0133,610.9756141075251,98.0579308218198,2.496810479,0.801243098,1.4094385469999997,5.733475237E42,5.733475237E42,1.9424702881958862E45,1.379263127E43,1.379263127E43,4.1852063204721275E45,0.3105331585,0.0689537651,0.1878129771,2.9751059250000004E42,2.97510592499999E42,-2.97510592499999E42,5.801695918E42,5.801695918E42,-5.801695918E42,500.0,561.3644016105283,641.9233245462772,612.6995102727906,488.0571408475883,605.1979216272748,610.975614107525,610.9756141075251,610.9756141075251,610.9756141075251,610.9756141075251,true,136156,17.532707,0.0054412205,0.2835708,0.014252632,0.23916781,-1.0,-1.0,0.2835708,0.25709093,9.706377,1.7589563,12.681097,1.8171035,0.62720776,1.0076799,0.004423627,0.0,3.6227486,0.2528759,0.00865258,1,0.017991664,9.3282795,1.1721753,10.500455,1,0.6826693,11.0032426476215,-20.5878391868647,1.4067705,18.31286,-2566.0205,62.52362,-4495.7495,9.706377,0.0,5,1,0.12614499,1.5428076,5.5448146,0.25181717,0.007638175,0.13237469,21.907316,21.907316,23.559084,28
DESY3RM-137331,31.6482643093307,-7.56988187780735,0.29333156,0.0173,382.3551235510961,51.3192175019861,1.085213772,0.1348098412999999,0.215596106,4.538629588E42,4.538629588E42,1.8534217527116003E41,8.062117188E42,8.062117188E42,4.9638343147476005E41,1.071926937,0.1572036017999999,0.2382394890000001,1.8822456760000003E42,1.50201722615529E42,1.1088061511170001E42,3.323052746E42,2.17735459753365E42,2.2233446570050902E42,500.0,296.6262180947627,395.48268725835516,371.53090329821106,294.9919255939804,392.8184565292804,382.3551235510961,382.3551235510961,382.3551235510961,382.3551235510961,382.3551235510961,true,137331,17.509592,0.0043745246,0.2880795,0.013946009,1.8401431,0.29239535,0.29239535,0.2880795,0.2940645,9.950457,1.9188523,11.445444,1.8770052,0.6303309,1.0600677,0.053926703,0.0,1.6518202,0.29333156,0.012615453,1,0.02277121,9.270247,3.3491933,12.619441,1,0.69034153,31.6482643093307,-7.56988187780735,1.6604614,14.217375,1015.2041,36.942158,-581.6381,9.950925,0.007307925,5,2,-2.1291592,2.2321982,6.704236,0.2941262,0.01146514,0.22356431,22.30354,22.30354,23.559084,96
DESY3RM-138373,54.9098309704665,-35.0670814152368,0.163597,0.0161,411.72706995954724,31.23542965985025,1.218898574,0.209431796,0.117454436,1.662392661E42,8.138149292110301E41,9.385882175999402E41,3.1128130170000004E42,1.7308448270138E42,1.4300995324665102E42,1.220298809,0.211165161,0.119733498,1.227117258E42,1.0181741473689002E42,7.5673875380532E41,2.298879776E42,1.39829874431039E42,1.63787113727977E42,500.0,409.2502976515104,460.40051991058044,410.8499830640744,455.39320781140077,411.72706995954724,411.72706995954724,411.72706995954724,411.72706995954724,411.72706995954724,411.72706995954724,true,138373,15.996938,0.0014191511,0.15986308,0.009089541,1.5301175,-1.0,-1.0,0.15986308,0.16065349,10.66744,1.7313204,7.0825214,1.3234651,0.6391636,1.0050548,0.0055738534,0.0,1.2959213,0.163597,0.008333073,1,0.013884267,9.219182,4.1000557,13.319238,1,0.712298,54.9098309704665,-35.0670814152368,1.2324677,10.249754,-3076.835,24.265738,-13106.249,10.669452,0.0067658233,5,2,-2.7192533,2.3480127,7.2277727,0.16062199,0.0076600527,0.23400694,22.338055,22.338055,23.559084,99
DESY3RM-138919,9.16934628805075,-44.2008863442144,0.21198522,0.0241,568.9180071526645,36.7757358559976,2.167833353,0.1265424539999999,0.3426758380000003,8.458195500000001E42,8.983941774748301E41,1.1310968147332401E42,1.934443041E43,2.4562957398327503E42,3.41382802393301E42,2.171217308,0.123387884,0.3691364239999997,8.085828805E42,9.870788296393401E41,1.30431234337285E42,1.8502389990000003E43,2.13578474584038E42,3.0841953522015906E42,500.0,624.4366258041701,559.4859205074299,616.728674403874,568.9180071526645,568.9180071526645,568.9180071526645,568.9180071526645,568.9180071526645,568.9180071526645,568.9180071526645,true,138919,15.41497,0.0012189194,0.20022422,0.008814013,1.4194019,0.20811,0.20811,0.20022422,0.20917141,9.019903,1.2816281,7.5554256,1.5024948,0.6180739,1.0050749,0.0040727668,0.0,0.3950136,0.21198522,0.0085846335,1,0.009038701,9.192074,-0.33488595,8.857188,1,0.66050404,9.16934628805075,-44.2008863442144,1.6184145,-1.6855955,267.3033,13.53103,-1233.4329,9.019903,0.0,5,1,-3.2438529,7.1488314,11.444246,0.2091394,0.007893308,0.21306513,22.267172,22.267172,23.559084,98
DESY3RM-139395,28.557727828135,-59.7423938728861,0.27890274,0.0197,415.1325853959642,25.699629851843138,1.092869059,0.083843837,0.2004895239999999,6.851790399000001E42,2.132900587255E42,1.8617372567721304E42,1.225341698E43,4.6522158458845E42,4.6399981245738006E42,0.02313824063,0.00589200407,0.0049359044199999,4.5889938400000004E41,4.5889938400000004E41,-4.551475576018001E41,1.657067058E49,1.657067058E49,-1.5799747259215902E49,500.0,344.88518613351795,351.72234175885615,396.66688883382227,415.1325853959642,415.1325853959642,415.1325853959642,415.1325853959642,415.1325853959642,415.1325853959642,415.1325853959642,true,139395,17.240473,0.001953748,0.25953266,0.012477589,0.38199607,-1.0,-1.0,0.25953266,0.27789515,12.925177,2.026395,12.314978,2.0561788,0.6641823,1.0199329,0.020947631,0.0,1.0235897,0.27890274,0.009381146,10,0.022466602,9.167061,0.054721296,9.221782,1,0.7765708,28.557727828135,-59.7423938728861,0.81881815,-1.3418498,-2641.4292,-18.999199,-1970.2928,12.5848,0.83217794,5,4,-0.014435806,2.5426712,11.650728,0.27913108,0.008068443,0.33143166,22.601217,22.601217,23.559084,55
DESY3RM-139424,16.8407211059522,-0.162698923119163,0.25635806,0.0321,604.6980202964027,131.98297907856227,2.165375533,0.8038826810000002,5.774121879999999,3.5071626980000006E42,3.36957265766314E42,1.9450768078270903E42,8.030552713E42,6.36834676906563E42,8.22942206481925E42,2.178659027,0.6807936430000001,8.229072712999999,2.9409285550000004E42,2.9409285550000004E42,1.4147053709830202E42,6.747650110000001E42,6.74765010859819E42,3.3369161602498807E42,500.0,606.1526347097301,606.029301413233,605.1896120416321,604.6980202964027,604.6980202964027,604.6980202964027,604.6980202964027,604.6980202964027,604.6980202964027,604.6980202964027,true,139424,17.268211,0.0022146215,0.21409988,0.019998128,17.624743,-1.0,-1.0,0.21409988,0.25548318,10.347086,1.6619704,8.958883,1.6355001,0.6352777,1.003891,0.0054715998,0.0,22.560518,0.25635806,0.009613024,1,0.031656556,9.165786,1.0680654,10.233851,1,0.7025913,16.8407211059522,-0.162698923119163,1.3650299,-2.3871891,-954.8756,-30.499851,741.3153,10.290362,0.31036872,5,2,-0.47910354,2.033715,7.314111,0.25547937,0.008671101,0.27540967,22.461224,22.461224,23.559084,13
DESY3RM-141217,52.1328371491347,-27.8830115001526,0.22044726,0.00757,452.2102141659923,27.144973582051485,1.198764448,0.1539376189999999,0.0984048130000001,2.092952284E42,2.092952284E42,-1.152807211600481E39,3.861614932E42,3.861614932E42,-4.162634680054E41,1.192549356,0.1730389350000001,0.1150978229999999,1.617266143E42,1.617266143E42,-7.422089196046201E41,2.97785597E42,2.97785597E42,-1.0575024197304302E42,500.0,410.4258801683158,481.77643730351855,430.57758035160293,452.2102141659923,452.2102141659923,452.2102141659923,452.2102141659923,452.2102141659923,452.2102141659923,452.2102141659923,true,141217,16.570356,0.0018446965,0.22663105,0.010702825,0.9478625,0.21731,-1.0,0.22663105,0.21792963,9.096178,1.4202482,8.714804,1.4853338,0.61911565,1.0121746,0.010669512,0.0,1.5537984,0.22044726,0.0071542202,1,0.0097059775,9.080166,3.6500952,12.730261,1,0.66301167,52.1328371491347,-27.8830115001526,1.3478945,-4.8120008,844.207,17.840166,5470.5127,9.096178,0.0,5,1,-2.5329287,2.7012851,7.250767,0.21788141,0.0062564174,0.32720718,22.591518,22.591518,23.559084,51
DESY3RM-142430,37.0356387631512,-5.59472933407861,0.19736433,0.0215,427.5520461239681,19.38067212236316,1.090860826,0.0308053609999998,0.1231230600000001,5.0161323390000005E42,1.46246666209165E42,5.539239167294301E41,8.982382133E42,2.8120237693085404E42,1.25363002512971E42,1.091768495,0.0596512369999999,0.080290873,2.6685955620000003E42,9.922996916951202E41,8.206721568045E41,4.779930706E42,1.6609098585904502E42,1.62911911013519E42,500.0,450.5838023470219,434.60494695639585,419.32297521322494,427.55204612396807,427.5520461239681,427.5520461239681,427.5520461239681,427.5520461239681,427.5520461239681,427.5520461239681,true,142430,15.726816,8.455091E-4,0.1842343,0.01031652,0.84512436,0.19118765,0.1929366,0.19764835,0.19508399,7.387621,1.1019945,8.21139,1.2077457,0.59388304,1.0149493,0.016120218,0.0,0.40586725,0.19736433,0.007988294,2,0.02613681,9.022513,3.1236725,12.146186,1,0.6037563,37.0324930575529,-5.58742714310219,1.6390892,17.024244,-4529.766,41.978104,-898.0151,7.436402,0.1270132,5,2,-4.5263515,4.5561457,8.602309,0.19421534,0.0072876853,0.27776876,22.467672,22.467672,23.559084,69
DESY3RM-142775,349.15352015024,-56.2365753834361,0.230705,0.0131,405.3341057520567,32.23083534946976,1.089659944,0.0963029145,0.150003895,3.6563703560000005E42,8.750527885046E41,8.816323014123101E41,6.535733733E42,2.2120845231797502E42,1.7807551617869202E42,1.1911661,0.2151353515999999,0.2004884279999998,3.2598438010000006E42,1.0332661350587902E42,8.101833332620001E41,6.014642154E42,2.0795810178277302E42,1.51278427557066E42,500.0,374.3970280367745,416.3962841349637,411.1753580483245,405.3341057520567,405.3341057520567,405.3341057520567,405.3341057520567,405.3341057520567,405.3341057520567,405.3341057520567,true,142775,17.599327,0.004517332,0.22271751,0.010979576,0.7439632,-1.0,-1.0,0.22271751,0.22854054,8.577509,1.4246638,8.333429,1.4112155,0.6118884,1.0142035,0.0152979065,0.0,0.965874,0.230705,0.008361722,1,0.015420908,9.00704,1.9839628,10.991003,1,0.64572436,349.15352015024,-56.2365753834361,1.4300255,28.097729,-4948.222,34.913692,7074.946,8.571569,0.17049338,5,3,0.14070791,1.1641167,3.9203932,0.2285587,0.0075379447,0.23692413,22.347422,22.347422,23.559084,70
DESY3RM-143950,38.6699073496556,-5.07175828545197,0.18055703,0.021,370.35628603754975,200.45567013854804,0.1866758989,0.11205631143,0.1106898198,1.809094233E42,1.8090942329999903E42,1.2797438013882E42,8.762810094000001E42,8.370420969583001E42,4.392908122349911E42,0.2160715378,0.12739977915,0.1186887275999999,1.7664434980000003E42,1.74436220085707E42,9.759276190161101E41,5.231908461E42,5.2213375235421005E42,3.2048548329602805E42,500.0,2670.209011844212,652.5672857407033,283.6276413089011,354.68304938068724,370.3562860375495,370.3562860375496,370.35628603754964,370.35628603754975,370.35628603754975,370.35628603754975,true,143950,17.021246,0.0015276888,0.18117715,0.010659461,0.82398033,-1.0,-1.0,0.18117715,0.17394659,11.491209,2.3149738,8.424959,1.3753183,0.6487437,1.0748146,0.069869,0.0,0.8757678,0.18055703,0.0068829595,1,0.025924472,8.951995,0.6857702,9.637765,1,0.7365449,38.6699073496556,-5.07175828545197,1.1215609,12.968699,5716.739,46.94221,39784.01,11.491209,0.0,5,1,0.72792184,1.1305957,6.463396,0.17736083,0.0060736733,0.29981792,22.525425,22.525425,23.559084,48
DESY3RM-145993,38.0860167848401,-10.4257404744788,0.17449373,0.0217,403.9054241691155,17.51925171315299,0.992398533,0.0466036326,0.042639193,1.9396401080000003E42,2.0442110932678E41,2.1613445680231E41,3.331787401E42,4.098935656611901E41,3.4697252337121004E41,0.9456854941,0.0879472019,0.0788285088999999,7.744803049E41,2.0644241560732002E41,1.7411458348663E41,1.304068546E42,3.8844856986117005E41,3.6913737441856005E41,500.0,399.821061029113,403.980361077789,403.50829162256076,403.9054241691155,403.9054241691155,403.9054241691155,403.9054241691155,403.9054241691155,403.9054241691155,403.9054241691155,true,145993,15.39326,0.0013725716,0.16173668,0.008081546,6.588858,-1.0,-1.0,0.17003405,0.17597301,9.614847,1.5686343,7.96731,1.4488435,0.6260204,1.0043672,0.0018267223,0.0,6.8744936,0.17449373,0.006898783,3,0.025484793,8.857756,-0.86183155,7.995924,1,0.67976487,38.0586372374502,-10.3953864315665,0.8445266,8.2707405,2798.9644,14.156761,-5114.347,9.603982,0.0812838,5,2,-0.25528198,4.6994085,11.058906,0.17134897,0.0060880375,0.19524206,22.201124,22.201124,23.559084,89
DESY3RM-146870,73.1792075977654,-18.2191788747019,0.18383743,0.032,865.4825438789309,106.83541910008512,4.402984422,0.942968221,2.200946205,1.8653202150000002E43,1.3683099881736101E42,1.57824155800763E42,5.833978545E43,1.3121223435370382E43,7.366341137763681E42,4.524196537,0.9673578039999996,2.301435648,1.8267419490000002E43,1.64982861966681E42,1.43435742521227E42,5.773908995000001E43,1.408035941517209E43,6.3982777694648E42,500.0,767.5010096688704,888.8342284473616,1472.569019245176,645.2837214860691,771.6640499514443,896.8469854715684,1517.7764207489167,603.6779666329068,809.1732789397549,865.4825438789309,true,146870,16.916054,0.0036636489,0.18343651,0.010556094,0.21947968,-1.0,-1.0,0.18343651,0.1806693,8.8368435,1.5068784,8.897863,1.3096929,0.61554444,1.014039,0.018382354,0.0,0.20199266,0.18383743,0.007171081,1,0.043762896,8.818045,2.550334,11.368379,1,0.6544378,73.1792075977654,-18.2191788747019,1.2818528,4.941097,3751.9336,23.205296,20529.71,8.8368435,0.0,5,1,0.4060695,1.2968663,4.6736813,0.18062769,0.006398224,0.19106099,22.184757,22.184757,23.559084,58
DESY3RM-147261,34.1985138783979,-4.60672971972188,0.29843363,0.0184,462.5639475135426,31.033877465594287,1.448924033,0.168134338,0.254198774,2.8458615100000004E42,1.2889888084836402E42,8.0161952529403E41,5.625780089E42,3.53602006158996E42,1.0923506669775301E42,1.647705738,0.325198587,0.7227686960000002,2.8315946760000004E42,2.0735570157567703E42,1.9334365017475004E41,5.841151623000001E42,5.841151623000001E42,2.8192008622348E41,500.0,569.1250124622958,446.15855631432856,456.1222113600705,462.5639475135426,462.5639475135426,462.5639475135426,462.5639475135426,462.5639475135426,462.5639475135426,462.5639475135426,true,147261,16.804138,0.002868911,0.30217713,0.013482615,0.91097385,0.2924014,-1.0,0.30217713,0.30123442,14.237104,2.7475965,11.933603,1.9279938,0.6771491,1.1135867,0.10184483,0.0,0.957308,0.29843363,0.009406728,10,0.019031456,8.801226,2.7177453,11.5189705,1,0.81109995,34.1985138783979,-4.60672971972188,1.6577878,7.248168,-784.47876,73.18865,-1090.5569,14.237104,0.0,5,1,-4.1588054,4.4495664,16.69783,0.29938495,0.007672088,0.26913467,22.443798,22.443798,23.559084,98
DESY3RM-148023,35.3666030164029,-4.56951613275369,0.15734284,0.0193,524.9738846498745,70.80241234649263,0.230759846,0.0637457106999999,0.0779129070999999,1.123132791E42,1.123132791E42,-7.2169861152390005E40,3.1642140970000005E42,3.1642140970000005E42,6.808235002609901E41,0.1986457325,0.15005844341,0.0772256928999999,9.395584025000001E41,9.395584025000001E41,6.348183258433001E40,3.9619216630000007E42,3.9619216630000007E42,-6.695205961057E40,500.0,494.9834638691965,489.1862672094117,529.4210855641547,524.9738846498743,524.9738846498744,524.9738846498745,524.9738846498745,524.9738846498745,524.9738846498745,524.9738846498745,true,148023,15.442013,7.775615E-4,0.15822329,0.008494042,1.5918363,0.15848,-1.0,0.15822329,0.15449128,7.87578,1.315258,7.6011906,1.1369189,0.601532,1.0128077,0.014266487,0.0,1.6403425,0.15734284,0.007710923,1,0.02700777,8.766012,2.943792,11.709805,1,0.62139356,35.3666030164029,-4.56951613275369,1.8175783,-3.2772362,375.71484,41.2583,2304.0593,7.87578,0.0,5,1,-3.1139476,3.6041584,8.437154,0.15450466,0.006938364,0.21639606,22.2789,22.2789,23.559084,66
DESY3RM-149469,41.5717356902054,-8.58592205630404,0.2539571,0.0287,424.148407126834,33.91688998685951,1.184432682,0.1644505359999999,0.265713689,7.450892808E42,2.39291233540849E42,2.70885335254146E42,1.3732165620000002E43,5.02128384662216E42,6.146942638278891E42,1.154759478,0.1450187839999999,0.2751338060000001,7.320011066E42,2.6596261676764602E42,2.7591279640387205E42,1.3361375530000002E43,6.27341395477188E42,6.356630622795301E42,500.0,456.3746872026293,441.06639721215424,424.5237932585404,424.148407126834,424.148407126834,424.148407126834,424.148407126834,424.148407126834,424.148407126834,424.148407126834,true,149469,17.451042,0.0028696905,0.23804763,0.010944177,1.0018167,-1.0,-1.0,0.23804763,0.2530183,9.4165325,1.5720149,9.096178,1.591763,0.62341636,1.0075867,0.0042272126,0.0,1.8892301,0.2539571,0.010579273,10,0.02731791,8.703571,2.2723331,10.975904,1,0.6734193,41.5717356902054,-8.58592205630404,1.6521116,20.8602,-3809.4055,69.28091,-22161.932,9.490628,0.15423505,5,3,-0.9261232,1.6796861,6.683893,0.2529543,0.009756206,0.23347919,22.336348,22.336348,23.559084,77
DESY3RM-149722,15.6876628691852,0.172389635791972,0.27444547,0.0361,396.8682389679626,31.076805376732796,1.048994325,0.1469672988,0.2347256509999999,4.514755344000001E42,9.1740599528708E41,9.373029312432301E41,7.926562304E42,1.62795596340471E42,2.0271905177341902E42,2.000624563,0.8965059140000002,2.836548566,3.9191778660000003E42,1.43773607192852E42,1.8501907553531603E42,8.728444469000001E42,2.0576139934367604E42,5.730844659634061E42,500.0,401.7586284427976,400.7834968089207,399.7034736863395,396.8682389679626,396.8682389679626,396.8682389679626,396.8682389679626,396.8682389679626,396.8682389679626,396.8682389679626,true,149722,17.791883,0.0027825276,0.28434828,0.014525572,3.2680025,-1.0,-1.0,0.28434828,0.27450076,9.218218,1.467184,7.799505,1.4138201,0.6207681,1.0051314,0.004508088,0.0,3.6791751,0.27444547,0.011533461,1,0.034886774,8.690974,2.4507902,11.141765,1,0.66699994,15.6876628691852,0.172389635791972,1.2360339,10.132616,-3000.8774,18.848885,5019.443,9.51632,0.27229112,5,3,-1.0207564,1.4730008,6.8059454,0.2744703,0.010554991,0.26909393,22.443684,22.443684,23.559084,75
DESY3RM-150557,322.220204943604,-1.29577765721331,0.17247039,0.0401,484.46877818996853,19.35409744224066,1.367953377,0.057082472,0.2710366989999999,2.6140192890000002E42,4.5565031006717E41,6.0915058693799004E41,5.1716568470000006E42,1.70177006100357E42,1.43901466246417E42,1.369627453,0.1095094270000001,0.2572547649999999,1.463922523E42,5.0099377481745004E41,6.1872272548032005E41,2.8972325590000004E42,1.25407074648205E42,1.51210755186702E42,500.0,483.335064934112,486.1351948279162,488.9772863055856,484.46877818996853,484.46877818996853,484.46877818996853,484.46877818996853,484.46877818996853,484.46877818996853,484.46877818996853,true,150557,14.897336,9.908652E-4,0.1645746,0.008563606,6.8908577,-1.0,-1.0,0.1645746,0.16934648,8.638529,1.4305242,9.248728,1.3599124,0.61275655,1.0262018,0.02414163,0.0,5.8360953,0.17247039,0.0072573363,1,0.05121032,8.65074,-0.09201454,8.558725,1,0.64778745,322.220204943604,-1.29577765721331,1.5427291,3.5915036,2558.883,36.733826,8542.785,8.638529,0.0,5,1,-3.3647037,7.234723,10.941627,0.16934995,0.006489441,0.23279339,22.334124,22.334124,23.559084,32
DESY3RM-155740,62.3034374000291,-30.7331698759773,0.18158287,0.0146,485.54753179673975,49.951290661333836,1.473636514,0.293222839,0.6810263990000001,6.456530816E42,1.3242630445903802E42,1.8344836353905202E42,1.3025477590000001E43,2.2761240847545302E42,6.158409392771971E42,1.277647789,0.3270657651999999,1.0420986760000002,4.3490348790000004E42,1.8260827988138902E42,1.3987304340858E42,8.292074594E42,3.5539213256496E42,2.8007266489855303E42,500.0,483.56725251651216,512.2075022413198,546.985962441954,468.18689149350826,547.657189481484,478.91868013124554,485.54753179673975,485.54753179673975,485.54753179673975,485.54753179673975,true,155740,15.516027,0.0011033441,0.17068474,0.008785549,1.481183,-1.0,-1.0,0.18751025,0.17833199,8.775824,1.4313954,10.423361,1.2978058,0.61469203,1.0081347,0.009829968,0.0,0.8705846,0.18158287,0.0070714056,1,0.017859228,8.432237,2.9826834,11.41492,1,0.6524003,62.3069730446979,-30.7219391521033,1.4839252,18.165258,6145.7866,51.21723,25193.201,8.835673,0.1769708,5,2,-4.8860636,4.5784507,9.027454,0.17838137,0.00628656,0.23894396,22.35384,22.35384,23.559084,21
DESY3RM-156740,36.2936971825968,-4.03050833367388,0.1687433,0.0249,254.4960627194885,26.23682539769491,1.008529246,0.0804923137999998,0.2132927900000001,1.9713275660000002E42,5.7456064255297005E41,2.5157652180625002E41,3.401623366E42,1.04144682910884E42,2.4064274009079002E41,0.9828493935,0.4455942469,0.0938090895000001,1.2520644020000002E42,5.0632924119246E41,3.7609681553131E41,2.136750942E42,1.2551575313950801E42,7.410079931820501E41,500.0,459.85032708349706,381.92819732325324,292.01601018685557,235.43833565729696,254.4960627194885,254.4960627194885,254.4960627194885,254.4960627194885,254.4960627194885,254.4960627194885,true,156740,16.117674,0.0011997691,0.17244571,0.010136513,0.40022907,0.17,-1.0,0.17244571,0.16566356,7.0367565,1.1671178,6.640127,0.8366969,0.5881316,1.0406091,0.04135853,0.0,0.7079063,0.1687433,0.008601784,1,0.028178846,8.393591,3.6908908,12.084482,1,0.59068006,36.2936971825968,-4.03050833367388,1.422661,0.43546852,-347.80756,-1.4706813,1703.7134,6.920257,0.27881843,5,3,-3.689969,2.2429135,6.111922,0.16567646,0.007960487,0.17348611,22.111801,22.111801,23.559084,64
DESY3RM-158761,324.350398448759,0.345642111749351,0.15691099,0.0419,360.1676971473966,17.37903574310245,0.800396946,0.0391811989,0.039768109,7.131697331E41,1.6112255289453002E41,1.2536309205119E41,1.142029442E42,2.5641419499340004E41,1.7127081976205001E41,0.7862021614,0.0407549869,0.0413080135,5.857983025000001E41,1.0279697042399E41,1.5799114516756001E41,9.343346545000002E41,1.8545517891355004E41,2.1328496570487003E41,500.0,207.0143970901872,429.0083686226678,210.45794202658172,428.40601172952046,210.1798862606253,428.1807820120191,304.87708134703007,342.1787650065101,360.1676971473966,360.1676971473966,true,158761,15.941019,0.0014036908,0.15398379,0.009556063,1.2015296,0.15562162,0.15562162,0.15398379,0.1540537,7.5706806,1.2501764,6.8994617,1.031632,0.59679747,1.0366488,0.037668407,0.0,1.0415733,0.15691099,0.008350839,1,0.062143233,8.311887,3.4768445,11.788732,1,0.61044335,324.350398448759,0.345642111749351,1.8518994,13.553131,3132.0005,45.82399,10906.563,7.571194,0.04811986,5,2,-1.9768211,2.2604804,5.705382,0.1540831,0.007640266,0.29792467,22.520636,22.520636,23.559084,68
DESY3RM-161294,323.539796758088,-48.9131397513046,0.2512695,0.0205,464.1584933327171,56.39315641484658,1.366640108,0.2469194969999999,0.3656797840000001,3.1969198040000004E42,2.15848582130442E42,2.7062705223676403E42,6.740408504000001E42,4.7001233543848406E42,5.5004879982549505E42,1.374051788,0.259572463,0.384792086,3.3587016480000004E42,2.7289969486817605E42,2.7565010375517604E42,7.091348938000001E42,5.642219742359151E42,6.175242440769091E42,500.0,465.3234214587321,464.96102412600777,465.13766611467537,464.1584933327171,464.1584933327171,464.1584933327171,464.1584933327171,464.1584933327171,464.1584933327171,464.1584933327171,true,161294,17.662176,0.0041474556,0.25612187,0.012928502,0.57986045,-1.0,-1.0,0.25612187,0.25008434,8.135115,1.3128669,8.165625,1.4094515,0.6054423,1.0271646,0.02689618,0.0,0.7449236,0.2512695,0.010304668,1,0.026750164,8.209102,2.4188366,10.627938,1,0.63051915,323.539796758088,-48.9131397513046,1.6073008,15.311761,-6878.323,28.61708,-14110.344,8.176158,0.12765731,5,4,0.027113775,1.3486155,5.25099,0.25012785,0.009485083,0.27830118,22.46912,22.46912,23.559084,83
DESY3RM-161663,62.98773503558,-48.4723088037551,0.269242,0.0126,265.57511268099216,56.30203197227607,0.6091412222,0.1707034879,0.1801709165999999,2.1779484270000002E42,7.7477260792321E41,6.073283335816501E41,3.364417478000001E42,9.141346134351502E41,9.896532642429501E41,0.6433431894,0.1853704372,0.1781250593,1.911221578E42,8.398424225443E41,4.6025469220639E41,2.949710102E42,1.1682637573931801E42,7.8186573467367E41,500.0,353.5938626306198,124.5815546908803,247.81845796439399,442.65218524441275,287.41798986422356,265.57511268099216,265.57511268099216,265.57511268099216,265.57511268099216,265.57511268099216,true,161663,17.014048,0.0027937796,0.2720087,0.013369297,0.50244856,-1.0,-1.0,0.28493625,0.28673598,8.18088,1.7064176,8.455469,1.5228035,0.60612196,1.0143504,0.018274657,0.0,0.55547106,0.269242,0.012115439,10,0.016730525,8.1947365,2.4903197,10.685057,0,0.6321129,62.9847147876352,-48.4538564642146,1.5937622,32.14644,-5318.9204,108.28561,-20240.64,8.346637,0.65611047,5,2,-3.6365871,2.883767,6.5316405,0.26901692,0.011250416,0.31669658,22.566833,22.566833,23.559084,18
DESY3RM-162656,322.384164091982,-1.60108271287369,0.13752736,0.0445,481.50394294486466,16.62673522041233,1.309617595,0.0419824349999999,0.038328034,9.343637573E42,6.6337914698772E41,6.5006034335888004E41,1.8117471930000003E43,1.05732093781105E42,1.7596526417611302E42,1.569364079,0.1268512180000001,0.1299705729999998,5.288300552E42,5.6500087109175005E41,5.1761095143189E41,1.094107221E43,1.2330375215505602E42,1.5451859238936402E42,500.0,483.3443619142474,482.0420810082572,481.0004157925089,481.50394294486466,481.50394294486466,481.50394294486466,481.50394294486466,481.50394294486466,481.50394294486466,481.50394294486466,true,162656,15.774065,0.001060237,0.1338908,0.0096749235,1.3426632,-1.0,-1.0,0.1338908,0.13553137,9.874182,1.7031064,7.1740513,1.2775354,0.62936157,1.0269809,0.02652311,0.0,1.1832144,0.13752736,0.0073654484,1,0.05905521,8.156161,3.709776,11.865937,1,0.68795514,322.384164091982,-1.60108271287369,1.1436943,-12.267675,-459.98697,-6.489053,-371.3322,9.874182,0.0,5,1,-1.4278339,2.01137,4.893324,0.13527402,0.006295073,0.21028093,22.257227,22.257227,23.559084,54
DESY3RM-163056,17.1406752541457,0.188273322418764,0.2297385,0.0282,469.87843177502384,33.93921495692571,1.1983264,0.4732666694999999,0.346974377,7.986377496000002E41,7.986377496000002E41,7.835536200713602E41,1.477188913E42,1.41915063739755E42,2.24156759112732E42,0.4072147824,0.2012943256999999,1.2132966206,1.0692117840000001E42,1.0692117840000001E42,6.810435827473E40,1.8038555570000003E42,1.8038555570000003E42,3.2002936066257003E41,500.0,282.9249924535817,327.2866107095034,517.1450853114276,469.87843177502384,469.87843177502384,469.87843177502384,469.87843177502384,469.87843177502384,469.87843177502384,469.87843177502384,true,163056,16.659779,0.003873456,0.2251586,0.010200772,0.6014506,0.2241945,0.22332653,0.22900519,0.22853808,9.141943,1.6147884,8.318174,1.5965604,0.6197374,1.0027217,0.0026560426,0.0,0.5810916,0.2297385,0.007903329,2,0.028607184,8.141029,3.336408,11.477437,1,0.66451067,17.1213688264528,0.191603432672071,0.8124054,17.563704,1212.5531,71.16975,8924.589,8.800946,0.34935287,5,3,-1.6389434,2.7387083,8.367837,0.2275496,0.007034047,0.24363331,22.368534,22.368534,23.559084,67
DESY3RM-168922,20.2728362097064,-44.1196736927721,0.11658169,0.0146,398.1263071063305,23.452115136178058,0.9245266899,0.0752094459,0.0678437659999999,7.658176148000001E41,1.7906044822183E41,2.1010500940283002E41,1.281886803E42,3.1261738664593004E41,2.5935265220914003E41,1.207828969,0.1947191899999998,0.149357811,1.854960263E42,5.9288691311163E41,1.8437661278595E41,3.6849155100000006E42,1.1670267699682E42,6.5393959437195006E41,500.0,336.34860989646285,394.79858173056965,396.3694530045849,398.1263071063305,398.1263071063305,398.1263071063305,398.1263071063305,398.1263071063305,398.1263071063305,398.1263071063305,true,168922,15.369344,7.4893166E-4,0.12013111,0.008129205,1.8308707,-1.0,-1.0,0.12013111,0.113402314,8.8215885,1.6082562,6.258753,1.2779528,0.61533177,1.0294694,0.023834746,0.0,1.820025,0.11658169,0.0071698814,1,0.013049919,7.923105,3.789128,11.712233,1,0.6539292,20.2728362097064,-44.1196736927721,1.4354119,11.833387,617.33905,57.01108,7644.543,8.8215885,0.0,5,1,-1.7153143,2.0913932,6.00661,0.11511972,0.0055679725,0.2740637,22.45752,22.45752,23.559084,89
DESY3RM-173174,24.544164640692,-45.5482061195365,0.2712755,0.0145,459.8127485504789,58.95625482512751,1.366056266,0.4141979260999999,0.463721332,5.0495504820000004E42,3.682587550309971E42,2.3856502178021403E42,9.944899187000001E42,6.479826796520211E42,7.98186968270397E42,0.433805726,0.1543952601,7.943087812999999,4.3300607210000004E42,4.3300607210000004E42,-5.634974477202001E40,7.054677342000001E42,7.054676780920721E42,1.1309076932801E42,500.0,456.95498640183865,459.76396078118313,459.74926204597983,459.8127485504789,459.8127485504789,459.8127485504789,459.8127485504789,459.8127485504789,459.8127485504789,459.8127485504789,true,173174,17.217823,0.002561998,0.2821306,0.013319523,0.7808553,-1.0,-1.0,0.2821306,0.2710984,9.691122,1.737628,9.965712,1.6664909,0.62701046,1.0436578,0.043067228,0.0,1.3985478,0.2712755,0.0103295185,1,0.015774006,7.768052,3.3215487,11.089601,1,0.68218625,24.544164640692,-45.5482061195365,1.2075839,-0.63163805,-252.65521,6.5237856,195.29839,9.687781,0.022944024,5,2,-1.7932935,2.4323454,6.2999816,0.27114943,0.009271086,0.2596995,22.416817,22.416817,23.559084,7
DESY3RM-174219,15.7180905294462,-0.348351753481124,0.28894565,0.0355,854.162167398477,66.9464153989325,4.18701348,0.5623720310000002,0.5661993880000002,2.94895252E43,7.333195917168441E42,6.13520887263799E42,8.848968267000001E43,2.478953441421757E43,2.012969580039283E43,4.803056915,0.7215382000000004,0.973523407,2.299864195E43,7.193990527583261E42,6.246256539023751E42,7.370557899000001E43,2.2685414781290995E43,1.9016892813890623E43,500.0,830.9362989164738,872.9479232900053,866.3637189454007,854.162167398477,854.162167398477,854.162167398477,854.162167398477,854.162167398477,854.162167398477,854.162167398477,true,174219,18.211435,0.0051769447,0.27813196,0.01621607,8.765595,-1.0,-1.0,0.27813196,0.2893643,7.250326,1.560628,8.318174,1.503273,0.59165907,1.0168389,0.014638113,0.0,8.81758,0.28894565,0.012904425,1,0.040805437,7.729656,0.68484914,8.414505,0,0.5986811,15.7180905294462,-0.348351753481124,1.0011454,4.74968,-2068.3726,0.939169,-4614.637,7.250326,0.0,5,1,0.68442076,1.1295038,4.986804,0.28958556,0.011848266,0.21491084,22.273693,22.273693,23.559084,3
DESY3RM-177542,37.9891716818776,-7.50255940943918,0.16866897,0.0317,413.5513708244,23.706763212136515,1.025029046,0.082282827,0.204974248,1.919799416E42,2.6310080918145E41,2.431955855106E41,3.344026504E42,5.3110209821652006E41,3.4120655508171003E41,1.206057219,0.190516976,0.121824908,1.784155199E42,3.3661148609663004E41,2.9370031870627004E41,3.320566269E42,4.9491641223320006E41,6.5136879123553004E41,500.0,408.7286115010515,429.2973472833999,411.1090496252838,413.5513708244,413.5513708244,413.5513708244,413.5513708244,413.5513708244,413.5513708244,413.5513708244,true,177542,16.19043,0.0015165434,0.17102094,0.009269507,2.7057393,0.17859405,0.17859405,0.17102094,0.16559881,9.843672,1.5856481,12.9861965,1.5095749,0.6289722,1.0111368,0.013903462,0.0,2.9335575,0.16866897,0.007844476,1,0.034698,7.6150613,3.2694716,10.884533,1,0.6869978,37.9891716818776,-7.50255940943918,1.0399569,11.792283,-4469.341,25.418514,-9091.887,9.762108,0.27496782,5,2,-0.63686126,2.0975397,6.365127,0.16560331,0.007135327,0.20446339,22.236015,22.236015,23.559084,5
DESY3RM-178050,68.262119679888,-56.6341512725004,0.24763487,0.0111,541.7235468080961,76.76036640762312,1.740379638,0.2741628849999999,1.184861999,4.6245687630000004E42,2.2504727034828902E42,2.2274513599281904E42,9.877820793E42,4.373490487158631E42,5.77916247977016E42,1.722150442,0.3754471530000001,1.069754806,4.109760073000001E42,1.2560988329955502E42,2.3445808271749802E42,8.752167229000001E42,2.3181617799798503E42,6.077402841766431E42,500.0,503.79713148771066,526.1718572723821,531.2322123164563,541.7235468080961,541.7235468080961,541.7235468080961,541.7235468080961,541.7235468080961,541.7235468080961,541.7235468080961,true,178050,17.723314,0.002644847,0.242782,0.01188946,0.8837964,-1.0,-1.0,0.242782,0.24629126,8.409704,1.5525033,9.813162,1.6332667,0.6094753,1.015018,0.015516319,0.0,0.90900373,0.24763487,0.009383241,1,0.012852111,7.596314,1.9622068,9.558521,1,0.6400088,68.262119679888,-56.6341512725004,1.2368667,3.2477639,423.62567,17.4604,5216.795,8.415757,0.1297616,5,2,0.4561843,1.2313676,5.158708,0.24630666,0.00851369,0.3626308,22.669235,22.669235,23.559084,0
DESY3RM-178432,22.7044619121678,-0.317812231259106,0.28856394,0.0287,518.8241095963475,76.61015499460359,1.514963336,0.2483198860000002,0.885897151,7.453977611E42,3.4033049640217706E42,4.2721105553787805E42,1.5128945790000003E43,8.229979205638371E42,1.002844005810607E43,1.917735307,0.593124548,3.031689323,7.679227528000001E42,7.679227528000001E42,4.084437147115E42,1.6854525220000001E43,7.636459972499481E42,1.199601377305087E43,500.0,600.9465862768568,576.5618267251937,520.7109576831484,518.8241095963475,518.8241095963475,518.8241095963475,518.8241095963475,518.8241095963475,518.8241095963475,518.8241095963475,true,178432,18.20736,0.0049480572,0.30238155,0.01452675,0.23334183,0.30181026,0.30181026,0.30238155,0.2891518,8.516489,1.5047933,7.9368,1.3394628,0.6110153,1.0197927,0.018196415,0.0,0.8401303,0.28856394,0.011431443,1,0.03305133,7.5835104,0.5170771,8.100588,1,0.64365315,22.7044619121678,-0.317812231259106,1.9206601,6.9079146,2906.336,13.298637,9300.587,8.474613,0.35198542,5,5,0.3154105,1.1302502,6.7937574,0.28918952,0.010230649,0.29948378,22.524582,22.524582,23.559084,13
DESY3RM-179700,19.3003319210175,0.0721171864441715,0.24173528,0.03,467.01110874056127,17.996008176053966,1.369952123,0.063339102,0.1964824549999999,3.5756501920000006E42,1.26324063666541E42,1.60074631818289E42,7.041714001000001E42,3.5006375556734904E42,3.12090316903611E42,1.305254479,0.2173606000000001,0.1591727809999998,2.704164289E42,1.30846352566914E42,1.60863001761833E42,5.194605479000001E42,3.3430562404635104E42,2.54802762032957E42,500.0,466.82509544891093,467.3206576943964,467.0092547741119,467.01110874056127,467.01110874056127,467.01110874056127,467.01110874056127,467.01110874056127,467.01110874056127,467.01110874056127,true,179700,16.521463,0.0030232817,0.23906486,0.010607383,0.5952598,0.24709566,0.24709566,0.23906486,0.2402272,9.752142,1.7469553,7.81476,1.477945,0.6277981,1.0054302,0.0039693043,0.0,0.30974787,0.24173528,0.008785128,10,0.033283163,7.5407968,3.4545298,10.995327,1,0.6841158,19.3003319210175,0.0721171864441715,1.1568401,1.8511158,1114.9928,21.127314,1221.777,9.634997,0.46352065,5,2,-3.704658,3.5143936,9.484473,0.24010982,0.007911003,0.23131873,22.329319,22.329319,23.559084,25
DESY3RM-180217,2.48552616418607,-32.2200538632718,0.27989656,0.023,375.9040601801289,36.98266309411825,0.8363084911,0.1715379646,0.1753540558999999,2.899610475E42,8.506871199488301E41,5.4729795377425E41,4.665182545E42,1.3620508607531701E42,1.02436923071547E42,0.791366813,0.2780607911,0.2136751969999999,2.2738340660000002E42,1.04096977080936E42,5.151743071985301E41,3.6116610920000005E42,1.4802697947673402E42,9.214239369770102E41,500.0,308.278221178373,500.5495085903356,307.6958042844028,502.77310823469,307.4322886323015,503.8821287931914,351.19304062218947,375.9040601801289,375.9040601801289,375.9040601801289,true,180217,16.874441,0.0030248133,0.28220186,0.012757114,0.8350945,-1.0,-1.0,0.28220186,0.28047615,11.06407,2.2764366,7.0062466,1.5476004,0.64384747,1.0980549,0.08890018,0.0,0.8225065,0.27989656,0.00952653,2,0.015136403,7.5237713,2.7438743,10.267646,1,0.7240963,2.48552616418607,-32.2200538632718,1.8411101,12.547836,-4579.1353,49.473732,-14913.788,10.937752,0.14389642,5,2,-6.801649,3.5906975,12.879367,0.2801689,0.00821883,0.20312357,22.231045,22.231045,23.559084,60
DESY3RM-181987,2.31239200619916,-32.541352536921,0.29692245,0.0198,409.2997318457214,233.66265679366305,1.292384761,0.5650880750000001,0.8274796799999997,2.0675199610000002E42,1.96380471897171E42,1.85527892129096E42,3.912692748E42,3.912692748E42,4.5679459296430405E42,1.357169341,1.357169341,-1.357169341,1.0541728090000002E42,1.0541728090000002E42,2.04872167457636E42,2.0430355860000002E42,2.0430355860000002E42,5.75419094054974E42,500.0,450.0442949448007,444.79369369770296,398.744607169802,451.71770148601746,409.2997318457214,409.2997318457214,409.2997318457214,409.2997318457214,409.2997318457214,409.2997318457214,true,181987,16.705008,0.0018302822,0.30261302,0.012770832,0.7338358,-1.0,-1.0,0.30261302,0.2967196,9.309748,1.6169035,7.7842503,1.6443866,0.621996,1.0310315,0.03284379,0.0,0.94131577,0.29692245,0.011759863,1,0.014136134,7.465368,1.8267113,9.292079,1,0.66997206,2.31239200619916,-32.541352536921,1.7288721,17.026815,-27.815199,36.46448,2026.1917,9.309748,0.0,5,1,-3.6632571,4.8169236,8.028831,0.29783016,0.010452375,0.22684695,22.31456,22.31456,23.559084,68
DESY3RM-182767,8.8909658269529,-43.8629972362336,0.14736462,0.026,404.7340976031628,98.4385064743303,0.206184194,0.0622689201999999,0.0606454385,4.3031363310000006E42,2.7843679704426202E42,1.8410767957758002E42,1.612073989E43,7.797378604203502E42,4.1672536202202004E42,0.2019438353,0.0601559384,0.0504871489999999,3.784014406E42,3.784014406E42,-1.549938444039E40,1.5267256360000002E43,1.5267256360000002E43,-6.7406656541147005E41,500.0,429.2251583986437,587.0796738264376,429.0377947571221,404.7340976031628,404.7340976031628,404.7340976031628,404.7340976031628,404.7340976031628,404.7340976031628,404.7340976031628,true,182767,17.339573,0.00427828,0.14329843,0.010631414,0.18681143,0.14749,0.15151314,0.15272592,0.14522006,6.3197727,0.9971798,8.104605,1.2612009,0.57562584,1.0073634,0.0039095227,0.0,0.24317391,0.14736462,0.009717097,2,0.008220094,7.440035,-3.202692,4.237343,1,0.56279504,8.88766526443187,-43.8674541390864,1.5294012,-3.6520295,-692.08545,-5.3507814,4621.3667,6.3692355,0.641247,5,4,1.2436099,0.5479823,2.6816332,0.14479534,0.009046458,0.18454617,22.158527,22.158527,23.559084,87
DESY3RM-183153,351.268276963591,-41.2007059561542,0.18691581,0.014,1459.1366073296424,69.33942136795285,9.684815045,0.7429437110000006,0.7332347749999997,1.5091981630000002E44,2.7402545117443502E42,2.5175737941441003E42,6.697475904000001E44,2.522630304583653E43,3.356215933401824E43,10.06360534,0.8129638789999998,0.8275354099999994,1.3412593880000002E44,2.0635883197844902E42,3.22261746096466E42,6.052791649000001E44,2.1515483810855742E43,2.262120351483031E43,500.0,1266.9000511496881,1409.0025305000981,1460.553249646102,1459.1366073296424,1459.1366073296424,1459.1366073296424,1459.1366073296424,1459.1366073296424,1459.1366073296424,1459.1366073296424,true,183153,16.063532,0.00191605,0.18389973,0.008882766,4.4427223,-1.0,-1.0,0.18389973,0.18414411,8.562254,1.4397185,8.165625,1.2643198,0.6116706,1.005218,0.0059443396,0.0,4.2637415,0.18691581,0.006983381,1,0.02070418,7.427778,4.0025444,11.430323,1,0.64520735,351.268276963591,-41.2007059561542,1.2862958,17.909058,-5471.2627,38.770954,-8159.552,8.47055,0.36868048,5,4,-3.3112164,2.9529705,8.870442,0.1837027,0.006185659,0.31505105,22.562895,22.562895,23.559084,17
DESY3RM-184280,16.9189090076497,1.0481190433121,0.1600977,0.0232,329.27852721414723,32.14123789271728,0.7057587674,0.1630431272,0.2657509946,4.840567959E41,2.6885929424103002E41,1.9478503239326004E41,7.556495225000001E41,4.8512706195596E41,2.7326907142852E41,,,,,,,,,,500.0,1945.8184963143062,206.58086809544648,325.0461143703797,329.27852721414723,329.27852721414723,329.27852721414723,329.27852721414723,329.27852721414723,329.27852721414723,329.27852721414723,true,184280,15.293442,8.4296317E-4,0.15124765,0.008835394,1.1796014,0.15530321,0.15400365,0.1519377,0.15577166,7.90629,1.2598001,5.8011036,1.1200612,0.6019973,1.0089924,0.009335822,0.0,0.9825018,0.1600977,0.009065267,3,0.02735017,7.3914914,3.2777736,10.669265,1,0.6224757,16.9218638728413,1.07716799929716,1.1051139,3.1419723,-1411.2959,22.991932,-5472.9927,8.003645,0.25199097,5,2,-4.2313337,4.288279,8.354918,0.15719591,0.008434414,0.25311425,22.397398,22.397398,23.559084,9
DESY3RM-185737,17.1135368592347,-14.3580292308863,0.21330386,0.0216,541.514689977949,66.75972903470173,1.697142678,0.3691407610000001,0.5478598999999997,1.3515219270000002E42,8.0397339033509E41,5.7157953929208005E41,3.048160493E42,1.9064081883238103E42,1.6588846783286904E42,1.714050443,0.3817193570000001,0.7914328099999999,1.1095237800000001E42,6.7535096489333005E41,5.7246678649058005E41,2.5116820880000003E42,1.67288799956835E42,1.2517634739467301E42,500.0,541.9911966568098,533.0561657192098,504.34121709667625,541.514689977949,541.514689977949,541.514689977949,541.514689977949,541.514689977949,541.514689977949,541.514689977949,true,185737,16.654142,0.0028818962,0.21584867,0.011673684,4.940457,-1.0,-1.0,0.21584867,0.21035606,8.913118,1.622755,10.072496,1.5083058,0.61660343,1.0308273,0.031792678,0.0,5.1748905,0.21330386,0.0076955585,1,0.028339956,7.341857,3.7478416,11.089699,1,0.6569737,17.1135368592347,-14.3580292308863,1.4676852,1.5443629,-208.03145,-3.335626,-26.638044,8.677622,0.97242874,5,4,-3.015052,2.3170536,9.86316,0.21049719,0.0069095343,0.16479155,22.072927,22.072927,23.559084,29
DESY3RM-186577,38.8119401331979,-5.70479280916295,0.22635749,0.0226,412.90307699984805,25.51836424553426,1.08965747,0.1063244008999999,0.183356099,6.398816053E42,2.72295036578354E42,1.58203075431433E42,1.14593422E43,4.214487853269961E42,3.7768237593069705E42,1.085897486,0.0689945659999999,0.2504403850000001,6.299454157000002E42,2.4064246008224903E42,1.7750845621118303E42,1.126887393E43,3.82094102151953E42,3.6616653029981805E42,500.0,471.46049334706277,432.05069402146967,414.9518913983886,412.90307699984805,412.90307699984805,412.90307699984805,412.90307699984805,412.90307699984805,412.90307699984805,412.90307699984805,true,186577,17.032534,0.002804569,0.23118949,0.010861324,0.71022666,-1.0,-1.0,0.23118949,0.22392751,9.736887,2.1909263,10.560656,1.6443211,0.62760156,1.1895834,0.16017768,0.0,1.0610815,0.22635749,0.008478122,1,0.026478041,7.3166137,3.228152,10.544765,1,0.68363404,38.8119401331979,-5.70479280916295,1.1335522,-7.9120617,-818.16693,-17.292421,4913.784,9.508236,0.65012956,5,3,-1.1470797,1.876614,7.8428802,0.22402403,0.0076985224,0.317692,22.569206,22.569206,23.559084,10
DESY3RM-187351,25.2285087998749,-0.245035442019555,0.15320303,0.0258,292.6921037486631,36.45715536510641,3.243979757,1.629384346,16.766588542999997,1.8135141800000003E42,1.8135141800000003E42,7.7990186901367E41,5.018515901E42,3.98335260344661E42,3.13841213232505E42,2.732296232,0.8761026869999999,7.255697081000001,1.870810693E42,1.870810693E42,3.7340205914335E41,4.869616321E42,4.3799813548070605E42,3.9604524725977603E42,500.0,635.4969929315688,554.8169146362776,312.24137815765795,292.6921037486631,292.6921037486631,292.6921037486631,292.6921037486631,292.6921037486631,292.6921037486631,292.6921037486631,true,187351,15.864325,0.0019170848,0.152669,0.009820232,0.67477024,0.15058427,0.15058427,0.152669,0.1504315,7.7842503,1.2331018,7.0672665,1.3266703,0.6001273,1.0111241,0.012466124,0.0,0.6500323,0.15320303,0.008365352,10,0.030329447,7.2919426,1.5080345,8.799977,0,0.6181334,25.2285087998749,-0.245035442019555,0.7647954,24.19099,-10148.118,-1.3315325,-9670.325,7.7859874,0.09578281,5,2,0.49989012,2.3070009,5.886612,0.15046935,0.0076287673,0.25464565,22.401958,22.401958,23.559084,69
DESY3RM-188347,45.8842713409402,-62.1838158210065,0.24762863,0.0236,1546.2255974149443,257.2899217686532,10.02452704,2.4167090250000003,4.771234959999999,8.167557018000001E43,4.4646892553214805E42,4.8202971061638906E42,3.711902365E44,8.19447295319048E43,3.7872792715891905E43,9.733782978,2.291390541000001,4.760606612,7.929824234000001E43,3.7650041736159904E42,4.166981729766841E42,3.5563534400000005E44,7.263718993846673E43,3.8742514860462455E43,500.0,881.8783422690008,1416.0872465682853,1572.3979478980314,1406.449229119114,1546.2255974149443,1546.2255974149443,1546.2255974149443,1546.2255974149443,1546.2255974149443,1546.2255974149443,true,188347,17.290838,0.003951449,0.2515146,0.012349635,0.5880785,-1.0,-1.0,0.2515146,0.24656714,5.1603947,1.3493102,5.8316135,1.37699,0.55275995,1.0176324,0.017236507,0.0,0.7488064,0.24762863,0.009877233,1,0.02816352,7.260541,3.4937298,10.754271,0,0.51373833,45.8842713409402,-62.1838158210065,1.4513265,2.0663345,113.88961,22.018112,1911.7704,5.0857625,0.20548694,5,3,-1.800973,1.8339106,5.5308065,0.24630009,0.009055305,0.19626038,22.205057,22.205057,23.559084,99
DESY3RM-192516,342.833944447823,1.28911472025407,0.21403766,0.0498,437.8215409601237,33.46464085249712,1.378132503,0.3336317529999999,2.115877703,1.86863966E42,1.11261735190781E42,1.47328062883101E42,3.6933101720000004E42,2.51124564006673E42,3.00585236326875E42,0.544552876,0.2684911816,-0.544552876,5.0829033680000007E39,5.0829033680000007E39,4.4122391969384096E45,7.897793316E39,7.897793316E39,9.823935796343121E45,500.0,473.88458647222564,438.79189895654775,472.72630137611554,437.82154096012357,437.8215409601236,437.8215409601237,437.8215409601237,437.8215409601237,437.8215409601237,437.8215409601237,true,192516,16.34979,0.0015036965,0.20970836,0.0095495535,0.98954564,-1.0,-1.0,0.20970836,0.21125042,8.989393,1.6888324,8.913118,1.4874909,0.61765516,1.013313,0.011683484,0.0,0.7047303,0.21403766,0.0073952414,1,0.09014532,7.130462,3.5941796,10.724642,1,0.6594977,342.833944447823,1.28911472025407,1.1133937,-0.8535735,-477.3045,15.630137,460.60568,9.012445,0.1170898,5,3,-2.5056374,3.0893304,7.220438,0.2112535,0.0065694866,0.28598142,22.489702,22.489702,23.559084,88
DESY3RM-193178,340.195865303613,-52.5885147826418,0.20635296,0.0117,370.52551695023675,35.68991195404556,4.215016883,1.4403875289999997,4.313682863,1.6109301400000002E42,3.6702365822523E41,3.3480293588743002E41,4.8538570830000006E42,1.39660198104838E42,1.00298349555791E42,3.431500952,1.053994195,3.243830413,1.326353441E42,3.6064919368431005E41,2.82396626322E41,3.6360892120000004E42,9.799975913066902E41,1.0704395139315202E42,500.0,339.2105238029121,347.1707003998697,350.3298267850496,370.52551695023664,370.5255169502367,370.52551695023675,370.52551695023675,370.52551695023675,370.52551695023675,370.52551695023675,true,193178,17.131697,0.0022221042,0.20939888,0.009735132,0.94020635,-1.0,-1.0,0.20400693,0.20338449,5.7858486,1.3353105,6.014673,1.258141,0.5655531,1.0167052,0.018440906,0.0,1.0337104,0.20635296,0.008359232,1,0.014194994,7.109083,2.0804749,9.189558,0,0.5408786,340.194412855897,-52.590442997579,1.6422362,31.35492,1716.9889,56.235554,-1173.9978,5.834526,0.14256474,5,3,-0.948673,1.3826563,5.1149387,0.20336078,0.00766897,0.3768338,22.698282,22.698282,23.559084,34
DESY3RM-193822,349.715765571592,-42.5207485381796,0.11277592,0.0116,400.99637338990755,19.418079334365057,0.9289987089,0.0532357811,0.0487639130999999,1.755991399E42,1.755991399E42,9.227209064154471E45,2.946747437E42,2.946747437E42,1.1256322941689594E46,0.9317540121,0.1131426789999999,0.0604978179999999,1.1762160400000002E42,1.1762160400000002E42,1.3418997002740293E44,1.976044757E42,1.976044757E42,2.282725907027379E44,500.0,410.4074292363894,400.905497736345,401.17716533534144,400.99637338990755,400.99637338990755,400.99637338990755,400.99637338990755,400.99637338990755,400.99637338990755,400.99637338990755,true,193822,15.198246,6.5991987E-4,0.110840395,0.008773655,0.103068076,-1.0,-1.0,0.110840395,0.11139433,9.340258,1.922285,11.430189,1.4528176,0.62240314,1.0740321,0.06792059,0.0,0.06781138,0.11277592,0.0074895667,1,0.01252062,7.0917892,3.4511528,10.542942,1,0.67095923,349.715765571592,-42.5207485381796,1.0129384,18.665834,-4642.252,47.41202,-4577.3765,9.360583,0.085134745,5,2,-1.4967924,2.2870588,7.6860747,0.11146903,0.0058679697,0.37459317,22.693773,22.693773,23.559084,81
DESY3RM-194687,37.1229811352356,-3.21768006746111,0.29917115,0.0217,539.9389841303927,56.81556100161529,2.097165363,0.3848669129999997,1.2547828290000005,8.028836200000001E43,8.028836200000001E43,1.1543933862453596E45,1.795920206E44,1.795920206E44,2.3680816422603025E45,0.02713012513,0.00987089767,0.00119932675,1.2065439720000002E40,1.2065439720000002E40,1.021956056329134E48,1.5364419500000001E47,1.53644195E47,4.5034573018848434E54,500.0,515.7889125052867,550.2786051210447,509.3846231181877,539.9389841303927,539.9389841303927,539.9389841303927,539.9389841303927,539.9389841303927,539.9389841303927,539.9389841303927,true,194687,17.377436,0.0023313698,0.32352558,0.014791042,0.8044771,0.31315577,0.31315577,0.32352558,0.31057096,9.462297,1.5525365,8.852098,1.5394804,0.6240212,1.0007278,0.004250797,0.0,3.8218973,0.29917115,0.011454607,1,0.028073315,7.067713,3.1379719,10.205685,1,0.6748902,37.1229811352356,-3.21768006746111,1.6198521,-1.2981375,-519.255,1.0540186,-1974.0234,9.462297,0.0,5,1,-2.782357,2.6379013,7.9034257,0.3001432,0.010064527,0.20592679,22.241407,22.241407,23.559084,85
DESY3RM-195075,53.9731732433118,-28.1645837705092,0.25466597,0.0074,567.3960423766163,34.235458220053516,1.910652635,0.1915071719999999,0.182193926,1.1256177020000002E43,8.138403762102501E41,6.9327547801364004E41,2.4723847960000004E43,1.7461664454367003E42,2.57322312041853E42,2.065910416,0.236331877,0.946395024,9.106883171000001E42,7.929173821864001E41,6.255044688474501E41,2.051866842E43,2.3044150707347203E42,1.89807688059142E42,500.0,572.6272353758526,567.7931639534403,559.994407779587,567.3960423766163,567.3960423766163,567.3960423766163,567.3960423766163,567.3960423766163,567.3960423766163,567.3960423766163,true,195075,16.43105,0.0018772666,0.2516541,0.011524202,1.4966669,0.2416,0.2416,0.2516541,0.25365862,11.018305,2.0886116,13.138746,1.8741988,0.64331394,1.0451305,0.04163414,0.0,1.304117,0.25466597,0.008822974,1,0.0110665085,7.0561624,1.4960709,8.552233,1,0.72274697,53.9731732433118,-28.1645837705092,0.7598203,1.1076208,-1.2268177,48.908154,884.58417,10.86529,0.5480665,5,2,-1.1470877,4.328103,12.070289,0.2536998,0.007808136,0.22215708,22.298765,22.298765,23.559084,19
DESY3RM-195920,33.6994579233132,-0.90891276226615,0.26477775,0.0276,726.3114375761371,208.16115868521965,13.67252944,11.267473453,-13.67252944,1.875275177E42,1.875275177E42,9.567787119954701E41,8.99631596E42,8.99631596E42,9.965424262904261E42,6.845895677,4.703842518,-6.845895677,1.9215988980000003E42,1.9215988980000003E42,1.2362598898659802E42,7.266758079000001E42,7.266758079000001E42,9.90538680456943E42,500.0,842.649224985508,241.64281253235018,598.5908681458956,504.6314723776946,808.4557392851553,254.93628926515106,573.2341213105818,500.9015951155754,676.644514892357,726.3114375761371,true,195920,16.803736,0.0040638656,0.25329962,0.012249574,1.3897287,0.26496068,-1.0,0.25329962,0.2644651,7.830015,1.3064326,9.080923,1.4121472,0.6008313,1.0028,0.0033076075,0.0,1.196555,0.26477775,0.011656622,1,0.03395305,7.028995,2.7356887,9.764684,1,0.61976606,33.6994579233132,-0.90891276226615,1.1343265,-1.7416104,540.6306,-10.987315,-1026.8912,7.830015,0.0,5,1,-2.2889614,3.3646877,6.4404955,0.26433036,0.010806338,0.2056288,22.240313,22.240313,23.559084,90
DESY3RM-198391,84.79770774127,-56.2114978031898,0.29476815,0.0412,560.3204005277015,143.12544200369285,2.394722303,1.133924993,8.019123847,1.913155211E43,1.913155211E43,9.43529882778436E42,4.764930793E43,1.6657086181824612E43,1.2401010619119892E44,2.477681603,1.1884605170000002,7.868654327,1.9400776360000002E43,1.9400776360000002E43,8.156089083209491E42,4.885118887E43,2.0283309756855562E43,9.525832066855633E43,500.0,580.2144244565994,613.6861580789172,444.6410094399588,513.7390518007542,592.6861510005439,560.3204005277015,560.3204005277015,560.3204005277015,560.3204005277015,560.3204005277015,true,198391,17.540413,0.0039480124,0.3014948,0.012574529,7.2706294,-1.0,-1.0,0.3014948,0.29568624,7.0977764,1.5784329,8.562254,1.6044217,0.58914804,1.0115395,0.012599288,0.0,7.535138,0.29476815,0.012052578,1,0.048479896,6.958264,3.5421877,10.500452,0,0.5929795,84.79770774127,-56.2114978031898,1.5822629,-4.3936443,-1757.4579,-20.332348,-2713.5676,7.0977764,0.0,5,1,-2.0692801,2.1947222,4.760706,0.29560938,0.010818241,0.26680443,22.437223,22.437223,23.559084,20
DESY3RM-198412,66.9399020403069,-57.1734213909185,0.26746053,0.0115,501.3721605584094,50.22073772280276,1.504874703,0.194196279,0.321514783,5.626417187E42,2.5316113075535102E42,4.183213920812E41,1.2190472330000001E43,7.367297857182801E42,2.07295246923504E42,1.714327526,0.3663456299999998,0.7234625430000001,2.6132621500000004E42,2.6132621500000004E42,7.981905153045871E42,5.915785953E42,5.915785953E42,1.7608938419119862E43,500.0,498.45001765723697,493.56756048062414,525.1281055134453,501.3721605584094,501.3721605584094,501.3721605584094,501.3721605584094,501.3721605584094,501.3721605584094,501.3721605584094,true,198412,17.53021,0.0025590593,0.29047003,0.012714537,1.1055987,-1.0,-1.0,0.26045159,0.26768374,7.326601,1.3698841,8.653784,1.4995761,0.5928987,1.0158732,0.01675364,0.0,3.3770297,0.26746053,0.011577287,3,0.011050724,6.957655,1.316286,8.273941,1,0.6015071,66.9540676879131,-57.1617759796005,1.4737796,-5.201097,56.19373,1.192272,-510.08517,7.361381,0.20316255,5,4,-1.3605542,1.7644444,5.503673,0.2671475,0.01068995,0.33451954,22.608229,22.608229,23.559084,75
DESY3RM-199328,37.7207950004358,-4.34775471534004,0.14609791,0.0227,490.45123405686127,15.944358828771486,1.363092519,0.036577512,0.0791483579999998,9.995604125000002E42,7.833513982788301E41,9.6181472245089E41,1.9791438230000002E43,2.2944034291506503E42,1.49378065085168E42,1.363923856,0.074666013,0.153338962,4.725350509000001E42,7.7426565955503E41,8.808300309310801E41,9.359505562000002E42,1.5903947685845103E42,1.41080642514963E42,500.0,488.9957706088515,490.76418015506545,490.52477301532593,490.45123405686127,490.45123405686127,490.45123405686127,490.45123405686127,490.45123405686127,490.45123405686127,490.45123405686127,true,199328,15.604618,0.0011289027,0.13905181,0.009382387,0.6704898,0.14084674,0.14084674,0.13905181,0.14348137,8.333429,1.5991614,7.387621,1.426075,0.6083657,1.0268462,0.026807474,0.0,0.43210685,0.14609791,0.008994733,10,0.026924271,6.9310875,3.802621,10.733708,1,0.63739014,37.7207950004358,-4.34775471534004,1.2266192,35.13012,867.94415,62.10188,-3388.7012,8.333429,0.0,5,1,-2.3612707,2.6586459,5.651344,0.1435666,0.0082513,0.17859702,22.133753,22.133753,23.559084,23
DESY3RM-200828,48.6620957858654,-45.3643230868606,0.15649758,0.0192,808.7102032246373,59.06598443764774,3.360398894,0.4183910809999998,0.558306827,2.0774388250000003E43,9.292060077605601E41,1.5511894941588402E42,5.649116078000001E43,3.9427130912816204E42,5.1438507772689003E42,3.529893289,0.4688895519999998,0.5911139520000002,1.9777978190000002E43,1.4402800503735602E42,8.5445829270684E41,5.494408823000001E43,6.962647391392341E42,6.64734167025909E42,500.0,878.9542030629395,762.8374998955094,813.5104575519291,808.710203224637,808.7102032246373,808.7102032246373,808.7102032246373,808.7102032246373,808.7102032246373,808.7102032246373,true,200828,15.158714,6.31085E-4,0.15430236,0.0088853175,3.0201483,-1.0,-1.0,0.15430236,0.15358494,6.060438,1.5650451,4.7180004,0.9645583,0.5708221,1.076763,0.07382736,0.0,2.6238084,0.15649758,0.008562853,1,0.021848723,6.887611,2.676744,9.564355,0,0.5522827,48.6620957858654,-45.3643230868606,1.1855142,20.894043,-3097.3848,71.38095,-18795.045,6.060438,0.0,5,1,-2.5225382,4.6207914,6.607556,0.15367976,0.007868611,0.31274194,22.557333,22.557333,23.559084,92
DESY3RM-201609,27.2107505595861,-0.449074689946555,0.26773426,0.025,738.5937751226031,237.65606199109416,3.541441161,1.993271061,-3.541441161,5.3111730260000004E42,5.3111730260000004E42,3.3317459456998803E42,1.5238667870000001E43,1.305958171260705E43,2.3215787377674413E43,3.507156675,1.854214349,-3.507156675,5.1501121980000005E42,5.15011219799999E42,-3.7420004414395104E42,1.4720891080000003E43,1.4720891080000003E43,-9.52660070304634E42,500.0,564.1793154052441,677.4822674694739,715.5235782101489,738.5937751226031,738.5937751226031,738.5937751226031,738.5937751226031,738.5937751226031,738.5937751226031,738.5937751226031,true,201609,17.651865,0.0036772138,0.2864336,0.013608923,0.14022863,-1.0,-1.0,0.2787124,0.27863204,5.450239,1.359417,6.075693,1.2687598,0.5588344,1.0026472,0.003990878,0.0,1.4428339,0.26773426,0.014760598,4,0.030403888,6.865626,-0.46969083,6.395935,0,0.52652824,27.2155044557808,-0.442892702394417,1.4100132,10.113131,-326.46222,19.825686,807.3444,5.461404,0.086313985,5,2,-1.0481272,1.5813862,3.8937414,0.2674349,0.014072953,0.3297778,22.597435,22.597435,23.559084,29
DESY3RM-205567,355.296506470088,-53.7044208021023,0.22997794,0.0118,664.1617896454663,119.29314747851429,3.890805418,1.138916283,9.095816972,6.563847579000001E42,6.563847579000001E42,-6.563847578999981E42,1.9008386870000002E43,1.9008386870000002E43,6.724117688214828E50,,,,,,,,,,500.0,4209.082373167645,628.2988877700733,609.5336489256416,664.1617896454663,664.1617896454663,664.1617896454663,664.1617896454663,664.1617896454663,664.1617896454663,664.1617896454663,true,205567,17.633682,0.0027503355,0.22625656,0.011652974,3.0166063,-1.0,-1.0,0.22625656,0.227797,5.3739643,1.2174213,5.1298847,1.0887395,0.5572614,1.0159241,0.016925247,0.0,3.0283751,0.22997794,0.008204703,1,0.011240348,6.7553544,1.9948614,8.750216,0,0.5231995,355.296506470088,-53.7044208021023,1.4704052,0.28186804,565.65186,-2.8805058,-1488.7631,5.251562,0.4218931,5,5,0.7147054,1.1201259,4.8482404,0.22779946,0.007369196,0.4035781,22.750122,22.750122,23.559084,1
DESY3RM-205762,354.116434534623,-47.5999903026372,0.10488392,0.0112,259.8057086677364,32.05796908340649,0.4319235663,0.0858862152,0.1214972256,7.443189629E41,3.3300377128185E41,9.782803655191E40,1.482925894E42,4.938128914076901E41,2.7812478454574E41,,,,,,,,,,500.0,289.5784170004975,259.89770234713177,259.9687910272175,259.8057086677364,259.8057086677364,259.8057086677364,259.8057086677364,259.8057086677364,259.8057086677364,259.8057086677364,true,205762,13.871701,2.4697793E-4,0.096573025,0.006541264,4.8671913,-1.0,-1.0,0.10193431,0.10020517,8.974138,1.366378,6.9299717,1.0529437,0.6174454,1.0457081,0.041944966,0.0,3.8963017,0.10488392,0.00794188,4,0.01036091,6.749188,0.33531415,7.084502,1,0.65899384,354.080859788053,-47.6349706861333,1.5894476,20.008894,3385.084,11.137952,13622.051,8.818673,0.46586025,5,2,-2.7767959,6.717823,13.428371,0.10390432,0.0062144115,0.36325988,22.670546,22.670546,23.559084,4
DESY3RM-206018,35.6092273632064,-8.95073202565523,0.16615471,0.0385,723.3481028200772,20.91003771768021,2.725976166,0.1215892890000001,0.1971777919999997,5.480027288E43,2.83936044060948E42,2.9308880381665704E42,1.367554182E44,1.151603377416215E43,7.960377270102081E42,2.369647752,0.385675325,0.703384383,1.4490716440000004E43,1.4497903249924803E42,1.9755543419309503E42,3.433418872E43,4.59319653677681E42,7.576053974860371E42,500.0,732.168255846464,365.2242284286673,744.0604811743187,723.3481028200772,723.3481028200772,723.3481028200772,723.3481028200772,723.3481028200772,723.3481028200772,723.3481028200772,true,206018,16.793257,0.0019328845,0.16928306,0.015349797,6.0676394,0.166683,0.166683,0.16928306,0.1631656,6.9757366,1.2095364,7.799505,1.177385,0.587108,1.0437043,0.041356493,0.0,6.1335573,0.16615471,0.009892124,1,0.028188895,6.742689,1.9691914,8.711881,1,0.5883695,35.6092273632064,-8.95073202565523,1.3707782,19.31717,-1340.6271,69.81342,2632.0679,6.81069,0.345521,5,3,0.4785596,1.1654612,4.5565624,0.16313156,0.009336783,0.20973152,22.255249,22.255249,23.559084,12
DESY3RM-209934,40.2030315556988,-1.50999537538697,0.16624878,0.0286,487.38233492812714,42.51535676828432,1.365367513,0.173571712,0.3130284999999999,1.069737816E42,4.8320570607126E41,6.6084908779874005E41,2.1179323840000002E42,8.591444305033002E41,1.29022903661559E42,1.367204137,0.3073351720000001,1.002544321,5.059949559E41,5.059949559E41,4.7449117992165006E41,1.0022517530000001E42,1.00225175121387E42,1.12706172041215E42,500.0,485.63644015264066,486.6795775177567,488.907481622373,487.38233492812714,487.38233492812714,487.38233492812714,487.38233492812714,487.38233492812714,487.38233492812714,487.38233492812714,true,209934,15.864701,0.0016089668,0.16410103,0.008886933,3.5835366,0.17302562,0.17302562,0.16410103,0.16323584,7.99782,1.4298799,7.326601,1.3190519,0.60338473,1.008479,0.007912688,0.0,3.4089446,0.16624878,0.00824613,1,0.03129888,6.641146,3.950805,10.591951,1,0.6257082,40.2030315556988,-1.50999537538697,1.6102515,8.136471,617.54694,13.455727,-1573.9397,7.99782,0.0,5,1,-3.0127733,2.7446542,6.831383,0.16322395,0.0075711515,0.2176284,22.283194,22.283194,23.559084,27
DESY3RM-212004,52.0653015705238,-28.7849489571045,0.28451172,0.00863,400.688597433693,21.445391527885416,1.121355526,0.0814200610000002,0.1819441129999999,2.2653833200000002E42,7.582718877811401E41,5.9472991542930004E41,4.0884999200000007E42,1.04510192257193E42,1.0251524157262801E42,1.084881351,0.0673065569999999,0.1610162400000001,2.166711357E42,5.2927240722072E41,4.3946766332113006E41,3.867744585E42,1.0665927993286302E42,9.401725481440201E41,500.0,374.9327730745266,394.7499997154602,395.56583007878703,400.688597433693,400.688597433693,400.688597433693,400.688597433693,400.688597433693,400.688597433693,400.688597433693,true,212004,17.551477,0.002757801,0.29532376,0.013053598,0.32976454,0.29038,0.29038,0.29532376,0.28829423,8.394449,1.6293261,5.541769,1.262624,0.60925406,1.053802,0.047128927,0.0,0.922383,0.28451172,0.010978712,3,0.008619909,6.586798,3.5307539,10.117552,1,0.63948613,52.0653015705238,-28.7849489571045,1.3820567,1.0923575,-146.70705,17.430298,105.00218,8.394449,0.0,5,1,-1.8966521,2.0011878,5.7651896,0.2849789,0.009791537,0.32221124,22.579885,22.579885,23.559084,17
DESY3RM-212078,9.38851843471243,-43.5597855819626,0.2298477,0.0261,340.1360929905249,106.72815635462989,0.4560388396,0.0917530003,0.1898439546,1.7958770700000003E42,7.840136276258601E41,2.3890864258471004E41,2.910276483E42,1.08484382533257E42,3.3741674263929005E41,0.4613227824,0.1038761270999999,0.1775698927,1.599559575E42,9.553485125310802E41,9.462445667715E40,2.5848798980000004E42,1.11492174538998E42,5.007014427621901E41,500.0,244.0540590488124,381.2231814005388,338.3170438725572,293.7184034694994,337.77238835351807,340.1360929905249,340.1360929905249,340.1360929905249,340.1360929905249,340.1360929905249,true,212078,17.69166,0.0026040087,0.23395872,0.011966372,2.5522225,0.2184754,0.2184754,0.23395872,0.23034103,10.240301,1.8148403,6.9909916,1.533035,0.633961,1.0029078,0.0041710115,0.0,2.662326,0.2298477,0.0071567814,1,0.007978453,6.5847015,-0.08075279,6.5039487,1,0.69931906,9.38851843471243,-43.5597855819626,0.8838364,-15.972517,-1758.5951,-9.550735,-3293.203,10.3845215,0.4796503,5,3,0.8166478,1.0597935,6.332145,0.22766355,0.006182416,0.23528022,22.342157,22.342157,23.559084,67
DESY3RM-212619,17.9007334631205,-38.1868342708264,0.12427556,0.0159,476.20829249226955,15.581581347559094,1.269627469,0.029903655,0.0281674279999999,4.886399388E42,4.886399388E42,1.120739658594153E47,9.336618825E42,9.336618825E42,3.3770674993641605E47,1.040653983,0.0286058999999998,0.02722065,3.103124519E42,4.4680092437843005E41,5.5330946348301E41,5.4611460180000006E42,8.2755374739536E41,8.082411896844501E41,500.0,475.8224298434324,476.1965426658881,476.194170993149,476.20829249226955,476.20829249226955,476.20829249226955,476.20829249226955,476.20829249226955,476.20829249226955,476.20829249226955,true,212619,15.801502,7.5953227E-4,0.13218592,0.01031988,1.9830489,-1.0,-1.0,0.13218592,0.12218136,8.196135,1.5481879,10.591166,1.6696668,0.6063478,1.0315791,0.031047516,0.0,2.6589642,0.12427556,0.0072227954,1,0.016795449,6.571286,2.8546348,9.4259205,1,0.63264304,17.9007334631205,-38.1868342708264,1.2125002,18.150057,-4767.9575,46.94087,-35391.87,8.25585,0.1902468,5,3,-0.5921527,1.5987015,6.2716627,0.1225085,0.0058406503,0.25598472,22.405924,22.405924,23.559084,51
DESY3RM-212629,15.0271616618716,0.113730221677659,0.12088929,0.0288,411.39903566119017,95.25146566730382,0.6186531902,0.2058522264999999,0.6862662888000001,3.221994699E41,3.221994699E41,1.8831675631486E41,5.027562997E41,5.0275629577663E41,3.967267911146501E41,0.008000029379,0.008000029379,0.235837562421,4.945379498E31,4.945379498E31,7.74624751964743E34,1.3905145580000001E54,1.3905145580000001E54,2.202938961380276E57,500.0,296.0553808482788,602.4264228776658,299.9609033582082,392.93152134601456,411.39903566119017,411.39903566119017,411.39903566119017,411.39903566119017,411.39903566119017,411.39903566119017,true,212629,14.909042,5.700949E-4,0.11594486,0.007115254,0.8047519,0.1114867,0.1114867,0.11594486,0.11921686,7.5859356,1.4385902,7.5401707,1.0877087,0.5970378,1.0013752,0.0030269676,0.0,0.69211006,0.12088929,0.008034876,1,0.033536684,6.571088,3.257348,9.828436,1,0.61099654,15.0271616618716,0.113730221677659,1.8221011,25.093298,2449.115,46.595837,-9680.476,7.58612,0.045721482,5,2,-3.1708987,3.4358935,7.209825,0.119254895,0.0067454623,0.25137892,22.392197,22.392197,23.559084,19
DESY3RM-214806,22.8659819475558,-3.20533097369435,0.20361452,0.0326,516.4627422681533,50.28806960752644,1.364080093,0.2164323540000001,0.2021662279999998,2.035127104E42,6.628374491890801E41,6.3074539956001006E41,4.01404071E42,1.50908189299278E42,2.04054705159052E42,1.371960492,0.1611937079999998,0.4750172160000001,1.359895632E42,5.9296647351628E41,8.0687027961362E41,2.6874096920000004E42,2.0939658346360002E42,1.6028717856627502E42,500.0,476.63555618872346,259.2806480150234,446.5323165378659,542.376137724079,476.8437772781896,516.4627422681533,516.4627422681533,516.4627422681533,516.4627422681533,516.4627422681533,true,214806,16.499067,0.0018130895,0.20083576,0.010068952,0.029638765,0.19589937,0.19589937,0.20083576,0.19679925,7.0977764,1.5439395,9.630102,1.6331844,0.58914804,1.0035579,0.00856827,0.0,0.01613131,0.20361452,0.0074440255,7,0.036703598,6.5149045,3.941505,10.456409,0,0.5929795,22.8659819475558,-3.20533097369435,1.6335235,-2.9335225,2028.527,-11.709336,9034.661,7.0977764,0.0,5,1,-2.3895535,2.4012842,5.519406,0.20056434,0.006669364,0.197685,22.210526,22.210526,23.559084,43
DESY3RM-215785,307.171081790666,-47.0080637046202,0.13319057,0.0324,191.70088128327106,35.22602875789587,0.2599540235,0.0778336093,0.1640721753999999,4.033477022E39,4.033477022E39,4.1026359619189E41,1.5808853410000002E40,1.5808853410000002E40,1.5344872711545502E42,0.05408585634,0.01972202684,0.2240038562599999,8.170835416000001E29,8.170835416000001E29,6.329919049668901E37,6.735760636000001E33,6.735760636000001E33,1.4424261855344527E45,500.0,188.70941099266855,196.7282799203074,191.98673135001675,191.70088128327106,191.70088128327106,191.70088128327106,191.70088128327106,191.70088128327106,191.70088128327106,191.70088128327106,true,215785,14.954535,8.1454037E-4,0.13193619,0.009236738,1.0282733,-1.0,-1.0,0.13193619,0.13109693,7.7232304,1.5602361,7.1282864,1.0606033,0.59918344,1.0745358,0.06659418,0.0,0.92969406,0.13319057,0.008231874,1,0.03947025,6.4899516,2.5420196,9.031971,0,0.6159482,307.171081790666,-47.0080637046202,1.0653018,39.487015,-5434.4297,141.98936,2994.5098,7.7232304,0.0,5,1,-2.508883,4.0076313,6.8487697,0.13108976,0.007218352,0.16042463,22.052622,22.052622,23.559084,10
DESY3RM-217086,303.178279943605,-56.9016334290183,0.29789883,0.0429,944.7955939800112,15.433204794097701,5.114796367,0.0790024160000006,0.0794258999999995,6.220013666E44,3.587456104238766E44,2.550153247155999E44,2.0541334870000003E45,1.0541717045436324E45,1.042407890755999E45,5.128773746,0.0798817899999999,0.0803170999999993,6.043627938000001E44,6.043627938000001E44,2.1911515257044354E46,1.99870429E45,1.99870429E45,7.740981869027576E46,500.0,376.92162615462047,788.1478147274154,896.268881643166,944.7955939800108,944.7955939800111,944.7955939800112,944.7955939800112,944.7955939800112,944.7955939800112,944.7955939800112,true,217086,17.222406,0.0045625377,0.27804273,0.015001315,7.4446435,-1.0,-1.0,0.27804273,0.29913726,10.255556,2.3396575,12.513292,1.6933577,0.6341498,1.1932043,0.15911432,0.0,7.629369,0.29789883,0.010206827,2,0.047568414,6.4564404,1.7760717,8.232512,1,0.6997876,303.178279943605,-56.9016334290183,1.911235,-0.74875736,-537.8551,-24.846777,-2837.7454,10.075409,0.28069335,5,5,-8.219605,3.013467,10.969077,0.298835,0.008646445,0.2567543,22.408194,22.408194,23.559084,63
DESY3RM-219780,352.207851886219,-52.5769908588739,0.121803895,0.00953,439.6824168137388,20.939692663943934,1.058912218,0.0424731509999998,0.0910532970000002,1.2876599410000001E42,7.684599234919801E41,9.563921288792001E41,2.2864960100000005E42,1.62344284883847E42,1.2606373152694201E42,1.03418501,0.0610332453,0.108653321,1.288952031E40,1.288952031E40,9.55491622680164E42,2.2624546040000004E40,2.2624546040000004E40,1.163873631018251E43,500.0,418.8213036028219,434.5035499146137,432.58194566964517,439.6824168137388,439.6824168137388,439.6824168137388,439.6824168137388,439.6824168137388,439.6824168137388,439.6824168137388,true,219780,14.815963,3.996593E-4,0.11727911,0.0074028494,0.323354,-1.0,-1.0,0.11727911,0.120210096,7.448641,1.5600202,7.982565,1.3342336,0.59486085,1.1013075,0.09396719,0.0,0.028040221,0.121803895,0.00775586,1,0.011058195,6.3895135,2.760789,9.150303,1,0.60599536,352.207851886219,-52.5769908588739,1.8320686,0.61757034,-411.03784,-31.484636,-9764.877,7.4468927,0.017138602,5,2,-3.0367408,3.8020868,6.187881,0.120133325,0.0064320536,0.4060546,22.754747,22.754747,23.559084,93
DESY3RM-220739,26.68962995265,-38.8543389016379,0.23545727,0.0156,497.789799911473,133.8977524934376,1.688696082,0.4510344270000002,1.938180194,6.128336126000001E42,1.7400028120391403E42,2.4941256570487503E42,1.3802485870000001E43,3.0850991506393405E42,6.33475886412368E42,1.326155398,0.3812961252,0.7900593570000001,4.4405618020000006E42,1.80634319697983E42,1.5571597359724402E42,9.224857042000001E42,4.07643914249241E42,4.7396041962592003E42,500.0,527.239975008658,1355.4640952247519,535.8264799672972,1178.3426831382328,430.7951616773453,515.9183836606834,497.789799911473,497.789799911473,497.789799911473,497.789799911473,true,220739,16.734549,0.0021565047,0.2388264,0.01130437,0.6607865,-1.0,-1.0,0.2388264,0.23360963,8.05884,1.3864274,7.6011906,1.3330723,0.60430264,1.0009423,0.0019385212,0.0,0.7739424,0.23545727,0.008362373,1,0.015112012,6.366406,3.1767921,9.543198,1,0.627852,26.68962995265,-38.8543389016379,1.0321826,-7.196311,-51.775723,-12.911201,-1439.3624,8.05884,0.0,5,1,-1.8532073,2.711107,6.2302475,0.23352835,0.0074989595,0.25575298,22.40524,22.40524,23.559084,6
DESY3RM-223894,15.9074997719748,-22.292416982068,0.22131905,0.0151,719.0968992727555,125.05185331118102,2.986924633,1.173163444,8.572945226999998,3.7733617990000004E42,3.7733617990000004E42,7.813333920271901E41,9.712292879E42,9.712292333644482E42,4.72818719876925E42,2.949521012,1.13145325,8.529331468,3.5875948390000005E42,3.5875948390000005E42,1.5239070088370202E42,9.186400121000002E42,9.18639943386739E42,6.98509992735913E42,500.0,686.8592297479935,776.3621010444105,793.0136639279029,719.0968992727555,719.0968992727555,719.0968992727555,719.0968992727555,719.0968992727555,719.0968992727555,719.0968992727555,true,223894,17.281475,0.002304435,0.24004339,0.011764959,1.4343473,-1.0,-1.0,0.18683523,0.20443244,6.5180874,1.6368414,7.0520115,1.6042376,0.57919395,1.0227952,0.022117777,0.0,4.0448737,0.22131905,0.008050343,6,0.020162083,6.291055,-0.36226466,5.9287906,0,0.5706748,15.8960195414559,-22.2494506353842,1.1557949,-21.353577,-361.55005,-43.193226,-4618.2163,6.47292,0.2582117,5,4,0.8327846,1.4160457,4.0319366,0.21878602,0.007258724,0.22804156,22.318531,22.318531,23.559084,66
DESY3RM-224806,37.3651652355152,-4.80696339382034,0.24707882,0.0239,464.8942000366019,89.35842802473627,1.108807303,0.2746541321000001,0.4033260239999998,4.4233245970000005E42,3.09937597931429E42,1.4983186361951402E42,8.498181896000001E42,5.59210667926035E42,4.8123899914504406E42,0.8634528489,0.1121387404999999,0.2570054411,4.6708999950000006E42,2.6097578258665202E42,6.5116527601871005E41,8.128432846E42,2.8483455802943703E42,2.03129367992569E42,500.0,357.9221300116661,702.7181347966829,335.2095091305096,1963.5533836091658,426.41572486926134,464.8942000366019,464.8942000366019,464.8942000366019,464.8942000366019,464.8942000366019,true,224806,16.88323,0.0029328812,0.2527848,0.012435179,15.306385,0.25962,0.25962,0.2527848,0.24568592,7.860525,1.4438266,6.731657,1.2768309,0.60129875,1.0064797,0.0056451615,0.0,15.640401,0.24707882,0.009613893,1,0.02975946,6.2708373,3.549496,9.8203335,1,0.62085164,37.3651652355152,-4.80696339382034,1.4905072,3.5209658,-635.84576,32.08668,-1422.6139,7.758133,0.36450776,5,2,-3.480399,2.654679,6.838169,0.24572223,0.008772746,0.23878366,22.353333,22.353333,23.559084,89
DESY3RM-225582,65.8848136766293,-51.5592983802804,0.1863392,0.0131,376.52984085190747,17.6614783384628,0.8925519901,0.0485582069,0.0611953675999999,2.2563935420000003E42,2.059271599929E41,1.9478746482614E41,3.7141035500000003E42,4.0077280822195E41,3.6408155467921E41,0.8670543364,0.0647333112999999,0.1250339772000001,1.0587558420000001E42,1.0587558419999901E42,1.039520794348213E44,1.7258295690000002E42,1.7258295690000002E42,1.2984361057769868E44,500.0,385.7213480267427,379.04384440642,375.90283486764633,376.52984085190747,376.52984085190747,376.52984085190747,376.52984085190747,376.52984085190747,376.52984085190747,376.52984085190747,true,225582,16.229124,9.2297565E-4,0.17021884,0.008742278,2.2719803,-1.0,-1.0,0.17021884,0.18322672,8.760569,2.2666068,4.824785,1.3104696,0.6144782,1.1807837,0.15856573,0.0,3.058977,0.1863392,0.008854737,1,0.013622695,6.252339,2.7211642,8.973503,3,0.65188974,65.8848136766293,-51.5592983802804,1.7143745,17.970707,508.98587,152.30443,-12694.402,8.760569,0.0,5,1,-2.388474,2.5169485,6.488591,0.18312603,0.008240474,0.2977248,22.520128,22.520128,23.559084,40
DESY3RM-226916,14.1399705487548,-1.12951430956579,0.1791166,0.0335,326.29475871797257,29.73607456249473,6.716784946,4.01393815,16.522833074,1.9037668170000002E42,1.9037668170000002E42,1.0706494071573102E42,7.166015728E42,7.16601572432518E42,5.753046949423061E42,0.6889487583,0.1356258247,0.146959912,1.441075953E42,1.1160763605894901E42,8.094968368560502E41,2.2344203300000004E42,1.50115805215897E42,1.3331870826258302E42,500.0,472.4391087817734,405.7675508138563,342.35583275389655,326.29475871797257,326.29475871797257,326.29475871797257,326.29475871797257,326.29475871797257,326.29475871797257,326.29475871797257,true,226916,15.754139,0.002562845,0.19897561,0.013622224,12.453127,0.17545983,-1.0,0.17565691,0.17093249,8.196135,1.4394982,8.196135,1.1442597,0.6063478,1.0108279,0.013804528,0.0,15.355113,0.1791166,0.007827301,2,0.043144204,6.221599,2.6199727,8.841572,1,0.63264304,14.1413771320276,-1.1319513106988,1.7955962,-15.754712,-695.9041,-12.094074,-3053.0596,8.00014,0.5010289,5,3,-3.9843223,3.5699167,8.90601,0.17592958,0.0071257716,0.18939619,22.17814,22.17814,23.559084,42
DESY3RM-227790,348.305122513696,-54.0858646459534,0.21868412,0.00998,414.96271707261246,31.97188738603448,1.083542376,0.1408037996,0.258346489,2.9181298000000006E42,1.18273504852115E42,9.930532045867902E41,5.2102031200000007E42,1.6571786587889302E42,2.1145567441324E42,1.085903398,0.0634191379999999,0.3782485,3.0316363E42,9.324418612256301E41,8.305354912746201E41,5.417967843000001E42,1.6931800584981503E42,1.85784623308972E42,500.0,148.6010824142493,413.81845128153935,174.54976788253236,414.85840620888337,414.96271707261246,414.96271707261246,414.96271707261246,414.96271707261246,414.96271707261246,414.96271707261246,true,227790,17.199614,0.0016154337,0.21623594,0.009883906,3.994019,-1.0,-1.0,0.21623594,0.21611103,7.1587963,1.3126504,8.714804,1.390712,0.59015757,1.0169393,0.016982183,0.0,3.9892411,0.21868412,0.008133135,1,0.010510939,6.2011685,2.9402843,9.141453,1,0.59526813,348.305122513696,-54.0858646459534,1.0533639,2.0480928,3170.9832,34.05967,9130.797,7.0275793,0.32723442,5,4,0.022121336,1.4841386,6.4564095,0.21605444,0.007366086,0.45980668,22.84874,22.84874,23.559084,65
DESY3RM-228216,38.5015910867202,-4.82724567307939,0.17503555,0.0213,426.49547315012927,18.65733425047489,1.074216113,0.0752284871,0.1033620619999999,4.0895297790000003E42,4.7371703234727E41,5.9176601933176E41,7.298121907000002E42,7.0813769035142E41,1.0885191402051201E42,1.084719086,0.0772077399999999,0.0702747729999999,3.3293322790000005E42,7.046565113338201E41,5.978212770854101E41,5.971891766E42,1.3892166190790601E42,9.182703924429002E41,500.0,408.501244971586,429.79813416933195,414.29155398099294,426.49547315012927,426.49547315012927,426.49547315012927,426.49547315012927,426.49547315012927,426.49547315012927,426.49547315012927,true,228216,15.935455,0.001258807,0.17481914,0.0095270425,1.0871748,0.17990415,0.17990415,0.17481914,0.17192295,7.5706806,1.5240148,7.99782,1.3422039,0.59679747,1.0326014,0.032782443,0.0,0.94066256,0.17503555,0.009385221,1,0.024662929,6.1910896,3.7961216,9.987211,1,0.61044335,38.5015910867202,-4.82724567307939,1.4379865,1.4148047,-244.16866,18.842825,3360.4863,7.5926123,0.16553238,5,3,-5.033189,2.8701665,8.717573,0.17188485,0.008806821,0.2701046,22.446518,22.446518,23.559084,46
DESY3RM-228300,351.852912260824,-55.0661406479859,0.22511937,0.0106,401.34915558353237,26.225291420072253,1.568756981,0.200224116,0.62195037,4.174228182E42,9.358070719093402E41,6.262450747318601E41,8.577438015E42,1.63200042356643E42,1.72367895815297E42,1.220891448,0.1813542989999998,0.146021701,2.5705593770000002E42,6.2661253364304005E41,7.628069437685301E41,4.794268991000001E42,1.5705710566015703E42,1.21572610099123E42,500.0,386.5492400402065,727.1637676084207,405.43704119301293,401.34915558353237,401.34915558353237,401.34915558353237,401.34915558353237,401.34915558353237,401.34915558353237,401.34915558353237,true,228300,16.457859,0.001049945,0.22610499,0.009969416,0.29393998,-1.0,-1.0,0.19297366,0.2145284,6.609617,1.2884332,9.248728,1.470414,0.58081156,1.0119557,0.010376844,0.0,0.42853284,0.22511937,0.008534997,4,0.008823161,6.189243,2.5656521,8.754895,1,0.57426715,351.819796237009,-55.0744524228568,1.8296815,6.480564,-3148.0715,31.851896,-8916.503,6.5067797,0.16009669,5,3,-7.7115564,3.144827,7.9530396,0.22273529,0.007769292,0.39243168,22.728947,22.728947,23.559084,28
DESY3RM-233621,35.4876369274678,-8.97864946146176,0.26764965,0.0376,524.4438457565864,71.49510813235128,1.723525666,0.3702091089999999,0.6892531179999999,1.299294788E43,2.3999290524136903E42,5.0126529403709906E42,2.7648716460000003E43,6.58659789883084E42,1.139907434714304E43,1.717411011,0.3986088679999999,0.618178578,1.2482880530000002E43,3.4991291856454403E42,4.1634910014592404E42,2.6533037310000006E43,7.36349290054634E42,1.0041786484863321E43,500.0,525.0004138272773,523.619411838243,526.509659690601,524.4438457565864,524.4438457565864,524.4438457565864,524.4438457565864,524.4438457565864,524.4438457565864,524.4438457565864,true,233621,17.646908,0.003093144,0.2664787,0.016056776,13.100435,-1.0,-1.0,0.2664787,0.26745397,7.96731,1.801247,7.6774654,1.1979575,0.6029237,1.1289767,0.11615195,0.0,13.046061,0.26764965,0.013387537,1,0.022592887,6.0645885,2.8984625,8.963051,1,0.624633,35.4876369274678,-8.97864946146176,1.1763356,24.548725,-5496.3384,57.436913,-9617.268,7.96731,0.0,5,1,-0.43083847,1.5872922,6.03439,0.26734608,0.01262617,0.196643,22.20653,22.20653,23.559084,68
DESY3RM-241902,18.3811673194499,-0.162538279413814,0.2520253,0.0267,290.47204892290097,57.41006837326985,0.566087608,0.2635688399,0.793612321,6.50196883E41,6.50196883E41,2.2129581469746004E41,1.006841515E42,1.0068415137388702E42,5.5061251928098006E41,0.08615357487,0.06517037417,0.14503240773,1.5517375880000002E38,1.5517375880000002E38,4.008385016299891E43,2.265831229E40,2.265831229E40,5.291991879207972E45,500.0,688.2772093677476,382.9670849327398,375.1419958543308,296.6574100426129,290.47204892290097,290.47204892290097,290.47204892290097,290.47204892290097,290.47204892290097,290.47204892290097,true,241902,16.59232,0.002129989,0.2471709,0.011031485,0.41393602,0.24031371,0.24031371,0.2471709,0.2508437,7.418131,1.4624635,6.9299717,1.2822917,0.59437275,1.0561379,0.049808428,0.0,0.21087235,0.2520253,0.011790186,1,0.027994415,5.883481,3.0269518,8.910433,1,0.6048771,18.3811673194499,-0.162538279413814,1.4403558,-3.1137304,-753.46173,-18.54715,-2931.6877,7.418131,0.0,5,1,-3.3499188,3.6388507,7.186794,0.25092268,0.011074543,0.22877395,22.320955,22.320955,23.559084,71
DESY3RM-243147,21.5182901010471,0.144879137500713,0.21854445,0.0309,487.87391107359184,82.95909166841672,3.445765973,1.810783915,17.291948867,2.2352335540000003E42,1.99056124111561E42,1.13891629616372E42,6.129756634E42,6.12975662914772E42,2.72914534594331E42,3.874985068,2.0606152570000003,12.198093592,1.787040274E42,1.2730844207149E42,1.0174996611528301E42,5.166322645000001E42,5.1663226413828707E42,2.8988174343733E42,500.0,790.2159844337226,209.4226185734639,448.69265623421774,487.87391107359184,487.87391107359184,487.87391107359184,487.87391107359184,487.87391107359184,487.87391107359184,487.87391107359184,true,243147,16.394693,0.0019258865,0.21286365,0.010237116,0.38687956,0.20888886,0.20888886,0.21286365,0.21592648,5.8163586,0.9666786,6.197733,1.0816058,0.56614834,1.0222007,0.023196606,0.0,0.24010493,0.21854445,0.009441963,1,0.03196239,5.8554764,3.2432427,9.098719,0,0.5421603,21.5182901010471,0.144879137500713,1.2667028,23.421936,-5079.585,44.042103,320.51215,5.844798,0.13387102,5,2,-2.8731265,3.1117,4.8827734,0.21590981,0.008790539,0.21483496,22.273426,22.273426,23.559084,82
DESY3RM-243263,357.068685531239,0.969014970126469,0.28307936,0.0313,465.44832456655996,58.82438977801665,1.155326758,0.1663063583999999,0.3237813360000001,3.823652253E42,1.80877802490977E42,1.24552121553363E42,6.976953458E42,4.86929480116622E42,2.6831344117122304E42,1.085310319,0.2114110712999999,0.463819111,3.574058369E42,2.10828068924291E42,1.4146510752868E42,6.383013090000001E42,5.32448573789261E42,2.80884144388659E42,500.0,420.6209591523575,494.14051932651483,423.05190482504656,494.5313732928387,423.67381268875874,465.44832456655996,465.44832456655996,465.44832456655996,465.44832456655996,465.44832456655996,true,243263,17.09813,0.0036980202,0.26584536,0.012716928,0.3147481,0.27933428,0.27933428,0.26584536,0.28276575,8.2266445,1.4872816,8.318174,1.4610823,0.6067986,1.0088905,0.0061927843,0.0,0.5166002,0.28307936,0.011758448,10,0.024388732,5.8531523,2.060776,7.913928,0,0.6337017,357.068685531239,0.969014970126469,1.0303657,-5.8753915,-1758.9585,-15.7813425,318.37347,8.2266445,0.0,5,1,-1.8017256,3.0024972,7.4981117,0.28348765,0.010680082,0.3326723,22.604042,22.604042,23.559084,56
DESY3RM-243557,345.727066882618,0.20804501778795,0.29092655,0.04,268.3363173115076,45.87867003223371,0.5433597166,0.1558087123,0.1538664531999999,7.293815449E41,7.1373381317864E41,4.6428058264402E41,1.1247960200000001E42,1.12352469530187E42,7.6029572791991E41,0.6047242657,0.1577130319,0.1334989636999999,9.723420111000002E41,5.139098166192801E41,4.7054163152421E41,1.497719201E42,1.10640783077021E42,6.9058896485184E41,500.0,306.31234079408443,268.6281492741721,268.8180934034836,268.3363173115076,268.3363173115076,268.3363173115076,268.3363173115076,268.3363173115076,268.3363173115076,268.3363173115076,true,243557,17.595192,0.0036226783,0.29347098,0.012927842,1.3290854,-1.0,-1.0,0.29347098,0.2916471,7.952055,1.5089022,7.6927204,1.554053,0.6026926,1.0161594,0.018097065,0.0,1.2602183,0.29092655,0.0105813565,1,0.05337036,5.847852,3.612807,9.460659,0,0.6240945,345.727066882618,0.20804501778795,1.2613169,14.772559,-5449.935,35.853706,-3149.6106,7.931538,0.1323089,5,3,-2.319844,2.0236008,7.5424643,0.29163837,0.00922658,0.2598948,22.417385,22.417385,23.559084,11
DESY3RM-245121,37.3546184464352,-8.8407756411316,0.19423848,0.029,417.38046083276066,26.643046368289635,1.05107914,0.1029390358999998,0.091127006,1.0370608320000001E42,1.0370608320000001E42,8.31768781891546E46,1.828748282E42,1.828748282E42,3.918009614009225E47,1.030421662,0.1904899573999999,0.1681311279999999,1.178317279E42,1.1783172789999901E42,2.512574700004995E48,2.0579876600000004E42,2.0579876600000004E42,9.124492031774585E48,500.0,435.63388498341175,421.4557247944502,414.6579255793364,417.38046083276066,417.38046083276066,417.38046083276066,417.38046083276066,417.38046083276066,417.38046083276066,417.38046083276066,true,245121,16.756912,0.0024696512,0.19326137,0.010987906,0.64822805,-1.0,-1.0,0.19326137,0.19255458,6.9299717,1.3604668,8.11986,1.247414,0.58633566,1.0007961,0.0013800717,0.0,0.6097689,0.19423848,0.008693861,1,0.03007669,5.8140144,3.6076899,9.421704,1,0.5866294,37.3546184464352,-8.8407756411316,1.386964,0.65677917,438.62244,-8.163182,-1545.6086,6.9299717,0.0,5,1,-0.8228461,1.7000477,4.756742,0.19105764,0.008059924,0.23801264,22.350887,22.350887,23.559084,52
DESY3RM-246513,36.5731636411928,-2.65845614753601,0.1220092,0.0217,370.0654369807745,18.592659146921278,0.8134682829,0.0470104564999999,0.0462482162,2.987281563E42,4.8181407208729005E41,4.4355152081754E41,4.8129433910000005E42,7.964923171279E41,6.5725044716751E41,0.8164303678,0.0551338724,0.0586719945999999,2.4837674300000004E42,5.156706968943601E41,3.572306786835E41,4.0050204010000004E42,6.3510846072842006E41,7.323604795265601E41,500.0,378.5795452105396,372.81595628487986,369.60874587384177,370.0654369807745,370.0654369807745,370.0654369807745,370.0654369807745,370.0654369807745,370.0654369807745,370.0654369807745,true,246513,15.048792,0.00118732,0.12232383,0.008972383,0.46805856,0.0556,0.0556,0.12232383,0.12031298,7.5401707,1.5803881,5.08412,1.2388792,0.5963157,1.0381964,0.034978308,0.0,0.44282913,0.1220092,0.011162076,1,0.024778293,5.786408,3.4417868,9.228195,3,0.60933506,36.5731636411928,-2.65845614753601,1.7331003,-2.7066498,3631.2742,-6.2677126,8899.306,7.5401707,0.0,5,1,-3.1116264,3.0789604,6.913595,0.1203306,0.010289371,0.20451546,22.236208,22.236208,23.559084,2
DESY3RM-246761,351.390361956858,-55.741657318003,0.20674288,0.0123,398.29201987563823,36.27146449728491,0.8645006737,0.1291887743000001,0.1363988693,9.625262725E41,9.297729491090101E41,7.607753298625E41,1.566407827E42,1.566407827E42,1.61330369093762E42,1.571195887,0.380542739,0.649421254,2.4291289600000004E42,7.4880110092441E41,8.6473149056405E41,5.007342881E42,1.4522936887782802E42,2.41044480326916E42,500.0,322.7166910483679,382.7716253220284,384.4189509487866,398.29201987563823,398.29201987563823,398.29201987563823,398.29201987563823,398.29201987563823,398.29201987563823,398.29201987563823,true,246761,16.900824,0.0035955212,0.19766095,0.010498437,2.6410472,-1.0,-1.0,0.19766095,0.20375644,5.7705936,1.0499824,6.9452267,1.0604053,0.56525457,1.022258,0.025284091,0.0,2.758959,0.20674288,0.009274544,1,0.013659337,5.781306,2.9800768,8.761383,1,0.5402364,351.390361956858,-55.741657318003,1.9144413,10.859241,-6270.0757,12.858939,-5351.6724,5.79484,0.08686467,5,3,-1.0577629,1.7176905,4.538947,0.20375955,0.0086564375,0.2754055,22.461212,22.461212,23.559084,37
DESY3RM-248670,9.94404807756362,-43.3480438590898,0.13844775,0.026,346.2188532448345,46.801526487566605,0.7390486772,0.1649528033999999,0.1065465276,1.0318165500000001E42,2.3779974537723E41,2.2500590743701E41,1.626208208E42,4.9564590678855E41,3.2946472610043005E41,0.3812673861,0.0744779308999999,0.3774271898,5.888011460000001E41,3.1524039254411E41,1.7209206942499002E41,1.0338543210000001E42,5.2011135932204E41,5.219613709634101E41,500.0,636.5379562211501,332.7315364927693,350.20813510692824,346.2188532448345,346.2188532448345,346.2188532448345,346.2188532448345,346.2188532448345,346.2188532448345,346.2188532448345,true,248670,15.102541,4.812801E-4,0.13468032,0.009899993,3.2694898,0.126271,-1.0,0.13468032,0.13642956,7.280836,1.5811642,7.96731,1.2396669,0.5921562,1.1168482,0.103239976,0.0,2.7607102,0.13844775,0.01023827,2,0.009070937,5.7424808,2.2483382,7.990819,1,0.5998134,9.94404807756362,-43.3480438590898,1.0036592,8.934998,-7173.7617,24.293076,-13703.751,7.200427,0.18659244,5,3,-3.0370564,3.7848434,7.471625,0.13616297,0.009508404,0.21819022,22.285143,22.285143,23.559084,13
DESY3RM-249086,46.6485257146755,-9.77202392028772,0.29243767,0.0661,753.2640041013276,118.60736964852113,3.356013798,0.9139085430000002,1.4609929299999995,1.050632129E43,1.06986549124978E42,1.3410923435088302E42,2.8334235470000004E43,6.68890296868752E42,5.0801245023103006E42,3.2477728,1.0020016109999998,1.7317436209999997,9.129820408000001E42,8.936901236321001E41,1.32851589527244E42,2.426106461E43,5.3999535228047206E42,4.76398140382628E42,500.0,746.168075693244,744.6329165853222,759.4991496757598,753.264004101327,753.2640041013271,753.2640041013274,753.2640041013275,753.2640041013276,753.2640041013276,753.2640041013276,true,249086,18.577335,0.005760221,0.32894447,0.01562534,0.60529935,-1.0,-1.0,0.32894447,0.307259,8.363939,2.111301,6.9757366,1.2368481,0.60881054,1.1859424,0.15809318,0.0,4.6214604,0.29243767,0.012217325,3,0.07413528,5.734807,-0.4215121,5.313295,1,0.6384392,46.6485257146755,-9.77202392028772,1.6395607,-1.456488,143.65762,31.601194,10896.47,8.363939,0.0,5,1,0.8047245,0.8291489,2.8598616,0.29320195,0.011040235,0.18132316,22.145206,22.145206,23.559084,39
DESY3RM-250039,33.3705607856619,-8.2205522321727,0.24002561,0.0245,462.7701201926444,49.6323933932543,1.332720755,0.2493556459999999,0.1780319329999999,1.871840768E43,4.9583943388778305E42,4.9132719762455705E42,3.6438086310000004E43,8.7564142051635E42,1.2543146740314803E43,1.365160049,0.310128886,0.3296130939999999,1.407455982E43,4.18214361835952E42,5.5423867449457003E42,2.776325737E43,9.217373802623691E42,1.112752118833807E43,500.0,444.63580105172605,466.8958027413385,462.40964891304213,462.7701201926443,462.7701201926444,462.7701201926444,462.7701201926444,462.7701201926444,462.7701201926444,462.7701201926444,true,250039,16.25514,0.0012619396,0.2303604,0.010307445,0.3384672,0.23610976,-1.0,0.23820622,0.23980233,7.982565,1.7253392,6.4418125,1.3498377,0.60315436,1.017347,0.017769273,0.0,0.33648184,0.24002561,0.009240836,2,0.023153624,5.7142105,2.6845062,8.398717,1,0.6251709,33.3668777121408,-8.26434598642782,0.8837749,1.1689746,-1544.9929,18.485174,618.115,8.590886,0.9500141,5,4,-0.8493569,4.4153523,8.275181,0.23831591,0.008429486,0.18299913,22.152163,22.152163,23.559084,11
DESY3RM-250310,349.423463650721,-55.1672883205702,0.21555558,0.0115,155.40563514430156,18.976911605136895,0.1973466293,0.0329017174,0.0365946092,1.436173966E42,4.6181584981143E41,1.5472018075068001E41,5.699136008E42,1.2421696707905101E42,8.2564143463455E41,1.434069558,0.2242386300000001,0.4286413959999999,1.3773145430000002E42,2.9896485542635E41,4.7083091698176E41,2.7567686460000004E42,1.1448151821139701E42,1.05455311498905E42,500.0,456.8947788518873,394.5529639795578,339.7174843037255,647.776333650671,365.7703762786535,699.2881291697299,166.17999364298083,155.40563514430156,155.40563514430156,155.40563514430156,true,250310,16.506523,0.0019730162,0.21584162,0.009921573,0.80837184,-1.0,-1.0,0.21584162,0.21277454,6.716402,1.2039137,8.699549,1.398928,0.5826763,1.0143104,0.014988688,0.0,0.90993446,0.21555558,0.009536206,1,0.011743423,5.708211,3.7022412,9.410452,1,0.5784238,349.423463650721,-55.1672883205702,1.2633524,0.45633405,-364.44443,3.4641876,-1434.194,6.7434406,0.14985701,5,2,-2.822107,2.7190008,6.323109,0.2128198,0.008904894,0.24560376,22.374624,22.374624,23.559084,93
DESY3RM-250897,54.2283317128681,-28.0766069771852,0.20997241,0.00778,746.4897115958134,27.67019666838522,2.9906943,0.1787719339999998,0.1794014270000001,3.981212726000001E43,2.0375788490053204E42,2.2248552111349002E42,1.025670477E44,5.70120521539787E42,7.103564868719751E42,2.972602088,0.1866933610000001,0.1876834560000002,3.5735721430000006E43,2.2209323709499104E42,2.43953403206707E42,9.183523325E43,8.54710659571067E42,6.378519015835541E42,500.0,767.3313797500138,760.2007018055688,752.444342279829,746.4897115958134,746.4897115958134,746.4897115958134,746.4897115958134,746.4897115958134,746.4897115958134,746.4897115958134,true,250897,17.292496,0.0017969034,0.19677418,0.011244613,8.914344,0.1504,0.1947,0.237282,0.22189711,5.3434544,1.8204002,8.958883,1.7415875,0.5566272,1.1444955,0.13029872,0.0,9.428894,0.20997241,0.009679623,10,0.011904989,5.695815,-4.0457244,1.6500907,0,0.5218607,54.2306971963653,-28.0732099976704,1.6981295,-0.8576966,-115.012825,-30.355663,9005.314,5.160629,0.45390096,5,3,0.60239816,1.240552,2.9393978,0.20707038,0.009079093,0.23225257,22.332365,22.332365,23.559084,59
DESY3RM-252199,18.868135396158,-0.0557118805241775,0.10285846,0.0306,653.4829698097338,104.51494667414563,2.101834723,0.5865902590000001,1.2276559639999998,1.8695198170000002E42,4.7673561125375E41,6.5294174009870005E41,4.263335766000001E42,1.29918187072823E42,2.34862006733301E42,2.157855949,0.624701913,1.481827112,1.8379558790000003E42,2.3340916245756E41,7.749457798120601E41,4.229847997E42,1.2805078111753902E42,1.7853235296126302E42,500.0,1373.2310192073962,904.8691667644548,648.684585962352,653.4829698097337,653.4829698097338,653.4829698097338,653.4829698097338,653.4829698097338,653.4829698097338,653.4829698097338,true,252199,15.829838,7.679286E-4,0.10099145,0.008687355,0.50378394,0.089853264,0.089853264,0.10099145,0.10208669,8.424959,1.625675,7.1893063,1.3488064,0.60969627,1.0266689,0.026868848,0.0,0.5422781,0.10285846,0.006975555,1,0.029540561,5.6703606,1.4179813,7.0883417,0,0.64053094,18.868135396158,-0.0557118805241775,1.0685141,-12.118768,-1167.2411,-53.738216,2928.1414,8.086226,1.081721,5,3,0.65489227,1.0626523,5.524602,0.10196362,0.0048421836,0.24479032,22.372116,22.372116,23.559084,35
DESY3RM-253076,36.5190508005103,-2.96971519951739,0.28704357,0.0208,418.960801513917,56.12809271594893,1.189123107,0.2646178674999999,0.162757733,4.5728464620000004E42,1.30892633495953E42,1.12700126754125E42,8.428228115E42,2.82843575615294E42,1.9435294556655203E42,0.8302419969,0.5112310839,0.2486241920999999,1.7664921950000002E42,1.3091772626354702E42,4.2386331190570996E41,2.835713359E42,1.7360247418534702E42,1.04202002674535E42,500.0,204.92842293583604,499.47134799361345,382.1417595842357,418.960801513917,418.960801513917,418.960801513917,418.960801513917,418.960801513917,418.960801513917,418.960801513917,true,253076,16.830019,0.0037280058,0.2719932,0.013088645,0.45253286,0.2873411,0.2873411,0.2719932,0.28765863,7.81476,1.477781,4.977335,1.3648443,0.60059696,1.0006562,0.0035596932,0.0,0.20523104,0.28704357,0.013777058,1,0.023625977,5.6532025,1.9664571,7.6196594,1,0.61922246,36.5190508005103,-2.96971519951739,1.2088147,4.2952185,-18.447485,2.8442047,-391.11356,7.81476,0.0,5,1,-2.9214005,3.969298,7.5025587,0.28761134,0.012818451,0.19251777,22.1905,22.1905,23.559084,86
DESY3RM-256635,354.973287227648,-55.9988834864746,0.29499626,0.0105,593.1444068845908,30.283836272484105,1.649373183,0.1266901710000001,0.289294017,1.2355337130000003E43,3.0813451332186E42,1.4578255798242E42,2.5515663770000006E43,6.778912862895601E42,2.9759689477304003E42,1.837207783,0.2701402449999999,0.2803121949999998,1.2253132280000002E43,2.06955866523983E42,1.9369670634072504E42,2.6233430940000003E43,6.05939747752472E42,1.97648889664371E42,500.0,495.0768091365622,568.3303348583565,496.15857658401717,547.5725858623388,593.1444068845908,593.1444068845908,593.1444068845908,593.1444068845908,593.1444068845908,593.1444068845908,true,256635,17.062244,0.0017871809,0.3016951,0.013132181,0.25483415,-1.0,-1.0,0.3016951,0.29590312,7.7384853,1.7970822,7.5401707,1.497438,0.59941995,1.0909435,0.08281293,0.0,0.5624226,0.29499626,0.011298708,1,0.011623571,5.583971,2.9344728,8.518444,1,0.6164954,354.973287227648,-55.9988834864746,1.2375251,-1.5927829,-794.9738,-0.6977469,-1314.4901,7.545818,0.6074156,5,2,-3.7891045,3.4143472,8.037235,0.29584485,0.00996724,0.37004712,22.684542,22.684542,23.559084,70
DESY3RM-259193,18.622668440936,0.470216688637079,0.106846884,0.0312,201.61691463087936,48.0947975674076,0.1353068683,0.10751403183,0.4807129882,3.927708206E40,3.927708206E40,-3.9275654376640003E40,7.392261644E41,7.392261644E41,-2.9058502745862003E41,0.1358629146,0.126153156909,0.3589509281,3.2262440840000004E40,3.2262440840000004E40,-3.0376645005200004E40,5.9869087590000006E41,5.9869087590000006E41,-5.986908004212E41,500.0,203.04821059612038,188.03778603249276,186.43394317548177,201.61691463087936,201.61691463087936,201.61691463087936,201.61691463087936,201.61691463087936,201.61691463087936,201.61691463087936,true,259193,15.615235,4.7619964E-4,0.108282566,0.0076615913,0.18492614,0.09128735,0.09128735,0.108282566,0.10582431,6.777422,1.5162033,3.4213276,0.7018074,0.5837312,1.0373253,0.037656903,0.0,0.14463414,0.106846884,0.007980762,1,0.028948756,5.5353737,3.2981231,8.833497,1,0.5807827,18.622668440936,0.470216688637079,1.1956841,-19.460623,2191.1658,-63.33481,9595.695,6.7776103,0.031188905,5,2,-0.023940213,1.3972532,7.3598723,0.10578537,0.006321105,0.24715452,22.379383,22.379383,23.559084,4
DESY3RM-259891,54.8775530882103,-53.5725283693053,0.2261626,0.0135,524.1401906127702,37.72430935452866,1.59058519,0.2207864970000002,0.2624128849999998,5.5458597300000007E42,6.1271491950711005E41,8.0851885854804E41,1.146624987E43,2.15860699155651E42,2.5956565476255003E42,1.622281185,0.2332667459999999,0.327425646,4.5362336840000005E42,1.02287074921441E42,6.3808777823086E41,9.445007541000001E42,1.48802755831026E42,1.9165096729850502E42,500.0,520.1707960799766,523.5759176133639,515.854910499165,524.1401906127702,524.1401906127702,524.1401906127702,524.1401906127702,524.1401906127702,524.1401906127702,524.1401906127702,true,259891,16.026443,9.084229E-4,0.22337036,0.010014908,0.508533,-1.0,-1.0,0.23227999,0.22656475,5.007845,1.2420385,6.807932,1.3464934,0.54945254,1.0069263,0.007835171,0.0,0.22181751,0.2261626,0.010247753,3,0.017216384,5.522175,2.625683,8.147858,0,0.50684774,54.8490422663749,-53.5796463984865,1.6491572,15.701152,7968.408,-5.095673,2579.2988,4.988918,0.103386566,5,2,-3.9222982,4.7308893,6.5714064,0.22382112,0.009613806,0.41766065,22.776054,22.776054,23.559084,21
DESY3RM-262040,354.155972080304,-56.2955021425749,0.24268991,0.0136,399.3070089275158,62.45936260786111,1.023991836,0.1930750348,0.169075295,1.1232563980000002E42,9.7676439508848E41,8.599198768529401E41,1.944190431E42,1.3867693388825801E42,1.48019359231023E42,1.027027551,0.1917707210999999,0.1833968889999999,7.831230344E41,7.831230344E41,7.9338624722852E41,1.3573060760000002E42,1.3573060760000002E42,1.94156196300154E42,500.0,400.4133896784256,396.3626522719997,392.42119662385255,399.3070089275158,399.3070089275158,399.3070089275158,399.3070089275158,399.3070089275158,399.3070089275158,399.3070089275158,true,262040,16.735447,0.0013255435,0.24972716,0.011792804,2.0520518,-1.0,-1.0,0.24972716,0.2410958,6.731657,1.1718199,7.235071,1.2316817,0.5829407,1.0074198,0.009641874,0.0,2.7138035,0.24268991,0.009414775,1,0.013760194,5.4820113,3.1553774,8.637388,1,0.5790146,354.155972080304,-56.2955021425749,1.1963071,21.363573,-2104.0369,9.334223,14650.091,6.731657,0.0,5,1,-2.5650246,2.9133,4.647432,0.24111195,0.008596175,0.38831425,22.720972,22.720972,23.559084,0
DESY3RM-262342,51.7510335919318,-28.2771531342385,0.2252648,0.00918,414.0057236238005,27.008879406041967,0.9887463567,0.1468243865999999,0.1308903582999999,1.752344431E42,6.3576036694691E41,5.668665768686901E41,2.994972577E42,7.411535767385201E41,8.913593212779301E41,0.964621662,0.3274665758999999,0.331072074,1.0078384610000001E42,5.3908515503006005E41,4.1090335002732E41,1.7048303540000003E42,8.928624797205701E41,8.2419277356125E41,500.0,413.01278757862224,390.6077822503783,337.27122471780524,390.7873135195716,334.6760679468842,453.6935645898551,414.0057236238005,414.0057236238005,414.0057236238005,414.0057236238005,true,262342,17.484724,0.0027626192,0.22971395,0.010713865,0.33059642,-1.0,-1.0,0.22971395,0.22278182,5.7553387,1.0389557,4.290861,1.0193646,0.5649554,1.0040957,0.0086640585,0.0,0.46061897,0.2252648,0.008599275,1,0.011237702,5.4767303,2.0898967,7.566627,0,0.5395933,51.7510335919318,-28.2771531342385,1.8139312,-4.8231015,-875.97345,25.883059,3613.9065,5.7552834,0.068359375,5,2,3.2650697E-4,1.2238326,4.087538,0.22288665,0.007838902,0.32342708,22.582733,22.582733,23.559084,60
DESY3RM-263113,62.3561966970828,-28.0221905732658,0.22652012,0.0253,412.7140696576715,179.35305156244806,0.8839266541,0.2626498464,0.7130107068999999,1.9111513910000002E42,1.44786150090374E42,6.039180685164901E41,3.134513075E42,2.33874739295846E42,1.5913265289352003E42,0.8068193043,0.381937994,3.7637480447,1.2229798280000001E42,7.103941048682901E41,9.638717240462001E41,1.9583123160000002E42,1.5458754424088403E42,1.2141091588438502E42,500.0,405.9971686563738,361.9039141556911,491.145778517413,397.67504924434763,412.71406965767136,412.7140696576715,412.7140696576715,412.7140696576715,412.7140696576715,412.7140696576715,true,263113,17.254478,0.0026820656,0.22573733,0.010072382,0.8591224,-1.0,-1.0,0.22573733,0.225072,7.265581,1.4508404,7.96731,1.3932368,0.5919078,1.0376718,0.037119113,0.0,0.86800766,0.22652012,0.00850732,1,0.038347162,5.462471,3.1587853,8.621256,0,0.5992476,62.3561966970828,-28.0221905732658,1.1010664,-8.154192,-1764.0546,2.643648,4658.389,7.1241636,0.46688676,5,3,-0.6476726,1.5327204,5.634429,0.2241935,0.007729535,0.265299,22.432945,22.432945,23.559084,72
DESY3RM-263183,342.577065357239,-45.0312939599104,0.22852041,0.0107,413.7444159823742,18.092425632304202,0.2452286759,0.0346115174999999,0.0432515648,2.7582735040000002E42,2.7582735040000002E42,5.703595629521771E53,6.834834625E42,6.834834625E42,1.83184147850437E54,0.2314049025,0.0210227283999999,0.0483195748999999,2.4923939430000003E42,2.4923939430000003E42,-4.2478692803723E41,6.616958099000001E42,6.616958099000001E42,2.3586965747561E41,500.0,207.93259893541463,384.18463102464887,188.29589049221573,436.923092307686,413.7444159823742,413.7444159823742,413.7444159823742,413.7444159823742,413.7444159823742,413.7444159823742,true,263183,18.241085,0.0057492675,0.23352884,0.013876622,9.22074,-1.0,-1.0,0.23352884,0.22634548,8.424959,1.8175819,8.577509,1.5546688,0.60969627,1.0600755,0.05799458,0.0,9.343927,0.22852041,0.010530185,1,0.01090986,5.461248,-2.355752,3.105496,1,0.64053094,342.577065357239,-45.0312939599104,1.4152368,2.9184444,-590.0458,43.94687,-2924.1716,7.9066043,0.897267,5,5,0.35163927,0.63015646,4.0644803,0.22627853,0.009901439,0.18767305,22.17123,22.17123,23.559084,19
DESY3RM-263619,334.634692271516,-0.500705798327154,0.12813677,0.0488,370.775832918843,35.950603948940476,0.8554921236,0.1423095009,0.1148532784999999,1.134375436E42,3.9017312025854E41,3.8354076826994E41,1.8492248800000002E42,8.590169135963901E41,6.3546537885433005E41,0.8616162741,0.1201249818999999,0.1133429263999999,6.746731402000001E41,4.5944775750407005E41,5.653686255987901E41,1.1017181520000001E42,7.0553233363772E41,9.306785818255301E41,500.0,364.8888274191223,377.3306632552807,372.11533317741544,370.775832918843,370.775832918843,370.775832918843,370.775832918843,370.775832918843,370.775832918843,370.775832918843,true,263619,15.34577,6.3309236E-4,0.12910813,0.009111153,3.6656127,0.11781761,0.11781761,0.12910813,0.12820798,6.4265575,1.4320798,5.9231434,1.2609329,0.5775581,1.0268731,0.02879729,0.0,3.5660837,0.12813677,0.008948303,1,0.07987618,5.45291,3.3866696,8.83958,0,0.5670547,334.634692271516,-0.500705798327154,0.9922835,16.361877,-3562.6426,-21.4521,-19509.146,6.4265575,0.0,5,1,-2.2409565,2.5875747,4.91208,0.1262221,0.00794343,0.28351244,22.483147,22.483147,23.559084,23
DESY3RM-265996,324.373698696064,-60.7054627755733,0.25742957,0.0292,574.8297679051115,43.7090185507126,2.027791306,0.2542070460000001,0.2796024509999997,1.750389288E43,1.52471921652725E42,1.4566312605332702E42,3.917865711E43,3.76146216595942E42,3.83185043361666E42,0.7524168623,0.0454207966,0.0454408896999999,1.4373809900000001E43,1.1863842497328202E42,1.1854619290921301E42,2.2619061080000004E43,2.2859241623629003E42,2.3037761682523002E42,500.0,528.5625827512943,566.8663992058931,576.3934684861513,574.8297679051115,574.8297679051115,574.8297679051115,574.8297679051115,574.8297679051115,574.8297679051115,574.8297679051115,true,265996,17.133139,0.001680933,0.24968638,0.011853329,1.7579947,-1.0,-1.0,0.24968638,0.25657874,7.265581,1.3967139,5.3129444,1.1568791,0.5919078,1.0068715,0.006334343,0.0,1.8017567,0.25742957,0.011506941,1,0.036063116,5.4084964,3.5128956,8.921392,1,0.5992476,324.373698696064,-60.7054627755733,1.2060066,11.476257,454.1123,72.66724,6612.8135,7.265581,0.0,5,1,-2.1026545,2.3252864,5.4824023,0.25660628,0.010722119,0.36701447,22.67832,22.67832,23.559084,32
DESY3RM-270366,20.4234254383492,-0.129866267987392,0.28827682,0.0351,297.5018876487433,47.5943599097895,0.6825929775,0.2322269951,0.1612939025999999,1.1604589800000001E43,3.61437411458556E42,2.2904074318963E42,1.7859427330000002E43,5.642724212530271E42,3.15008235455152E42,0.5821608436,0.1632139697999999,0.2554826744,8.586011416000001E42,3.32202457421932E42,9.6902255516019E41,1.3237144660000002E43,5.0499018671552103E42,4.6562035653949E42,500.0,547.2483749721973,830.6055230673372,322.6365031236271,280.47584223102405,330.1048816901343,297.5018876487433,297.5018876487433,297.5018876487433,297.5018876487433,297.5018876487433,true,270366,17.386147,0.005852319,0.3135421,0.014367761,0.33651236,0.28429085,0.28429085,0.3135421,0.28886524,8.2266445,1.7028985,7.372366,1.5140015,0.6067986,1.0184965,0.02044711,0.0,2.8384345,0.28827682,0.011115115,10,0.03571528,5.3291516,2.106946,7.4360976,0,0.6337017,20.4234254383492,-0.129866267987392,1.1561507,34.87742,405.0788,51.266228,-21857.682,8.2266445,0.0,5,1,-1.9367795,2.4024234,4.770913,0.28889164,0.0098809125,0.17535263,22.119892,22.119892,23.559084,78
DESY3RM-270688,14.2472328730103,-0.143299923511987,0.27759814,0.0249,450.1025340663945,150.79047325744082,1.248092926,0.4573337745,2.490001017,5.360017873000001E42,3.2763017872292206E42,3.0955333835157106E42,1.0795011660000002E43,9.94085625532004E42,7.952303907258182E42,1.36647499,0.1588191439999999,0.549914005,7.315395432000001E42,2.55768313902669E42,3.08493598333913E42,1.542269117E43,4.60159006194508E42,1.013967935246644E43,500.0,457.6402864143794,455.4897585243376,458.52231450088,450.10253406639436,450.10253406639447,450.1025340663945,450.1025340663945,450.1025340663945,450.1025340663945,450.1025340663945,true,270688,17.637152,0.0037493112,0.2631363,0.013627551,0.20853944,-1.0,-1.0,0.2631363,0.27781877,8.913118,2.0102768,6.731657,1.5463219,0.61660343,1.1300493,0.11691348,0.0,0.3840291,0.27759814,0.012064415,1,0.024342794,5.3232555,2.790875,8.11413,1,0.6569737,14.2472328730103,-0.143299923511987,1.4881662,-2.560845,198.56139,-9.852982,478.9833,8.657838,0.6281172,5,4,-2.797578,1.7447422,8.563956,0.2777682,0.011091979,0.2482756,22.382805,22.382805,23.559084,99
DESY3RM-272031,39.9728339210936,-1.55513108158888,0.13085814,0.0289,1100.163257232107,29.10533390192601,5.555116907,0.2241263470000003,0.1548514219999992,6.856043561000001E43,5.2125779534853005E41,4.2834038643019004E41,2.355108092E44,3.1529499455116306E42,4.47444079658825E42,6.324453626,0.1944764870000002,0.1938041289999992,5.242058543000001E43,4.9794287106621E41,3.6873918491246E41,1.9112489370000004E44,4.03325888863502E42,2.7634481971392302E42,500.0,1100.423062474544,1100.2561272871494,1100.5987690584568,1100.163257232107,1100.163257232107,1100.163257232107,1100.163257232107,1100.163257232107,1100.163257232107,1100.163257232107,true,272031,16.604527,0.0019864622,0.12988582,0.009619646,0.5761398,-1.0,-1.0,0.12988582,0.12882468,6.075693,1.1199251,5.05361,1.1349602,0.57110924,1.0080525,0.009127211,0.0,0.500207,0.13085814,0.011483402,1,0.033150535,5.2990236,0.5636,5.8626237,1,0.5529079,39.9728339210936,-1.55513108158888,1.829286,8.652147,1220.2507,10.608934,-418.02655,6.075693,0.0,5,1,0.84036887,0.8465785,4.50005,0.12884223,0.010752515,0.19249304,22.190403,22.190403,23.559084,85
DESY3RM-272168,25.5882790083348,0.088929159396184,0.18830092,0.0275,416.53691491091456,40.022897209529766,1.09095627,0.1911898340999999,0.2359141010000001,1.898645954E42,9.552622819852302E41,3.5858821576610006E41,3.3942581940000007E42,1.63593973329485E42,1.275991198394E42,1.071662873,0.2873642157999999,0.2068069599999999,1.395207578E42,5.926926297795001E41,5.6140122091081E41,2.474280599E42,1.3692767230846902E42,6.606527837888101E41,500.0,422.24207178590945,421.2030712554993,421.0634520435508,416.53691491091456,416.53691491091456,416.53691491091456,416.53691491091456,416.53691491091456,416.53691491091456,416.53691491091456,true,272168,17.253035,0.0028765178,0.1963339,0.009875971,0.40333107,-1.0,-1.0,0.1963339,0.18562834,8.333429,1.4731019,9.447042,1.501346,0.6083657,1.0097649,0.008533333,0.0,0.99829245,0.18830092,0.0075563486,1,0.031203182,5.2964697,0.3070571,5.6035266,0,0.63739014,25.5882790083348,0.088929159396184,1.0149255,8.836189,-7435.6665,14.400638,-14421.676,8.346833,0.07895072,5,2,0.7501459,1.0040768,4.392416,0.18508959,0.006824869,0.29165643,22.504559,22.504559,23.559084,46
DESY3RM-273488,331.318752969887,-1.91299863269575,0.11637845,0.0594,1174.4752863457184,38.79680170297889,6.140225168,0.3307177439999993,0.3283762170000006,2.63616031E43,5.0250599073515E41,3.8211371197515E41,9.468746476000001E43,2.7399857298500102E42,3.0891552579675507E42,6.320810709,0.4248475919999999,0.4228448499999997,2.0602088380000002E43,4.9610421063945E41,4.8937172726449006E41,7.502342168000001E43,3.9439664246243404E42,2.80514171028173E42,500.0,1074.2587898112583,1194.726589902395,1171.1942949587392,1174.4752863457184,1174.4752863457184,1174.4752863457184,1174.4752863457184,1174.4752863457184,1174.4752863457184,1174.4752863457184,true,273488,14.838115,7.1016385E-4,0.11368984,0.008628816,1.6492597,-1.0,-1.0,0.11368984,0.11490414,7.6927204,1.6162468,2.033125,0.49402717,0.5987093,1.014194,0.013047024,0.0,1.2465086,0.11637845,0.009665636,1,0.1738842,5.273202,3.3493073,8.622509,0,0.614852,331.318752969887,-1.91299863269575,1.7155098,0.20799707,-3817.8237,1.2438093,-3197.503,7.6927204,0.0,5,1,-3.6862502,3.399047,10.07457,0.11492469,0.0085413195,0.16074467,22.054129,22.054129,23.559084,88
DESY3RM-274144,17.0218412556161,-15.9720134737989,0.20985284,0.0164,544.0015584954963,103.58784351349794,0.2377110893,0.0302282445,0.0370002885999999,7.147578117000001E42,3.84605067611803E42,1.7321280731312E42,3.451516387E43,1.9025736963751072E43,1.030550728079194E43,2.149504362,0.673591426,1.524490133,4.8738826150000005E42,3.52933888359938E42,2.21982488350551E42,1.1756184350000002E43,6.674291975922361E42,6.32768522885832E42,500.0,794.5668072726137,159.15496470184556,541.7496702983058,544.0015584954963,544.0015584954963,544.0015584954963,544.0015584954963,544.0015584954963,544.0015584954963,544.0015584954963,true,274144,16.498432,0.0027424765,0.2119597,0.012288578,5.890927,-1.0,-1.0,0.2119597,0.20689823,5.7400837,0.9828559,5.434984,1.1847446,0.5646556,1.016897,0.017158931,0.0,6.079126,0.20985284,0.010202938,1,0.022116154,5.2616105,3.3445375,8.606148,1,0.5389492,17.0218412556161,-15.9720134737989,1.6058846,36.36316,-2709.0972,41.131775,9189.759,5.7400837,0.0,5,1,-2.6339846,2.5750184,4.321434,0.20694764,0.009635453,0.24794513,22.381798,22.381798,23.559084,30
DESY3RM-277276,38.5079845616254,-44.4471526333454,0.29173067,0.016,310.1648362820129,29.121080131240667,0.8574503079,0.1641482588999999,0.0951463449999999,2.006297783E42,1.0375756504258702E42,1.08746009860863E42,3.242086589E42,2.1409037863463403E42,2.4600408076678904E42,0.344126267,0.1085178128999999,0.3984497614,4.321227487E41,4.321227487E41,6.107264303515896E45,7.774957748E41,7.774957748E41,1.1797116668541555E46,500.0,322.70995849377493,220.22058322892764,171.3655124594113,309.4766407155633,310.1648362820129,310.1648362820129,310.1648362820129,310.1648362820129,310.1648362820129,310.1648362820129,true,277276,17.349737,0.0029361127,0.30205652,0.013337587,0.3204671,-1.0,-1.0,0.30205652,0.29234302,6.853697,1.3434025,6.807932,1.3240788,0.5850392,1.0107449,0.012427506,0.0,0.8677835,0.29173067,0.0130062485,1,0.018195704,5.206972,3.0327294,8.239701,0,0.58371496,38.5079845616254,-44.4471526333454,1.7860281,11.71664,-2577.924,13.841155,-7272.1177,6.8413935,0.052262064,5,2,-2.940508,2.5526652,5.8384047,0.2924708,0.011918082,0.3066025,22.542343,22.542343,23.559084,74
DESY3RM-277648,35.8392017300706,-8.88049449588443,0.27436924,0.0422,775.7052921584021,128.5499488775575,3.396110277,1.084334515,1.7363532609999996,1.5778126780000002E43,3.56289801138706E42,4.745379168683791E42,4.299429065E43,1.468129355645356E43,1.340097478320633E43,3.183917532,1.0318034480000002,1.911881102,1.350893181E43,3.91141879177565E42,3.562118028825221E42,3.5786278560000005E43,1.274024369153808E43,1.1134539835476461E43,500.0,775.4237755960556,751.8976136603351,836.8088934770651,677.7112892227946,762.1121817818397,775.7052921584021,775.7052921584021,775.7052921584021,775.7052921584021,775.7052921584021,true,277648,17.603474,0.003334704,0.28443053,0.013278191,0.24917501,0.27526832,0.27526832,0.28443053,0.2758211,6.777422,1.5225153,5.2214146,1.3497916,0.5837312,1.0013789,0.004173623,0.0,0.76444376,0.27436924,0.010672961,10,0.037355445,5.2001686,2.1280234,7.3281918,0,0.5807827,35.8392017300706,-8.88049449588443,0.85843736,-1.3690212,-1089.6451,-13.63023,2230.9368,6.666424,0.35340232,5,3,-0.27367195,1.7521323,5.8795185,0.2743905,0.009608365,0.22726053,22.315937,22.315937,23.559084,26
DESY3RM-281787,37.3372575488938,0.593867323617695,0.12569346,0.0219,680.212507424323,54.03988301768316,2.701229341,0.5143175909999997,0.5295085840000002,5.1723314920000006E42,1.9167526313218E41,4.8913224217315E41,1.287735786E43,1.7685720363814102E42,1.0566468441820702E42,2.724069823,0.4757089029999997,0.6434216640000003,4.9388141470000006E42,3.4759924836972003E41,5.5644138284044E41,1.2336175060000001E43,1.67662408331162E42,2.5602265655818905E42,500.0,811.9326125842776,735.2744389014109,706.9321541898316,680.212507424323,680.212507424323,680.212507424323,680.212507424323,680.212507424323,680.212507424323,680.212507424323,true,281787,15.20396,5.230562E-4,0.12158452,0.009074154,3.1614811,0.13157986,0.13157986,0.12158452,0.12387367,6.029928,1.2215278,9.752142,1.3493423,0.5702462,1.0069317,0.009137636,0.0,3.0696504,0.12569346,0.009718802,1,0.02932361,5.1278486,3.6919804,8.819829,0,0.5510298,37.3372575488938,0.593867323617695,1.3580489,22.955969,2648.5964,35.617504,601.54736,6.1634684,0.37426177,5,3,-4.6122065,2.8335195,5.3382287,0.12387163,0.008763823,0.23485917,22.340803,22.340803,23.559084,11
DESY3RM-281880,38.2171276769393,0.720294423571953,0.27249467,0.0212,457.28129992458685,195.66308831816016,1.355451197,1.015167904,2.625055334,1.9357341690000003E42,1.9357341690000003E42,2.4105254931977E42,3.7950623930000006E42,3.7950623930000006E42,5.73585377937339E42,1.272133881,0.9665741711,3.357312403,1.3031704780000002E42,1.3031704780000002E42,2.0026123396020503E42,2.4732981700000002E42,2.4732981700000002E42,4.92537115867311E42,500.0,404.7971530471157,318.99560688721704,237.96943938656682,456.8160324817768,457.28129992458685,457.28129992458685,457.28129992458685,457.28129992458685,457.28129992458685,457.28129992458685,true,281880,17.341667,0.0041656247,0.282126,0.01470659,3.879087,0.29094097,-1.0,0.282126,0.27244356,6.3045177,1.1879791,4.93157,1.1717483,0.57534766,1.0060383,0.008517887,0.0,4.299486,0.27249467,0.013663308,1,0.026390225,5.1261253,2.9290547,8.05518,1,0.5621833,38.2171276769393,0.720294423571953,1.7915392,13.665757,-8223.321,-7.962773,-4004.3025,6.3045177,0.0,5,1,-2.1064565,2.1935966,4.2348323,0.27242717,0.01286903,0.22654843,22.313564,22.313564,23.559084,65
DESY3RM-284244,322.208216081352,0.085237792518274,0.13191126,0.0349,400.0820049668657,67.93690827547252,1.134314384,0.4077979196000001,0.3199949449999999,5.941179052000001E36,5.941179052000001E36,3.848130474387E41,1.1530403380000002E37,1.1530403380000002E37,1.0093772406956601E42,1.178273269,0.5043658485,0.8024381819999999,6.226548892E41,4.8746285546084005E41,2.8902969880552E41,1.2256004280000001E42,1.0153688034721902E42,9.656804797743001E41,500.0,292.7712754059619,419.8323387895631,402.8966204170663,400.0820049668657,400.0820049668657,400.0820049668657,400.0820049668657,400.0820049668657,400.0820049668657,400.0820049668657,true,284244,16.033243,0.0012773854,0.14529803,0.010156506,0.44597176,0.14034192,0.14034192,0.14529803,0.132065,6.182478,1.7051406,6.212988,1.2656014,0.5731028,1.1232015,0.11346316,0.0,1.8425354,0.13191126,0.008219738,3,0.044461153,5.086692,2.5392601,7.625952,0,0.55725986,322.208216081352,0.085237792518274,1.674889,28.664322,-10680.016,79.42782,-17513.09,6.1976852,0.13126686,5,2,-0.5668391,1.4557625,3.4452734,0.12985666,0.007182147,0.26919374,22.443964,22.443964,23.559084,94
DESY3RM-284584,353.534848887027,-54.7328692822537,0.21844557,0.0113,516.5446997034179,106.6478612269548,1.465397335,0.2163310579999999,0.4248575489999999,4.543982188000001E42,8.5011583264456E41,1.53717197815294E42,9.132651333000001E42,2.2448270643185502E42,4.31512591987799E42,1.101982281,0.2991871999,0.4779534199999999,2.0057018700000002E42,2.0057018700000002E42,1.3419528393573702E42,3.845168464E42,3.845168464E42,3.7766717248147707E42,500.0,426.3549128576106,473.23977228401895,473.8150631010017,516.5446997034179,516.5446997034179,516.5446997034179,516.5446997034179,516.5446997034179,516.5446997034179,516.5446997034179,true,284584,16.935444,0.0028122168,0.21257374,0.010303962,0.6018022,-1.0,-1.0,0.21257374,0.21589924,6.746912,1.2594995,7.5859356,1.4090439,0.5832047,1.0102284,0.010887316,0.0,0.6260715,0.21844557,0.008766901,1,0.013176684,5.081113,3.200646,8.281759,0,0.5796047,353.534848887027,-54.7328692822537,1.0375166,2.1821768,2838.237,42.44986,10266.859,6.7381887,0.064807266,5,3,-1.2346246,1.8890971,5.7131987,0.2158075,0.008061603,0.34572282,22.633135,22.633135,23.559084,1
DESY3RM-285511,54.2763180750428,-27.8013592406538,0.25576606,0.00753,356.2366361560273,32.7471046813636,0.6884424859,0.3246987794,0.1795710905999999,9.514469482E41,7.655950234422401E41,6.7020611117181E41,1.4713969610000003E42,1.47139541474599E42,9.2679752772083E41,0.8213559168,0.2539293663999999,0.1492149609999999,4.207194339E41,4.2071943389999004E41,7.777718916358302E41,6.754150705E41,6.7541507049999E41,1.457322659438E42,500.0,223.6785343932676,259.15536470215915,357.11594397454394,312.61625157596404,393.0923531070665,240.34412165909686,336.52492551587403,356.2366361560273,356.2366361560273,356.2366361560273,true,285511,17.113327,0.0031828675,0.25897127,0.0122149065,4.9934487,0.2418,-1.0,0.25897127,0.25484607,6.5638523,1.3126944,6.212988,1.0387189,0.58000505,1.0184718,0.017275007,0.0,5.1856046,0.25576606,0.012124559,1,0.012291349,5.0657215,3.578487,8.644209,1,0.5724744,54.2763180750428,-27.8013592406538,1.2301922,-8.857897,-264.5802,-17.70337,-590.68616,6.575477,0.0440212,5,2,-2.6664536,2.3312333,5.590516,0.25485682,0.011397547,0.24397774,22.369602,22.369602,23.559084,84
DESY3RM-285879,349.065328943823,-54.5842007261982,0.16447838,0.0106,245.66394022748014,137.37643562697932,0.4302412243,0.4302412243,-0.4302412243,2.075177016E41,2.075177016E41,-1.0435837770923002E41,3.4289138710000003E41,3.4289138710000003E41,-2.5734798807667004E41,0.4299645885,0.4299645885,-0.4299645885,2.7181285520000005E41,2.7181285520000005E41,-2.1200454350575005E41,4.492618381000001E41,4.492618381000001E41,2.1295185121505E41,500.0,455.251645067711,213.79270932590117,252.7701964380325,245.66394022748014,245.66394022748014,245.66394022748014,245.66394022748014,245.66394022748014,245.66394022748014,245.66394022748014,true,285879,16.90378,0.0015612891,0.17090656,0.0095117465,2.1409512,-1.0,-1.0,0.14434348,0.16613574,6.5180874,1.9488564,5.099375,1.4713916,0.57919395,1.0377548,0.038818564,0.0,2.5695004,0.16447838,0.00896748,4,0.010426796,5.05928,-1.5951787,3.4641013,0,0.5706748,349.051418231711,-54.5895393442218,1.1154739,58.593304,-3198.1458,150.3703,-28485.87,6.4383855,0.32007423,5,3,0.37652996,1.0293795,3.3804874,0.16148613,0.008348387,0.38442612,22.713364,22.713364,23.559084,50
DESY3RM-288642,349.192704725388,1.69664722710984,0.23504917,0.045,453.16558073229504,98.82449816292852,1.353494193,0.5368415729,1.518319811,7.996308370000001E41,7.996308370000001E41,8.9587319433992E41,1.564009134E42,1.564009134E42,1.7635397216390703E42,0.02699982914,0.00978660849,0.00746717704,1.564434272E41,1.564434272E41,-1.5644342719999002E41,2.276016177E48,2.276016177E48,-2.2759140858307744E48,500.0,410.7896430622774,456.00064762250463,450.80664287925447,453.165580732295,453.16558073229504,453.16558073229504,453.16558073229504,453.16558073229504,453.16558073229504,453.16558073229504,true,288642,16.233627,0.0016752599,0.22669896,0.009318824,2.250463,0.25026023,0.25026023,0.22669896,0.23296075,7.860525,1.5330383,8.104605,1.446788,0.60129875,1.0229099,0.025766205,0.0,2.157747,0.23504917,0.010227146,1,0.04664297,5.0144267,2.5990982,7.613525,1,0.62085164,349.192704725388,1.69664722710984,1.42892,2.324442,149.70317,25.42607,5836.195,7.860525,0.0,5,1,-3.1261542,4.2837763,6.381788,0.23310116,0.009536948,0.18693072,22.168234,22.168234,23.559084,33
DESY3RM-290471,72.1577198281843,-44.6626463139537,0.2815097,0.00887,676.5400607909045,148.43847275890633,0.2639730715,0.0554329068999999,0.0901530020999999,7.114755073E42,3.6602482175435106E42,1.96285759166779E42,1.5703641600000002E43,4.4180354317250306E42,4.864062927092911E42,0.2163688303,0.035604086,0.0530498818,6.745207275E42,3.61256099868581E42,1.93979958168676E42,1.8540710240000002E43,7.522676530676361E42,2.5613465203016702E42,500.0,676.5246682052071,178.51164300689712,425.8756170983818,666.1674618894273,676.5400607909045,676.5400607909045,676.5400607909045,676.5400607909045,676.5400607909045,676.5400607909045,true,290471,17.742334,0.003282136,0.2780201,0.012920211,1.1176078,-1.0,-1.0,0.2780201,0.28180194,7.5401707,1.5235194,6.5638523,1.2683204,0.5963157,1.0572058,0.057017542,0.0,1.0058168,0.2815097,0.011619765,1,0.009882862,4.984642,3.222382,8.207024,1,0.60933506,72.1577198281843,-44.6626463139537,1.5892836,-5.043667,216.97572,-9.409171,-1572.6227,7.54087,0.007307925,5,2,-0.8928655,1.6365604,4.255327,0.2818519,0.01055068,0.25371584,22.399193,22.399193,23.559084,4
DESY3RM-291644,9.8436206395599,-43.6732026958468,0.23663074,0.0295,289.23184597048163,50.18873957160628,0.9701982287,0.1811553685,0.1768270943,4.241293085000001E41,2.1591064262297E41,2.189680309237E41,7.193928651E41,3.4639603810821005E41,3.524050071095001E41,0.272556412,0.1434205064,0.2245779737,1.4909379070000001E41,1.4909379070000001E41,2.1359809505636E41,3.240692112E41,3.240692112E41,5.2491038276239004E41,500.0,163.54364182611505,304.2500330741718,1960.6673702023531,224.030393227733,676.2125271580003,503.36344570291635,163.34935062812522,307.8967501141892,289.23184597048163,289.23184597048163,true,291644,16.918844,0.0032056242,0.23013894,0.011807009,0.94834304,0.22635,0.22635,0.23013894,0.23470482,6.5333424,1.2757497,5.8163586,1.2729886,0.57946485,1.0133915,0.016662039,0.0,0.9594696,0.23663074,0.009623102,1,0.006654329,4.9657226,3.659346,8.625069,1,0.5712755,9.8436206395599,-43.6732026958468,1.3284953,-10.1078,-570.48083,7.222202,235.37257,6.5333424,0.0,5,1,-2.4615114,2.3146167,4.5004644,0.23475727,0.008874148,0.2170127,22.281052,22.281052,23.559084,69
DESY3RM-295784,37.1220868835308,-4.14653778903349,0.24341235,0.0221,261.7536504850727,50.026134512705084,0.5468296338,0.148283206,0.1901440776999999,1.6758099910000002E42,7.9753281731732E41,2.0643089171718E41,2.596572215E42,1.03844457661894E42,7.1167125698294E41,0.5506610866,0.1498333455,0.1890334311999999,1.643130021E42,7.1473152522655E41,2.5497636626171E41,2.5456055250000005E42,1.08595217499997E42,5.5700067514829005E41,500.0,314.2289112735615,241.4114084048323,283.8946322118764,809.7773864759913,440.69095952931326,275.90156578869994,261.7536504850727,261.7536504850727,261.7536504850727,261.7536504850727,true,295784,16.660809,0.0025941285,0.22527142,0.010423686,0.48555243,0.20996,-1.0,0.25967678,0.24345256,8.15037,1.5273241,8.074095,1.4199511,0.60566914,1.0056757,0.007017544,0.0,1.4506911,0.24341235,0.009940669,3,0.025151182,4.898301,2.7909098,7.689211,0,0.63105094,37.109487799304,-4.14916311361688,1.0811212,7.1278324,-4515.413,-8.630876,-10277.087,8.287077,0.23628777,5,3,-4.6575274,3.1413758,9.564781,0.24187043,0.009162948,0.19763614,22.210339,22.210339,23.559084,15
DESY3RM-297478,51.0544409858325,-29.4644515846856,0.13203652,0.0155,204.5025619883676,28.432470317646356,1.835926868,0.756407463,-1.835926868,1.4275821420000002E39,1.427582142E39,4.7202469103327395E45,3.1135250770000004E39,3.1135250770000004E39,9.05901538120658E45,0.01832219543,0.01832219543,-0.01832219543,2.6335151540000003E38,2.6335151540000003E38,-2.6335151539603895E38,1.534924663E48,1.534924663E48,-7.011115789934758E46,500.0,497.363701767013,494.9473378883833,477.9036389974927,197.77540590315937,204.5025619883676,204.5025619883676,204.5025619883676,204.5025619883676,204.5025619883676,204.5025619883676,true,297478,15.640986,9.002739E-4,0.13418573,0.011365781,5.954051,-1.0,-1.0,0.13418573,0.13003583,5.8926334,1.1823967,4.306116,0.9824668,0.56762546,1.0079341,0.009861933,0.0,5.954051,0.13203652,0.009703369,1,0.02075346,4.871923,2.820758,7.6926813,0,0.5453482,51.0544409858325,-29.4644515846856,2.0747402,2.8739398,-736.43317,-7.3579636,-5194.758,5.8926334,0.0,5,1,-1.4398345,2.092573,4.571856,0.12997736,0.008843438,0.2576959,22.410961,22.410961,23.559084,21
DESY3RM-298487,351.470290990679,-52.2235687359133,0.16132142,0.0126,364.0928635715181,32.984565035446394,0.940842302,0.1832209701999999,0.164692095,1.9288874740000003E42,1.9288874740000003E42,9.561339173834E41,3.2441080060000006E42,2.6351798339280904E42,2.79428447706244E42,0.978030463,0.1838744704999999,0.154418748,2.0929297970000003E42,1.9455850318037305E42,1.5550971190829302E42,3.5757458960000006E42,2.4242137793945403E42,2.4222027425200204E42,500.0,394.11389236569727,362.2053570923268,395.7204715545419,364.0928635715181,364.0928635715181,364.0928635715181,364.0928635715181,364.0928635715181,364.0928635715181,364.0928635715181,true,298487,15.255876,6.4935506E-4,0.15689835,0.0078481585,2.159065,-1.0,-1.0,0.15689835,0.15833172,5.541769,0.9426042,7.0215015,0.9792333,0.56069887,1.006227,0.008759537,0.0,1.9353462,0.16132142,0.008860424,1,0.015071813,4.85593,2.0261095,6.882039,0,0.5304891,351.470290990679,-52.2235687359133,1.1925598,3.6137507,-787.5589,10.684363,3902.7092,5.541769,0.0,5,1,-1.8105888,4.5118165,6.237914,0.15839309,0.0082208915,0.39552072,22.734875,22.734875,23.559084,81
DESY3RM-299093,46.7349462529649,-15.549052243753,0.29157615,0.0345,397.68442016253283,20.93555336040296,1.083054445,0.078017121,0.0628736570000001,3.9257057130000006E42,8.1764820337816E41,6.5018177905815005E41,6.959468013000001E42,1.46482579635564E42,1.10346589895524E42,1.084419496,0.0986781913,0.1146021480000001,2.152681889E42,6.246983314470101E41,5.2520548996905E41,3.818711257E42,9.756698291639302E41,8.3547423514116E41,500.0,400.4951187166687,397.88509269723113,397.7626242165411,397.6844201625328,397.68442016253283,397.68442016253283,397.68442016253283,397.68442016253283,397.68442016253283,397.68442016253283,true,299093,17.386751,0.0028622951,0.29186127,0.013924628,0.49526218,-1.0,-1.0,0.29186127,0.29231417,5.419729,0.96110183,6.274008,1.3026586,0.5582073,1.0088584,0.00916118,0.0,0.4116576,0.29157615,0.013287701,1,0.043973647,4.8470287,3.2906675,8.137696,1,0.5251998,46.7349462529649,-15.549052243753,1.5906721,-3.0920777,102.948746,-4.3170085,628.38434,5.455319,0.08288709,5,2,-3.6621466,2.4652023,5.7741814,0.29231095,0.012226881,0.24463043,22.371622,22.371622,23.559084,31
DESY3RM-302152,26.6505399553984,-9.66380725667998,0.14606877,0.0273,474.57800144430763,46.265602293076476,1.27123626,0.2013884809999999,0.4176473519999999,1.015081767E42,5.847623112528201E41,5.0583321179651E41,1.9387240260000004E42,9.8692516559901E41,7.2505422396426E41,1.269223219,0.2011847529999999,0.5071141760000002,1.040613441E42,6.482303341381501E41,4.6710755977952E41,1.9860114060000002E42,7.893701751121501E41,1.1750555625342702E42,500.0,474.51868357395574,474.069917040786,709.6829948650093,944.3255745182274,432.054922204128,499.3768687469239,474.57800144430763,474.57800144430763,474.57800144430763,474.57800144430763,true,302152,16.088202,7.600081E-4,0.14149947,0.012337965,17.759949,0.05226065,0.05226065,0.14149947,0.13920921,7.6164455,1.5595678,2.8874035,1.0236424,0.59751725,1.0386738,0.038388237,0.0,17.6973,0.14606877,0.013117314,10,0.028286593,4.8010554,3.311006,8.1120615,2,0.61210114,26.6505399553984,-9.66380725667998,1.3125182,9.93168,-984.7635,16.419691,-933.7436,7.6164455,0.0,5,1,-0.8121027,1.703049,6.095147,0.14353833,0.012618917,0.29761893,22.51986,22.51986,23.559084,18
DESY3RM-305365,352.871326329244,-55.1210310012577,0.22055598,0.0109,429.6091963464823,38.707946956259725,1.099414445,0.0986181050000001,0.1829234819999998,1.330661064E42,9.505301316771501E41,8.852855664599202E41,2.380521518E42,1.73023214647803E42,1.4507319922077802E42,1.179859292,0.2288930447999999,0.2520787209999999,1.3321760020000002E42,1.3321760020000002E42,8.335442308994801E41,2.4430218590000002E42,1.9240535495447202E42,1.8527059335393804E42,500.0,447.471702761429,418.95310319192623,424.3309491851332,429.6091963464823,429.6091963464823,429.6091963464823,429.6091963464823,429.6091963464823,429.6091963464823,429.6091963464823,true,305365,16.936663,0.0018253509,0.22163114,0.010334252,1.6433297,-1.0,-1.0,0.22471367,0.21711835,6.045183,1.3424877,8.2266445,1.291562,0.57053447,1.0041484,0.0014100395,0.0,1.7178245,0.22055598,0.009322608,2,0.012227472,4.753971,2.5633607,7.317332,0,0.5516567,352.907381984552,-55.1138219729214,1.1290315,0.241094,3650.1543,6.898865,-7356.14,6.120711,0.21255887,5,3,-1.8211783,1.9296926,4.6506934,0.2179941,0.008652255,0.39095145,22.72609,22.72609,23.559084,32
DESY3RM-310210,52.6568322146266,-28.8558014464055,0.29236963,0.00679,484.02521558968607,46.85728838952917,1.354643868,0.1278535349999998,0.1438133750000001,5.091300994E42,1.00941580603109E42,1.3404144836637701E42,9.856849080000001E42,1.5271079591689703E42,2.7113821074299303E42,1.3378604,0.138566481,0.1463493899999999,4.8665864080000007E42,8.8346609655856E41,1.2348185824985E42,9.362084329000001E42,2.00945619657022E42,3.0504431054814004E42,500.0,447.77757779811185,483.1582367810842,447.2328262790432,484.02521558968607,484.02521558968607,484.02521558968607,484.02521558968607,484.02521558968607,484.02521558968607,484.02521558968607,true,310210,17.500154,0.0034109342,0.31063676,0.013553585,0.25323677,0.28025854,-1.0,0.31063676,0.29317158,5.496004,1.3569686,5.1451397,1.2365028,0.55976975,1.043258,0.039932508,0.0,1.8385524,0.29236963,0.01405241,1,0.009045504,4.6832285,2.7888653,7.4720936,0,0.5285132,52.6568322146266,-28.8558014464055,1.1524459,16.379381,-2863.225,21.370049,-10406.333,5.496004,0.0,5,1,-1.9897637,2.2344542,3.6277964,0.2931316,0.013042949,0.24331208,22.367537,22.367537,23.559084,28
DESY3RM-319899,0.829409550020309,-35.9231482351643,0.1492226,0.0116,725.510867570905,12.569085372338767,2.717131744,0.0169834770000001,0.0100449139999998,1.866198329E44,6.8361109408739005E41,5.3277697146788005E41,4.653196290000001E44,2.4758049570901103E42,2.26347158823372E42,2.716043053,0.0176351079999999,0.0110945149999999,1.7647242010000001E44,6.419412611889101E41,6.063153100499E41,4.3994943530000004E44,2.34460037457832E42,2.18472552947819E42,500.0,719.1745286895932,726.0776290550958,725.4931917160419,725.510867570905,725.510867570905,725.510867570905,725.510867570905,725.510867570905,725.510867570905,725.510867570905,true,319899,16.955475,0.0022063456,0.15202717,0.01075971,0.2597616,-1.0,-1.0,0.15202717,0.14658393,7.357111,1.987967,1.8653202,0.8276212,0.5933917,1.1292126,0.1193337,0.0,0.34078085,0.1492226,0.014396453,1,0.011507034,4.544418,-0.11142953,4.432988,2,0.60263306,0.829409550020309,-35.9231482351643,1.0511626,-8.94984,-329.28076,-86.488335,-4492.883,7.214703,0.5234521,5,5,0.3714782,0.8007366,4.663142,0.14659896,0.013963132,0.18788336,22.172077,22.172077,23.559084,84
DESY3RM-320464,51.4557454908169,-21.1591282792712,0.1843629,0.022,192.4506690194945,18.089902519416512,0.2725178559,0.0402311250999999,0.074552493,1.2616719520000001E42,1.2616719520000001E42,-1.0614493676413E41,4.4354872320000003E42,4.4354872320000003E42,-2.6992044362059004E41,0.272921344,0.0434516468,0.0746884763999999,1.1870662810000002E41,1.1870662810000002E41,1.4088416561831E41,2.604643844E41,2.604643844E41,2.1060769264316003E41,500.0,369.47149522554264,52.4222270967411,1122.956848439591,191.70691803451194,192.4506690194945,192.4506690194945,192.4506690194945,192.4506690194945,192.4506690194945,192.4506690194945,true,320464,16.098969,0.0012676786,0.1925659,0.009729761,0.5866383,-1.0,-1.0,0.16910511,0.16965246,5.9078884,1.2753661,5.480749,1.245522,0.5679191,1.0089245,0.0107740285,0.0,1.6322358,0.1843629,0.00907462,3,0.0249816,4.5371876,2.9144933,7.451681,0,0.545983,51.4802191766691,-21.1417647915556,0.90455645,8.288971,-275.52545,42.418766,-4424.888,5.7058873,0.251885,5,3,-2.669439,2.7693768,7.085866,0.18115185,0.0084770005,0.21907382,22.288198,22.288198,23.559084,13
DESY3RM-320474,37.1174356522059,0.700802352229142,0.1750764,0.0229,149.12546681971364,46.79192063476023,0.1786367016,0.064837179,0.0503329988,2.83071606E41,1.6423224662444E41,7.602041569736001E40,1.610454388E42,9.244530867969E41,4.3964134571179005E41,1.084389319,0.2812679335,0.657920992,2.840033327E40,2.840033327E40,2.292751681549563E45,5.093341397000001E40,5.093341397000001E40,4.925710782598553E45,500.0,360.4381180585848,280.58649533982395,128.47151458765808,154.3750577131784,149.12546681971364,149.12546681971364,149.12546681971364,149.12546681971364,149.12546681971364,149.12546681971364,true,320474,17.157106,0.0035720458,0.18186656,0.010236396,1.7044576,-1.0,-1.0,0.18186656,0.17141856,6.3197727,1.2411773,5.3739643,1.0872103,0.57562584,1.0133781,0.0152862705,0.0,2.128537,0.1750764,0.009606702,10,0.02987907,4.53704,-0.059529535,4.477511,0,0.56279504,37.1174356522059,0.700802352229142,0.9058897,-7.5502734,-735.74194,-21.682947,-520.69904,6.081829,0.4657169,5,2,0.9497153,0.9328111,3.5667465,0.17192525,0.009042508,0.18619227,22.165241,22.165241,23.559084,41
DESY3RM-321468,34.4797952530163,-5.44803321333254,0.25249827,0.0204,328.3986142323976,35.29901073639293,0.7534341194,0.0907321079,0.0877340835999999,1.9487755950000003E42,3.2603589301718E41,2.9799006911503004E41,3.066065678E42,4.488968797220401E41,5.721027249631901E41,0.6963806538,0.1154310251,0.1028068395,1.680957303E42,3.0592756797211E41,3.296330443512E41,2.602526111E42,5.2228067848214E41,3.1520667244931003E41,500.0,794.2638287471999,313.0201045390368,336.4874996844238,328.3986142323976,328.3986142323976,328.3986142323976,328.3986142323976,328.3986142323976,328.3986142323976,328.3986142323976,true,321468,16.577877,0.0016919493,0.27827346,0.013219758,2.0696597,0.24938688,-1.0,0.27827346,0.25863296,6.5638523,1.227724,5.3587093,1.1267711,0.58000505,1.0085561,0.008089261,0.0,5.620129,0.25249827,0.011378176,1,0.02313898,4.523805,1.310658,5.834463,0,0.5724744,34.4797952530163,-5.44803321333254,1.7240254,2.5243657,1009.7463,35.632294,5547.6294,6.5638523,0.0,5,1,-2.7798438,3.7041664,6.789398,0.25142008,0.010630602,0.2490447,22.385143,22.385143,23.559084,53
DESY3RM-321561,57.7800529218536,-40.3274972405462,0.29776037,0.0245,515.0077445284984,73.80518976135322,1.704945068,0.5742939950000001,0.6367783659999999,4.9486338240000004E42,3.54791098361894E42,2.7293375827654803E42,1.115800137E43,5.5424687858023904E42,7.25763290490038E42,1.718876379,0.4783544229999998,1.018363229,3.626921018E42,3.1564340128273406E42,1.2942179257154502E42,8.202918610000001E42,5.698579472964991E42,5.1494796064312904E42,500.0,520.6779067711949,540.3090003493144,516.5122656454583,515.0077445284984,515.0077445284984,515.0077445284984,515.0077445284984,515.0077445284984,515.0077445284984,515.0077445284984,true,321561,16.547594,0.0027603966,0.27627355,0.012639467,0.9759524,-1.0,-1.0,0.25646675,0.26782742,7.372366,1.4881845,4.916315,1.2253649,0.5936376,1.0290285,0.029572837,0.0,0.7350894,0.29776037,0.013101289,10,0.011388516,4.5226235,2.0503142,6.572938,1,0.603195,57.7853532005183,-40.3322175877229,1.6654245,15.5965,580.42706,2.5650578,-14118.69,7.391319,0.07313143,5,2,-4.4427366,5.6061716,10.03355,0.2986926,0.011928077,0.28184232,22.47868,22.47868,23.559084,12
DESY3RM-324045,23.0134900265288,-39.9997916133909,0.23093152,0.0158,507.9637715212839,49.43795014002891,1.385240654,0.135333551,0.4345643510000001,2.4895595510000002E42,1.4217263248036102E42,1.43184256471314E42,5.2695050430000003E42,3.782408227942511E42,4.2475073394254207E42,1.369451829,0.1543478679999999,0.357417326,2.4107451240000002E42,1.2461725063000101E42,1.73451559230873E42,5.0876599040000005E42,3.2076930428622806E42,3.05690607159252E42,500.0,471.67380938639917,515.3363136538215,470.7230396499351,507.9637715212839,507.9637715212839,507.9637715212839,507.9637715212839,507.9637715212839,507.9637715212839,507.9637715212839,true,324045,17.095709,0.002211862,0.24118063,0.012448136,1.2297062,-1.0,-1.0,0.24118063,0.23061086,7.265581,1.3800566,6.274008,1.5434785,0.5919078,1.01917,0.018940434,0.0,2.1228619,0.23093152,0.009565745,1,0.0151535785,4.488277,1.2649437E-4,4.4884033,0,0.5992476,23.0134900265288,-39.9997916133909,0.6505749,-7.326503,-2095.1301,-21.079002,1039.4038,7.0908346,0.41671193,5,3,0.47712362,1.8566146,6.675459,0.22879535,0.008853172,0.21865527,22.286753,22.286753,23.559084,29
DESY3RM-325616,34.3732003044893,-4.20787669408845,0.29371443,0.0197,451.89033000897643,37.43727740913118,1.493227115,0.1983122779999999,0.3630952889999999,3.6287243830000006E42,1.75944782102001E42,1.53765463583209E42,7.246222031000001E42,4.6226885101583806E42,3.68972625236016E42,1.376221513,0.097179179,0.3130124359999999,8.165597499E41,5.4471432238802E41,3.901085119765E41,1.5923936820000003E42,1.2982308095995401E42,6.8933346967403004E41,500.0,436.6770422681329,449.51593860637234,447.6238433841046,451.89033000897643,451.89033000897643,451.89033000897643,451.89033000897643,451.89033000897643,451.89033000897643,451.89033000897643,true,325616,17.401205,0.003378548,0.29571638,0.0131681925,5.7317066,0.29043,-1.0,0.29571638,0.294244,6.4113026,1.2734015,7.204561,1.5068451,0.5772836,1.0058382,0.006179775,0.0,5.751833,0.29371443,0.01219291,1,0.022368358,4.4670815,3.2829156,7.749997,0,0.56644857,34.3732003044893,-4.20787669408845,1.7316313,7.2976055,-1785.0117,4.452965,-3022.1863,6.115211,0.41395193,5,3,-5.5928426,2.4741006,9.012782,0.29452166,0.010992089,0.20568587,22.240522,22.240522,23.559084,17
DESY3RM-325865,50.8002085494454,-49.52435083088,0.11001557,0.0118,741.4505064131802,13.22365770354059,2.725973981,0.027149864,0.03292362,2.2008684170000002E43,3.0784531761743003E41,3.4013637159829003E41,5.503275180000001E43,1.1870747303043601E42,1.5585473301137903E42,3.371450018,0.2515327200000001,0.2124019050000001,1.136051585E43,3.3345201296804004E41,1.7648863617088E41,3.0974565290000003E43,1.3122477470342302E42,1.3145403832481802E42,500.0,716.970520971098,741.4514938429384,741.449651694171,741.4505064131795,741.4505064131796,741.4505064131797,741.4505064131798,741.4505064131799,741.45050641318,741.4505064131802,true,325865,14.191849,3.7399904E-4,0.10638725,0.006727853,1.5146794,-1.0,-1.0,0.10638725,0.10880952,5.1451397,0.92204314,4.306116,0.7873083,0.5524328,1.0108783,0.00930503,0.0,1.0709711,0.11001557,0.008687028,1,0.016760087,4.4634485,0.7270508,5.1904993,0,0.5130543,50.8002085494454,-49.52435083088,1.5592524,33.675354,-18108.752,40.483925,-14660.985,5.13967,0.048159484,5,2,-1.468367,5.5020666,7.30275,0.108822465,0.0072701685,0.35713187,22.657682,22.657682,23.559084,26
DESY3RM-329036,9.79174207637676,0.991751085667929,0.29697695,0.0186,456.1848319114456,31.7478580083967,1.405911736,0.2444009649999998,0.637870905,3.135749569E42,7.501354526090201E41,1.0460159831433202E42,6.146233228000001E42,1.6680599677762502E42,2.6819421783713204E42,1.55896784,0.3475298369999999,0.929837701,3.1816426270000006E42,8.491404341373E41,1.07256291192402E42,6.437594812E42,2.6427816059653303E42,1.98413950807724E42,500.0,320.06578431837414,348.02566760884736,440.7254216110038,456.1848319114456,456.1848319114456,456.1848319114456,456.1848319114456,456.1848319114456,456.1848319114456,456.1848319114456,true,329036,18.340279,0.0040627285,0.28439397,0.0145613,1.8201605,-1.0,-1.0,0.28439397,0.293355,7.219816,1.4507499,6.3045177,1.3843827,0.59116024,1.029447,0.024891775,0.0,2.0661752,0.29697695,0.011938429,1,0.018722862,4.4212623,0.41483098,4.8360934,0,0.5975461,9.79174207637676,0.991751085667929,0.92701703,7.8634105,-485.5236,16.868828,-188.41493,6.904979,0.49627057,5,4,0.9189954,1.069025,5.264956,0.2978863,0.010651906,0.23167092,22.33047,22.33047,23.559084,44
DESY3RM-329743,16.7072619824216,0.68558215137284,0.2950139,0.0253,397.4716987918671,31.54541843498665,1.08913699,0.1426119157000001,0.292166154,6.022166598E42,2.6570815822967504E42,2.4727588771922104E42,1.070680037E43,4.1154257852833404E42,3.8444790136443605E42,,,,,,,,,,500.0,668.4007655282965,397.37119132594745,398.49131166307257,397.4716987918671,397.4716987918671,397.4716987918671,397.4716987918671,397.4716987918671,397.4716987918671,397.4716987918671,true,329743,18.13435,0.0047090435,0.2887059,0.014899121,0.6048689,-1.0,-1.0,0.2887059,0.29585505,6.9452267,1.3692095,7.0977764,1.375377,0.58659357,1.0061756,0.007749792,0.0,0.6341109,0.2950139,0.014213965,1,0.030636102,4.4116693,1.7962881,6.2079573,0,0.58721006,16.7072619824216,0.68558215137284,1.0892094,-5.788702,-1094.8184,6.0079427,-441.79324,6.98359,0.19388148,5,2,0.3357996,1.2719367,5.257322,0.29586306,0.0131801125,0.2682731,22.441374,22.441374,23.559084,53
DESY3RM-332998,43.6161412429206,-58.9400740038171,0.29671118,0.019,1123.950210982593,19.542688877376666,6.729706286,0.1337298200000001,0.2158620080000002,2.74851711E44,4.6906014658277606E42,5.0178854055842304E42,1.042204789E45,2.108696548184356E43,2.1050114662081282E43,6.762390347,0.1399439799999999,0.303472986,2.573348028E44,3.89882609191558E42,4.88356714073843E42,9.783218566000001E44,2.149368610632953E43,1.6849854395289432E43,500.0,1264.7740397216337,1142.6201602708243,1124.0874405790196,1123.950210982593,1123.950210982593,1123.950210982593,1123.950210982593,1123.950210982593,1123.950210982593,1123.950210982593,true,332998,18.004602,0.0059254537,0.29162687,0.013929141,2.3614118,-1.0,-1.0,0.29162687,0.29739022,6.3807926,1.514751,12.345488,1.9588971,0.5767332,1.0134175,0.01297984,0.0,2.3455203,0.29671118,0.0119531825,1,0.02039277,4.369015,2.7854137,7.154429,0,0.56523395,43.6161412429206,-58.9400740038171,1.5130264,10.389741,6232.5806,32.9993,10028.614,6.3697276,0.075669415,5,2,-0.4649334,1.4530439,4.2674875,0.2976125,0.010673172,0.2816341,22.47812,22.47812,23.559084,3
DESY3RM-336238,77.9394297217442,-44.8580368123268,0.20679109,0.0215,478.9387361131125,36.243957394851655,0.2625946236,0.04552821,0.0740053753999999,7.627054143000001E42,2.7855227360060903E42,1.71471872516824E42,2.9637162950000005E43,7.90532613258045E42,9.483761506982801E42,0.2586492272,0.0523306890999999,0.0791838053,6.846810108E42,2.24000279905456E42,2.0380992842552603E42,2.7586171E43,9.839693386460352E42,7.302436965264881E42,500.0,495.6322480089621,495.95894936690513,492.52942324431643,478.9387361131125,478.9387361131125,478.9387361131125,478.9387361131125,478.9387361131125,478.9387361131125,478.9387361131125,true,336238,16.902258,0.0025906663,0.20351331,0.012315704,3.7914188,-1.0,-1.0,0.20351331,0.2038729,6.212988,1.4864175,5.633299,1.2107216,0.5736673,1.0407356,0.044250283,0.0,3.694156,0.20679109,0.008950156,1,0.026190443,4.3279734,3.2928758,7.620849,0,0.55849576,77.9394297217442,-44.8580368123268,1.1325006,-0.49106824,-0.24114777,13.401195,17.6332,6.096528,0.24689849,5,2,-1.3134673,1.7172772,5.3318114,0.20380889,0.008307803,0.32477126,22.585869,22.585869,23.559084,33
DESY3RM-339096,39.952095249058,-1.56109770124935,0.22845674,0.029,1067.2130441042948,19.141950349763388,5.759382057,0.1336156949999996,0.1336290729999998,1.7339555740000003E44,1.1131353570795601E42,1.20226944198372E42,6.073374682E44,8.96575481132632E42,6.08009322649785E42,5.732648342,0.1380882840000001,0.1381060930000002,1.6442880390000002E44,1.2276847738684001E42,9.4253389382049E41,5.746845393000001E44,7.352624055475741E42,7.524343339060991E42,500.0,1112.8479553936472,1067.4941083512515,1067.323760541306,1067.2130441042948,1067.2130441042948,1067.2130441042948,1067.2130441042948,1067.2130441042948,1067.2130441042948,1067.2130441042948,true,339096,17.209196,0.0038539753,0.23814522,0.011517168,0.15050535,-1.0,-1.0,0.23814522,0.22612177,8.2266445,1.8553995,9.508062,1.8383588,0.6067986,1.0083542,0.008856683,0.0,0.9177967,0.22845674,0.008225987,1,0.032975856,4.2920337,1.0642225,5.356256,0,0.6337017,39.952095249058,-1.56109770124935,0.9681183,24.090042,3470.5432,147.14319,28478.582,8.2266445,0.0,5,1,0.099288255,1.6300615,3.7014353,0.22621208,0.0074045784,0.18838125,22.174078,22.174078,23.559084,47
DESY3RM-339445,38.8270982580981,-29.8353426181119,0.122270174,0.0144,497.7977562762715,284.09787567082316,1.357849916,0.6113111193999999,2.1325800270000004,3.060743681E42,3.060743681E42,3.3227065598550705E42,6.054991532000001E42,6.054991532000001E42,8.640329995928921E42,1.364983046,0.5909464764000001,1.433493719,3.613269258E42,3.613269258E42,3.79585742175328E42,7.169287194E42,7.169287194E42,1.0673728082153771E43,500.0,497.6187665528542,496.7469226412971,485.6302742315618,497.7977562762715,497.7977562762715,497.7977562762715,497.7977562762715,497.7977562762715,497.7977562762715,497.7977562762715,true,339445,15.335281,7.734065E-4,0.10710238,0.007910201,8.429235,-1.0,-1.0,0.10710238,0.11183732,7.5096607,1.1764264,6.777422,1.135062,0.59583235,1.0046706,0.0037796977,0.0,9.306927,0.122270174,0.008070773,2,0.016610445,4.2878375,3.890189,8.178026,1,0.6082243,38.8270982580981,-29.8353426181119,1.5526279,21.753557,-7252.038,-5.933802,-6315.3286,6.9336724,0.7957636,5,3,-4.8364234,2.3731158,8.208014,0.12058135,0.0068186694,0.27973217,22.472998,22.472998,23.559084,3
DESY3RM-341210,29.1043245468381,-0.918870171341047,0.25040597,0.0278,528.6351479602605,301.5989381319723,1.716993615,1.716993615,-1.716993615,4.0412096740000004E42,4.0412096740000004E42,6.559475160847371E42,8.591345302000001E42,8.591345302000001E42,2.307672144478436E43,1.707043521,1.707043521,-1.707043521,4.530629789E42,4.530629789E42,6.549014261503131E42,9.609418354E42,9.609418354E42,2.7115124276734685E43,500.0,529.2398206667254,528.8852694483725,529.3874226900159,528.6351479602605,528.6351479602605,528.6351479602605,528.6351479602605,528.6351479602605,528.6351479602605,528.6351479602605,true,341210,17.507927,0.003275299,0.260106,0.013233532,0.043377984,0.24741992,-1.0,0.260106,0.24911515,5.602789,1.1927783,6.151968,1.3014399,0.5619282,1.0349351,0.036827195,0.0,0.6030875,0.25040597,0.012347087,1,0.030898126,4.2655587,2.7520764,7.0176353,0,0.53310966,29.1043245468381,-0.918870171341047,1.66441,1.951139,-1877.0356,3.8476107,-3156.7761,5.696603,0.2394869,5,3,-1.165449,1.5419108,3.7705317,0.24921985,0.011678653,0.24864481,22.383928,22.383928,23.559084,91
DESY3RM-342348,8.6224594473378,-43.7880725453589,0.2143251,0.028,415.79961214008944,37.263162393585034,1.083135548,0.1470697076,0.2156878229999999,1.404109894E42,6.500187530378001E41,4.0681144178267E41,2.5082171960000003E42,1.1566989576118101E42,9.6220357125772E41,1.088868698,0.2455628335999999,1.195668995,4.7901066770000005E41,4.7901066770000005E41,4.2449267091577006E41,8.57406077E41,8.57406077E41,1.1950500734574901E42,500.0,364.8055286564573,415.1618316366358,415.4299511385902,415.79961214008944,415.79961214008944,415.79961214008944,415.79961214008944,415.79961214008944,415.79961214008944,415.79961214008944,true,342348,16.897932,0.0013812569,0.21063255,0.009956009,1.3536096,0.20219968,0.20219968,0.21063255,0.21156119,6.746912,1.3289543,6.197733,1.2954538,0.5832047,1.0127226,0.015743757,0.0,1.3573854,0.2143251,0.008044703,1,0.0069036796,4.251407,3.5979185,7.8493257,0,0.5796047,8.6224594473378,-43.7880725453589,1.1211914,8.733107,4749.5044,56.793106,9961.899,6.707434,0.19735263,5,2,-1.420723,1.8705544,4.911502,0.2115498,0.0072914744,0.21847884,22.286142,22.286142,23.559084,9
DESY3RM-343245,54.6343483997525,-35.7049357510384,0.18388662,0.0141,443.6054193992542,21.59312900014544,1.191819455,0.0782721830000001,0.0663771979999998,3.316132389E42,3.4067322366132004E41,3.469674625202E41,6.149937538000001E42,6.0908861719797E41,5.7367370690619005E41,1.166115164,0.083772395,0.071486592,3.175775844E42,3.3978927790305003E41,2.9122986837779003E41,5.839994478E42,9.213486324319902E41,6.7610229565231005E41,500.0,456.77050231944764,450.3169754904774,449.10710578486487,443.6054193992541,443.6054193992542,443.6054193992542,443.6054193992542,443.6054193992542,443.6054193992542,443.6054193992542,true,343245,17.471405,0.0028035496,0.18398386,0.009892815,1.5830259,-1.0,-1.0,0.18398386,0.17946161,7.357111,2.765942,6.884207,1.5342528,0.5933917,1.2411468,0.1971062,0.0,1.567478,0.18388662,0.0080690095,1,0.011391431,4.240232,-1.4451306,2.7951014,0,0.60263306,54.6343483997525,-35.7049357510384,0.9902514,38.148243,-22912.71,112.08697,-72880.92,7.357111,0.0,5,1,0.97241586,0.77759725,2.5372748,0.18067674,0.007390642,0.25739446,22.410076,22.410076,23.559084,18
DESY3RM-344616,8.93643161269127,-27.4993119125567,0.25357065,0.0129,497.33344919933177,37.26864902429236,1.534448238,0.1776532179999999,0.1584293139999999,1.268533406E43,1.52625928258056E42,1.69139759223925E42,2.588577149E43,4.46265770733508E42,3.8949253966111503E42,1.457528086,0.2094316039999999,0.206178146,9.173485698000001E42,1.64459991285822E42,1.61279371661395E42,1.8418019340000002E43,3.0183780587266503E42,3.64677165236533E42,500.0,491.77668519561786,474.30807693833503,483.36295313281926,497.33344919933177,497.33344919933177,497.33344919933177,497.33344919933177,497.33344919933177,497.33344919933177,497.33344919933177,true,344616,16.499079,0.0024898923,0.2498611,0.011701242,0.16005133,-1.0,-1.0,0.2498611,0.25256455,6.884207,1.4103055,5.511259,1.3439096,0.5855591,0.9980966,0.0022720818,0.0,0.061793085,0.25357065,0.011169666,1,0.015188085,4.222943,2.569258,6.792201,0,0.58488286,8.93643161269127,-27.4993119125567,1.131601,0.8578659,2615.1516,19.387125,6493.282,6.884207,0.0,5,1,-3.117354,4.02228,6.6181083,0.25254786,0.010397126,0.21313505,22.26742,22.26742,23.559084,6
DESY3RM-344673,37.4692682971,-5.18307128632409,0.20623654,0.0238,460.35504412426485,21.311055894522383,1.575097012,0.174735966,0.1878133389999998,5.430826805E42,9.9676405545082E41,6.403941675046301E41,1.1206261620000002E43,1.73611685973168E42,1.88996897297684E42,0.0430130313,0.0073918516499999,0.00147048614,9.287333921E38,9.287333921E38,2.5453370053245E41,2.992939777E43,2.992939777E43,9.59846533089998E45,500.0,465.23408678134274,514.8872316392673,461.5256020096891,515.7836932118589,458.2021358674725,460.35504412426485,460.35504412426485,460.35504412426485,460.35504412426485,460.35504412426485,true,344673,18.062445,0.0045153373,0.20470202,0.0113189155,0.60836726,-1.0,-1.0,0.20470202,0.20323925,5.3281994,1.0396158,5.1909046,1.1064451,0.556309,1.0148156,0.016823497,0.0,0.5659166,0.20623654,0.010608722,1,0.027502198,4.2221346,-1.8563681,2.3657665,0,0.5211897,37.4692682971,-5.18307128632409,1.1158402,-0.28671703,-114.686806,-4.268729,3592.4084,4.7909,0.5910067,5,3,1.1237915,0.586061,2.256121,0.20324174,0.010074085,0.25501335,22.40305,22.40305,23.559084,5
DESY3RM-345409,351.72405020128,-2.0371378868001,0.16573891,0.0449,899.3502049947087,365.23829398078857,0.5509044141,0.2900167657,0.2819965606,6.453949265000001E40,6.453949265000001E40,4.047763909407151E42,1.005279665E41,1.005279665E41,5.870111283418871E42,,,,,,,,,,500.0,974.689014032297,109.02930882188248,1029.4341614762648,1402.9234574988266,221.28517293623736,870.1385016043741,899.3502049947087,899.3502049947087,899.3502049947087,899.3502049947087,true,345409,15.556599,0.0011761766,0.16199233,0.00873135,2.8028958,-1.0,-1.0,0.16199233,0.16275603,6.274008,1.3949852,3.0246983,1.0748062,0.57478976,1.0254036,0.023017194,0.0,2.6704292,0.16573891,0.012388967,1,0.053124238,4.2126493,3.1915424,7.404192,0,0.56095743,351.72405020128,-2.0371378868001,1.5503541,22.747004,-2385.8977,9.194795,-941.2651,6.274008,0.0,5,1,-3.426239,3.6214786,5.4283686,0.16272332,0.011949812,0.19089329,22.184093,22.184093,23.559084,63
DESY3RM-346399,38.1422518337005,-5.38550467514702,0.2621834,0.0216,599.9835449690904,97.09729592106973,0.1075411053,0.04894658279,0.0498469743999999,3.701405173E41,3.701405173E41,8.8918975744916E41,1.6482554460000004E43,1.6482554460000004E43,2.7256832968253823E43,0.09035542879,0.03244923649,0.04976048151,1.924179603E38,1.924179603E38,2.9245589290044487E43,1.9344482330000002E40,1.9344482330000002E40,2.419967281003213E45,500.0,585.9107486334746,601.5819644759167,548.4720408687681,599.9835449690904,599.9835449690904,599.9835449690904,599.9835449690904,599.9835449690904,599.9835449690904,599.9835449690904,true,346399,17.480078,0.0029982075,0.25761777,0.016308267,17.258785,-1.0,-1.0,0.25761777,0.261633,6.136713,1.2626206,6.746912,1.2334279,0.5722518,1.017507,0.018382354,0.0,17.126017,0.2621834,0.013584189,1,0.024710223,4.2001314,2.5729346,6.773066,0,0.5553999,38.1422518337005,-5.38550467514702,0.9597024,5.0608335,-1429.9419,-8.590201,-1397.1846,5.850577,0.34804556,5,3,-1.6441594,1.7636046,4.870405,0.26160434,0.012885604,0.3040913,22.536125,22.536125,23.559084,72
DESY3RM-346727,11.2644308945759,-1.65997510194073,0.23744883,0.0275,360.8127192412587,33.83995723416829,1.018843307,0.219283089,0.2888036419999999,1.82200953E42,1.82200953E42,-3.1633596359899006E41,3.37920361E42,3.37920361E42,-9.932988236366E40,1.169160312,0.3647022222,0.385588756,1.695537276E42,1.695537276E42,-1.695537276E42,3.326433984E42,3.326433984E42,-2.0605469043437904E42,500.0,358.378108467184,397.64025612373985,318.87953968379594,364.12804504434223,360.8127192412587,360.8127192412587,360.8127192412587,360.8127192412587,360.8127192412587,360.8127192412587,true,346727,17.946833,0.0041332073,0.23553963,0.013355595,5.1760287,-1.0,-1.0,0.23553963,0.23563047,6.3197727,1.3263762,5.2824345,1.1527586,0.57562584,1.0017848,0.0025090605,0.0,5.1769104,0.23744883,0.011957452,1,0.024565993,4.1960664,0.21608078,4.412147,0,0.56279504,11.2644308945759,-1.65997510194073,0.9434635,24.00431,1049.9761,42.550636,-10235.323,5.1474147,1.6133604,5,3,0.8717638,0.9058519,4.84712,0.23561439,0.011358447,0.18403153,22.156416,22.156416,23.559084,71
DESY3RM-346996,30.5791010717735,-6.98897963331696,0.23382755,0.02,456.12414304531274,24.085852368735523,1.281348603,0.095883106,0.0797741419999999,5.443880496000001E42,7.1993899231696E41,6.7052240745377E41,1.03453741E43,1.84283188787629E42,1.60639888048517E42,1.617605957,0.178841886,0.2824137969999998,4.6790781080000006E42,9.9963708802409E41,5.2626660792141E41,9.688971054000002E42,1.89192967571117E42,1.9504179836648004E42,500.0,390.90751921029,609.4953752401508,457.0431507278171,456.12414304531274,456.12414304531274,456.12414304531274,456.12414304531274,456.12414304531274,456.12414304531274,456.12414304531274,true,346996,16.456984,0.14766078,0.18634185,0.03401676,5.0493975,-1.0,-1.0,0.22998035,0.24209005,6.868952,2.0344055,2.551794,1.023526,0.58529943,1.1188562,0.10347682,0.0,3.5056534,0.23382755,0.046113208,3,0.027270565,4.193096,1.9860833,6.179179,0,0.58429927,30.5709543567852,-6.99331108473031,1.7238377,3.095701,344.96765,-24.167385,1876.8293,7.1329346,0.33670878,5,3,-3.1987152,3.4433203,9.548242,0.23182264,0.0459668,0.24051516,22.358795,22.358795,23.559084,71
DESY3RM-351981,39.3945163976542,-52.2351078611818,0.28592262,0.0264,314.35100751723377,43.29115308466953,0.2068341122,0.0572560175,0.1009606649,2.8554324960000005E24,2.8554324960000005E24,-2.8554324960000005E24,8.831763710000001E24,8.831763710000001E24,-8.831763710000001E24,0.193664182,0.0527384894999999,0.1116322025,1.386966933E18,1.386966933E18,-1.386966933E18,4.978239356000001E18,4.978239356000001E18,-4.978239356000001E18,500.0,637.2191137442045,349.2632587866897,330.87099535391,314.35100751723377,314.35100751723377,314.35100751723377,314.35100751723377,314.35100751723377,314.35100751723377,314.35100751723377,true,351981,17.784882,0.0025622798,0.28038532,0.013744132,5.6868577,-1.0,-1.0,0.28038532,0.2871349,7.5096607,1.5606127,6.624872,1.6337332,0.59583235,1.0006303,0.0043033888,0.0,5.660928,0.28592262,0.012428887,1,0.032388374,4.132782,1.0849757,5.2177577,0,0.6082243,39.3945163976542,-52.2351078611818,0.80440956,21.872997,-3710.9026,66.55112,-9823.935,7.5096607,0.0,5,1,0.2050755,1.6319182,4.77797,0.28644654,0.011373511,0.20831202,22.250114,22.250114,23.559084,60
DESY3RM-352290,324.313909075583,-60.6191204908734,0.11392915,0.029,593.8922091944806,17.990795609790645,0.3035934098,0.0053034069999999,0.0054760114999999,1.5287797830000001E43,3.837792504183701E41,4.1837220686866004E41,3.1649920640000006E43,9.778036807653902E41,8.308095266684802E41,1.860097151,0.0661316519999999,0.065152694,1.7842359740000001E43,4.1881430308098005E41,4.7035524077898E41,3.9103137610000003E43,1.6181522419659802E42,9.2625767179189E41,500.0,581.7793980634194,593.8947637135889,211.78408767246503,543.8661211658302,593.8922091944806,593.8922091944806,593.8922091944806,593.8922091944806,593.8922091944806,593.8922091944806,true,352290,15.711198,5.8417383E-4,0.12189726,0.009271926,0.79483914,-1.0,-1.0,0.10398131,0.10920697,5.2519245,1.2854755,6.4570675,1.3251637,0.55470705,1.0231522,0.021931075,0.0,1.5222561,0.11392915,0.00834037,3,0.034520775,4.129172,1.763914,5.893086,0,0.5178189,324.307996211634,-60.6125849883951,1.7050666,-1.437731,807.12714,1.6251074,2870.4678,5.6606545,0.6596591,5,3,-0.98428696,1.4555209,3.9240057,0.11257503,0.0069489684,0.32658702,22.590084,22.590084,23.559084,41
DESY3RM-353706,51.1100889504655,-49.4743143177059,0.26670262,0.0113,525.3335033404602,215.1941485542113,0.6852136094,0.1591752592999999,0.2979119629,2.930919726E42,2.71552875610896E42,4.1204276486477006E41,4.932822358E42,2.47622637947581E42,2.20945514408879E42,1.721497539,1.3587837438,2.341760051,2.09706996E42,2.09706996E42,1.59673514661639E42,4.7515107490000006E42,3.5825482868114004E42,6.139704225762921E42,500.0,310.7015268812406,272.08975295112845,238.58173421516204,176.1743176171555,403.7630114940421,551.7133052158894,525.33350334046,525.3335033404601,525.3335033404602,525.3335033404602,true,353706,17.020203,0.002586931,0.2707364,0.012806185,0.81598556,-1.0,-1.0,0.2707364,0.26631773,6.670637,1.3855335,6.4570675,1.3917907,0.58188003,1.0033854,0.0024972253,0.0,1.0069247,0.26670262,0.012465976,1,0.015678678,4.1120377,3.4205298,7.5325675,0,0.57664686,51.1100889504655,-49.4743143177059,1.4820613,17.134798,-19.286316,54.800392,2933.2312,6.670637,0.0,5,1,-3.2016716,2.8034651,4.996137,0.26635185,0.011654673,0.33715612,22.614164,22.614164,23.559084,71
DESY3RM-354660,58.2111181498512,-54.836893897809,0.18813205,0.0121,481.93292041501275,28.19940898150498,0.2539278604,0.0328179837999999,0.0415773891,7.950973039E41,5.2556456168409E41,4.4800798410488E41,1.907339272E42,7.397397794744E41,1.3028883253139501E42,0.2548691411,0.0322135200999999,0.0399635473,7.715734226E41,3.9466133294133E41,4.452963441685601E41,1.841855512E42,1.05292830362186E42,9.6647065888104E41,500.0,536.6325081811558,481.0151851369669,527.26505303568,481.93292041501275,481.93292041501275,481.93292041501275,481.93292041501275,481.93292041501275,481.93292041501275,481.93292041501275,true,354660,17.10412,0.10712927,0.22935826,0.02622041,1.2716045,-1.0,-1.0,0.22935826,0.18579458,5.541769,1.3385543,1.9263401,0.7852047,0.56069887,1.1137978,0.09742857,0.0,4.157816,0.18813205,0.02818892,2,0.014982155,4.1012363,-0.44085583,3.6603806,0,0.5304891,58.2111181498512,-54.836893897809,2.191601,-7.732761,-280.3025,3.9241273,3658.753,5.541769,0.0,5,1,0.020303085,1.148926,3.8307438,0.18492043,0.02800174,0.33018988,22.59838,22.59838,23.559084,97
DESY3RM-358446,303.496479500964,-57.0497259804811,0.11508329,0.0414,202.21039906384738,19.297129069325365,0.310761767,0.0523255565,0.4149095727999999,2.0697335610000003E41,2.0697335610000003E41,-2.0697335610000003E41,4.193567945E41,4.193567945E41,-4.193567945E41,0.3009160019,0.0458155429,0.3403547137,2.1108047120000005E41,2.1108047120000005E41,-2.1108047120000005E41,4.391376767E41,4.391376767E41,-4.391376767E41,500.0,351.5672676459811,202.94787046319703,207.13422076356275,202.21039906384738,202.21039906384738,202.21039906384738,202.21039906384738,202.21039906384738,202.21039906384738,202.21039906384738,true,358446,16.163992,0.04884119,0.08123861,0.014001043,4.859425,-1.0,-1.0,0.12348691,0.11952403,7.5554256,2.355826,3.833212,1.3525339,0.5965568,1.0545547,0.05626529,0.0,6.676927,0.11508329,0.008442902,5,0.048321232,4.056652,-6.149606,-2.0929542,0,0.6098895,303.384430154023,-57.0841609104338,1.1187943,-51.482952,-2460.3667,-239.52524,-18304.734,7.6649985,0.5162978,5,3,0.7106004,0.97885436,8.271603,0.11368207,0.0070986436,0.31306875,22.558123,22.558123,23.559084,16
DESY3RM-362998,356.668064317442,-2.18403084975877,0.23403572,0.0336,536.1670197393365,98.33658065761593,1.722129708,0.5510815069999999,-1.722129708,1.805138445E42,1.805138445E42,2.2225962239422302E42,4.089171578E42,3.9937037737674904E42,1.022086196154131E43,1.731576103,0.6246994080000001,-1.731576103,2.244303724E37,2.2443037240000007E37,1.2002328000470098E46,4.767109889000001E37,4.767109889000001E37,3.1671470609848304E46,500.0,469.286839962684,523.1874845912812,534.6650000751182,536.1670197393365,536.1670197393365,536.1670197393365,536.1670197393365,536.1670197393365,536.1670197393365,536.1670197393365,true,362998,17.090677,0.0023822242,0.23181915,0.010883916,2.2071528,0.24048077,0.24048077,0.23181915,0.23202407,6.807932,1.4283956,5.2519245,1.1466933,0.5842558,1.0072787,0.0069949636,0.0,2.1783392,0.23403572,0.010281967,1,0.03214451,4.0046315,2.608096,6.612727,0,0.5819578,356.668064317442,-2.18403084975877,0.8875683,2.2713993,-1088.0221,32.02832,-3163.6572,6.807932,0.0,5,1,-0.21717013,1.924638,6.0999436,0.23204038,0.009602642,0.18706563,22.16878,22.16878,23.559084,27
DESY3RM-365307,51.5893696837124,-15.3120582977589,0.26402953,0.0407,211.42295881441936,121.06264544393619,0.3476796088,0.3476796088,1.2313265722,9.822443194E41,9.822443194E41,-9.822443194E41,2.3915285360000002E42,2.3915285360000002E42,4.909594803430147E43,0.4264184709,0.4264184709,1.1491919461,9.206544579E41,9.206544579E41,-9.206544579E41,1.8478253560000002E42,1.8478253560000002E42,2.9847878951008605E43,500.0,210.89032276225066,212.7695918424303,216.05868371253808,211.42295881441936,211.42295881441936,211.42295881441936,211.42295881441936,211.42295881441936,211.42295881441936,211.42295881441936,true,365307,17.430334,0.0033293718,0.26628688,0.01797501,31.099125,-1.0,-1.0,0.2942297,0.28752732,10.835245,2.4924128,9.538572,1.7336894,0.641162,1.2284861,0.19639592,0.0,31.152466,0.26402953,0.012140994,7,0.04407277,3.9782708,2.8418112,6.8200817,1,0.7173186,51.5898850723266,-15.2876852857596,1.4082845,7.376341,-619.55084,-6.268727,-5971.329,10.023861,1.0813012,5,2,-2.7753112,1.8765182,5.957612,0.26354435,0.011334988,0.19454786,22.198431,22.198431,23.559084,68
DESY3RM-369873,35.2666611420044,-5.09909576646551,0.27340868,0.0201,384.0310709329809,22.524371356459667,2.495934846,0.606453591,0.8456014990000003,4.2020584260000005E42,7.6970329647737E41,9.4931555044478E41,1.010469886E43,1.8665477710971702E42,2.68568967972685E42,0.9072639282,0.112900235,0.0795680704,4.1904045490000006E42,8.610322551762401E41,5.845095512139701E41,6.920363948E42,1.45491751036372E42,1.4396868224154402E42,500.0,335.62199997957293,384.03503410364436,365.33954736692743,435.17269151367736,361.9314997860657,384.03107093298087,384.0310709329809,384.0310709329809,384.0310709329809,384.0310709329809,true,369873,17.706747,0.003953225,0.27077192,0.013240229,0.90319073,0.27935,0.27935,0.27077192,0.27344128,5.8773785,1.1777974,5.1451397,1.2148296,0.56733125,1.0053807,0.0074875206,0.0,0.8634937,0.27340868,0.0140248025,1,0.021297706,3.9275186,2.8380497,6.7655683,0,0.5447124,35.2666611420044,-5.09909576646551,1.8455511,3.1894171,-1901.1345,10.817692,3036.7654,5.874604,0.015746597,5,2,-0.9113001,1.5801532,4.049368,0.27338472,0.0132427495,0.21306889,22.267185,22.267185,23.559084,9
DESY3RM-370109,39.8364453681187,-52.2858758402846,0.26805046,0.0279,240.27819307701404,32.48069185558073,0.388268351,0.0707276722,0.1263692673999999,7.679546722000001E41,7.679546722000001E41,-7.679546722000001E41,1.3173273240000001E42,1.3173273240000001E42,-1.3173273240000001E42,0.3534122457,0.0646553097,0.1184884730999999,8.304534249000001E41,8.304534249000001E41,-8.304534249000001E41,1.488920716E42,1.488920716E42,-1.488920716E42,500.0,1151.8452294804254,946.9605447399892,274.03558808984826,231.05483334220895,240.27819307701404,240.27819307701404,240.27819307701404,240.27819307701404,240.27819307701404,240.27819307701404,true,370109,16.900194,0.004520143,0.26757878,0.013409285,2.1355517,-1.0,-1.0,0.26757878,0.2677031,5.7095737,1.2748057,5.496004,1.1866136,0.5640541,1.0200772,0.021613833,0.0,1.9940472,0.26805046,0.014776794,1,0.03692175,3.9251854,2.7715402,6.696726,0,0.5376582,39.8364453681187,-52.2858758402846,1.6974387,-4.1427064,2507.5298,12.606804,-1201.0701,5.7095737,0.0,5,1,-2.618922,3.168077,5.4567866,0.26776677,0.014087123,0.18133461,22.145254,22.145254,23.559084,93
DESY3RM-370557,24.5508541704692,-13.1107149548043,0.2793926,0.0152,362.0292597288131,46.31034433772434,0.2841501774,0.0753245642999999,0.1770603568,1.90378773E42,8.4960031825802E41,3.0558482582850003E41,3.944548189000001E42,1.8328696315705803E42,1.02714389471595E42,0.2472031798,0.0731233350999999,0.1333673053,1.6179743850000002E42,8.5943343264729E41,6.9387240162669E41,3.871204589E42,1.62356249800181E42,9.0475982049225E41,500.0,270.65104598951984,143.8304165016335,361.0527127882848,184.60743890463993,351.77626456118236,362.0292597288131,362.0292597288131,362.0292597288131,362.0292597288131,362.0292597288131,true,370557,17.017773,0.0023493369,0.27239865,0.0127040045,0.6874558,-1.0,-1.0,0.27239865,0.2795958,5.2671795,0.97471684,6.136713,1.1239998,0.5550289,1.0017853,0.003739931,0.0,0.43144068,0.2793926,0.014199767,1,0.018275592,3.91974,2.821228,6.7409678,0,0.51849526,24.5508541704692,-13.1107149548043,1.5025562,3.181517,105.64387,-3.575227,1635.1847,5.2671795,0.0,5,1,-2.5159776,3.1340666,5.206395,0.2796427,0.013363394,0.3633561,22.670746,22.670746,23.559084,31
DESY3RM-372165,78.1432607573962,-32.6957874420729,0.26155704,0.0203,387.08427908477745,35.166339990848165,1.010440313,0.1524531493999998,0.131921473,2.6884086360000002E42,5.0634865082070006E41,7.0689231332384E41,4.634911860000001E42,1.36087490796872E42,6.4369077273228005E41,0.8920677601,0.127774281,0.2851429049,1.3893548890000001E42,8.8581765141331E41,4.0854290968161005E41,2.2795074650000003E42,1.4994746225447E42,9.0651944391689E41,500.0,337.1646746901972,393.59526900211404,389.9989496657036,387.0842790847774,387.08427908477745,387.08427908477745,387.08427908477745,387.08427908477745,387.08427908477745,387.08427908477745,true,372165,16.397371,0.002431413,0.2683168,0.012118801,1.3337665,-1.0,-1.0,0.26514617,0.26095468,5.9994183,1.3177645,5.2976894,1.2078795,0.569668,1.0209883,0.023522822,0.0,1.7828472,0.26155704,0.010425616,10,0.018795257,3.9024818,2.4002404,6.302722,0,0.54977345,78.1566865373507,-32.6952616285029,1.313514,10.351336,4343.6953,26.645344,12403.625,6.001216,0.025763487,5,2,-3.8763883,4.7519374,7.2268333,0.26094598,0.009504975,0.292757,22.507406,22.507406,23.559084,30
DESY3RM-376342,351.349482335119,-52.2893816180274,0.20476997,0.0125,366.0908024982878,36.542690037779906,1.62465781,0.360276394,1.0659322759999998,5.1682338530000006E41,5.168233852999901E41,4.908760641142101E41,1.0784026240000001E42,1.0784026240000001E42,1.0034287696707801E42,1.529392797,0.268275824,0.6455388889999998,3.2804386590000005E41,3.2804386590000005E41,5.6746404618351004E41,6.703509835000001E41,6.703509835000001E41,1.0821518077923201E42,500.0,341.437304337622,395.24432132143346,525.0435185961858,262.7830801015517,387.13187633236396,471.1697721285808,392.57974131211364,487.2087799329748,348.83886871261643,366.0908024982878,true,376342,16.872107,0.0015352179,0.20388502,0.010060912,1.5403122,-1.0,-1.0,0.20388502,0.20170234,5.2671795,1.074656,5.2519245,0.99790955,0.5550289,1.0183195,0.016828295,0.0,1.4767807,0.20476997,0.008924283,1,0.013407656,3.858733,3.6495528,7.5082855,0,0.51849526,351.349482335119,-52.2893816180274,1.2737638,7.426739,-2049.2288,-17.242931,2841.5764,5.2671795,0.0,5,1,-0.9825432,1.7257208,3.4122784,0.20174296,0.008285974,0.39866725,22.740866,22.740866,23.559084,89
DESY3RM-377155,30.5540956562964,-4.50914009219256,0.29960722,0.0201,171.61760953687033,98.38213998718332,7.561399856,7.561399856,-7.561399856,7.158745372E41,7.158745372E41,1.34229704261214E42,2.8679882510000006E42,2.8679882510000006E42,1.3840366563694822E43,8.018821675,8.018821675,-8.018821675,7.349995721000001E41,7.349995721000001E41,1.1350188633521101E42,3.0304513150000005E42,3.0304513150000005E42,1.45533725084809E43,500.0,159.34606672634823,159.07246238507165,156.54517755987473,171.61760953687033,171.61760953687033,171.61760953687033,171.61760953687033,171.61760953687033,171.61760953687033,171.61760953687033,true,377155,16.84704,0.0045498046,0.27391803,0.0127485115,1.1816596,0.31110245,0.31110245,0.27391803,0.3005476,7.204561,1.5821477,6.090948,1.3947543,0.5909102,1.0310415,0.02850096,0.0,1.8924024,0.29960722,0.013744225,1,0.023835901,3.8502877,-0.11268319,3.7376044,0,0.59697753,30.5540956562964,-4.50914009219256,1.6665951,22.210432,2906.998,29.90259,813.3221,7.20456,0.0,5,2,-1.5131224,4.3155074,7.3015337,0.30059108,0.012602307,0.16579068,22.077497,22.077497,23.559084,84
DESY3RM-381186,35.4141079668256,-4.06750589544517,0.15329131,0.0203,833.0264327062414,184.16861074073725,4.742484869,2.42515724,6.885392631,2.6144012300000005E42,2.6144012299999902E42,7.9791535746327E41,8.322970742E42,8.32297062371577E42,3.413882614928441E42,3.719531758,1.607395872,6.095705446,2.5172798360000005E42,2.5172798360000005E42,5.9697344045210005E41,7.157745374000001E42,7.15774527529315E42,4.191413781931161E42,500.0,194.9214669598322,825.5378625268028,826.9135518546661,833.0264327062414,833.0264327062414,833.0264327062414,833.0264327062414,833.0264327062414,833.0264327062414,833.0264327062414,true,381186,16.449978,0.0025668556,0.15075254,0.01051925,1.3220186,-1.0,-1.0,0.15075254,0.15050223,5.434984,1.1038138,4.0010166,0.88165796,0.5585212,1.0138017,0.013627138,0.0,1.3169308,0.15329131,0.010099086,1,0.021805273,3.8073103,3.0652444,6.872555,0,0.5258645,35.4141079668256,-4.06750589544517,1.2118748,-5.3118315,307.89807,20.075064,1662.7017,5.4359293,0.06837332,5,3,-1.8720546,1.3470954,5.3691707,0.15055531,0.0094984695,0.22432475,22.306107,22.306107,23.559084,24
DESY3RM-388895,33.699745368168,-5.38445524493079,0.23810121,0.0182,360.7980946970426,25.872521798697587,0.7543700301,0.1724291734,0.1693317169999999,2.8876338080000004E42,2.8876338080000004E42,1.828077853560217E47,4.551425199E42,4.551425199E42,3.401357503418005E47,0.7202259457,0.1506305313999999,0.1793363192,2.9194396580000004E42,1.49709060290778E42,7.2479774746337E41,4.557765007000001E42,1.79257450528969E42,8.2988681730987E41,500.0,352.0408323413504,343.4291023028928,188.2504286779056,513.5271836431272,330.030382609489,360.7980946970426,360.7980946970426,360.7980946970426,360.7980946970426,360.7980946970426,true,388895,17.063242,0.002028602,0.23727454,0.01068386,0.9753815,0.23725894,-1.0,0.23727454,0.23632376,5.068865,1.1353997,6.640127,1.2125276,0.55078506,1.0132774,0.013921114,0.0,0.93799335,0.23810121,0.010081362,1,0.019580645,3.726653,3.6554127,7.382066,0,0.5096176,33.699745368168,-5.38445524493079,1.2212185,-13.589556,-2134.2085,-6.946011,3696.6409,4.7433195,0.40265888,5,2,-4.774047,2.057873,4.9080315,0.23629802,0.009358199,0.3130553,22.55809,22.55809,23.559084,10
DESY3RM-392857,37.3269674822915,-4.82941125268831,0.14341286,0.025,350.6146896156675,101.64429426581309,0.8623313141,0.1759218903999999,0.2822641039,1.2792571000000002E42,1.2792571000000002E42,5.437106407140001E41,2.2284488410000003E42,1.45389705265235E42,1.5248524908444803E42,0.02163057627,0.02163057627,0.45099431373,3.5963517420000004E39,3.5963517420000004E39,-3.596351741993303E39,1.6496915290000002E50,1.6496915290000002E50,7.437873686268101E52,500.0,431.2302382122709,865.3265867170144,377.68395891344164,350.6146896156675,350.6146896156675,350.6146896156675,350.6146896156675,350.6146896156675,350.6146896156675,350.6146896156675,true,392857,16.361404,0.0010505256,0.14905314,0.011164086,1.3026944,0.1413,0.1413,0.14905314,0.14091998,6.090948,1.2713747,6.151968,1.254707,0.5713957,1.0129951,0.010906041,0.0,1.534746,0.14341286,0.010249554,1,0.034435935,3.6861403,-2.7052968,0.98084354,0,0.5535321,37.3269674822915,-4.82941125268831,0.50143343,22.359686,-8943.874,48.357983,-9512.912,6.0542927,0.2719196,5,3,1.0817728,1.2750262,3.2954638,0.14096506,0.009576187,0.24134666,22.361404,22.361404,23.559084,40
DESY3RM-396149,1.16840824228774,0.0083018974102659,0.19192816,0.0281,680.7550625553088,112.33623213020874,1.716695583,0.3545303359999998,0.4730392050000001,5.169285669E42,1.1077442042013502E42,1.2957646521886E42,1.1007433630000001E43,3.862363873333681E42,2.6466149785043802E42,1.646240022,0.332041075,0.4629862439999999,4.3686126370000007E42,9.784614618323202E41,1.4293064857522702E42,9.152990684000001E42,3.06631849369773E42,2.41656310985615E42,500.0,826.9225729629388,165.78110914953538,1330.2441360720952,622.3662823376775,680.7550625553084,680.7550625553085,680.7550625553087,680.7550625553088,680.7550625553088,680.7550625553088,true,396149,17.086357,0.0035493441,0.19790423,0.01067194,1.9387485,-1.0,0.19326268,0.20030665,0.19511285,5.3739643,1.5988736,7.6011906,1.112637,0.5572614,1.1693707,0.14410736,0.0,2.3030508,0.19192816,0.009389653,3,0.035946447,3.654191,1.0175298,4.671721,0,0.5231995,1.15088295405531,0.0288511191395439,0.8144381,29.651718,6701.7866,37.964333,30366.848,5.263704,0.20843148,5,4,0.29141217,1.2217618,5.889695,0.18873096,0.008808659,0.20975056,22.255318,22.255318,23.559084,93
DESY3RM-397883,90.4722338919312,-39.9973873785808,0.21592827,0.0387,952.180387052049,17.6236031441841,4.664661323,0.1166566869999998,0.1173450040000005,6.071358456E43,6.071358456E43,3.614850750667845E44,1.918320613E44,1.918320613E44,1.1926157187871853E45,4.654933226,0.1187186420000001,0.119439195,5.664204254000001E43,5.664204254000001E43,3.644496614596309E44,1.7879079880000003E44,1.7879079880000003E44,1.0148156809917732E45,500.0,971.1820866281394,961.2843512495308,954.7398475202127,952.180387052049,952.180387052049,952.180387052049,952.180387052049,952.180387052049,952.180387052049,952.180387052049,true,397883,16.980238,0.0010523829,0.20290177,0.00984368,10.190459,-1.0,-1.0,0.20290177,0.21324867,6.060438,1.4400635,7.0520115,1.3974531,0.5708221,1.0815231,0.074011296,0.0,10.902412,0.21592827,0.008942079,1,0.055950075,3.6373107,2.5278268,6.1651373,0,0.5522827,90.4722338919312,-39.9973873785808,0.95187443,-1.773203,-508.163,-45.600525,2994.8792,5.463661,0.67278284,5,2,-1.1127343,1.7649156,4.9737916,0.21320465,0.008263813,0.37437776,22.693338,22.693338,23.559084,52
DESY3RM-401415,305.444733645257,-63.4341024331505,0.14532827,0.0399,911.1728016003765,155.20429663583332,8.645129546,2.618064817,6.323365064000001,1.160511461E43,1.71768198563666E42,1.21724599727801E42,4.700032053E43,1.230853941585884E43,5.62401628023303E42,9.083806322,2.735681992999999,7.859738508000001,1.139049489E43,2.0379859054438902E42,7.350097088060101E41,4.68206533E43,1.1996300529073832E43,5.09477067075089E42,500.0,1045.7105282285956,923.9319731359724,1403.2438596685872,949.3907120427273,911.1728016003765,911.1728016003765,911.1728016003765,911.1728016003765,911.1728016003765,911.1728016003765,true,401415,15.850889,0.00116474,0.14501809,0.00921327,2.2122543,-1.0,-1.0,0.14501809,0.14279509,5.8621235,1.2855055,5.3892193,1.1106688,0.56703645,1.0214244,0.019495413,0.0,2.038451,0.14532827,0.010516743,1,0.05137312,3.6027458,3.5063696,7.1091156,0,0.5440757,305.444733645257,-63.4341024331505,1.8255956,18.63707,-7872.2827,16.82344,-8633.343,5.8648267,0.020108653,5,2,-1.888202,2.097805,4.3564734,0.14282064,0.009880898,0.24145688,22.36175,22.36175,23.559084,24
DESY3RM-401860,53.9710473480641,-34.8310027411035,0.27521327,0.0126,374.2460089280352,43.364012150200544,1.242522437,0.2106999120000001,0.3107067609999998,1.820823025E42,5.045981942789301E41,3.686481302536401E41,3.42155835E42,9.8753426896588E41,1.0929272002016902E42,1.341076667,0.208213339,0.497081444,1.5642319450000003E42,5.5777124990611E41,4.936039565853101E41,3.0511281130000005E42,8.0668372396081E41,1.0130974416321E42,500.0,208.2982387451973,425.93651594878224,376.2845671229892,438.10333935367834,384.0320556603076,476.51117519590264,343.23806322331643,410.0423306414151,374.2460089280352,374.2460089280352,true,401860,17.458483,0.0051270393,0.29221007,0.013595648,0.9844982,-1.0,-1.0,0.29221007,0.27552825,8.013075,1.8983097,5.663809,1.5078723,0.60361475,1.0641899,0.061331134,0.0,2.1803777,0.27521327,0.013267996,1,0.012500533,3.5978847,2.8574815,6.455366,0,0.626245,53.9710473480641,-34.8310027411035,1.4230071,17.140165,-5646.8447,-9.860325,-3085.3972,8.013075,0.0,5,1,-1.8858347,2.0155756,5.2533383,0.2752739,0.012418134,0.19418599,22.197023,22.197023,23.559084,93
DESY3RM-402416,34.1808071920345,-4.26093135085381,0.29233062,0.0181,518.8271204207797,46.06338121992091,0.05800128603,0.02124684499,0.08494253707,7.814548944E39,7.814548944E39,1.8648174090014203E42,1.131139609E43,1.131139609E43,3.119522915476247E45,1.728666023,0.2056388769999999,0.7379193460000002,7.338807726000001E41,6.238282336211401E41,4.1241829918085E41,1.5415640860000002E42,1.35894873930721E42,1.0794269426551702E42,500.0,536.4464644763432,507.22066492665175,518.7545717874106,518.8271204207797,518.8271204207797,518.8271204207797,518.8271204207797,518.8271204207797,518.8271204207797,518.8271204207797,true,402416,17.868559,0.003992731,0.31388077,0.014318686,0.2512021,0.29214,0.29214,0.31388077,0.30384308,6.4570675,1.228376,5.694319,1.2257767,0.57810545,1.0063485,0.007510431,0.0,1.9939896,0.29233062,0.012240119,3,0.020873055,3.5925605,2.7475057,6.340066,0,0.5682645,34.1808071920345,-4.26093135085381,1.8275341,10.734779,-2610.7266,40.21887,2878.9148,6.4485283,0.08062409,5,5,-2.4407668,1.5915111,6.2956023,0.29309127,0.011067198,0.20518471,22.238678,22.238678,23.559084,71
DESY3RM-402957,70.4016816839438,-27.1905009482331,0.10606364,0.0241,803.3761091066491,18.90587218351593,3.136066587,0.099134426,0.1000222009999998,6.832037263000001E43,1.1744016690264401E42,7.0976425975083E41,1.863800978E44,3.17454303467603E42,3.00675323117596E42,3.136100591,0.0988438519999999,0.0997374070000001,6.742384965000001E43,1.1773898599905901E42,1.1921367244289E42,1.839350872E44,4.777418575490071E42,3.1301052328352397E42,500.0,867.577339962122,802.8966695827482,804.6751274125941,803.3761091066491,803.3761091066491,803.3761091066491,803.3761091066491,803.3761091066491,803.3761091066491,803.3761091066491,true,402957,15.0254135,7.533652E-4,0.104172364,0.0076493765,4.2582827,-1.0,-1.0,0.104172364,0.10501263,7.372366,2.2173266,7.7842503,1.493531,0.5936376,1.1425174,0.12968536,0.0,3.9837837,0.10606364,0.008160633,1,0.036012866,3.5872834,4.1042113,7.691495,0,0.603195,70.4016816839438,-27.1905009482331,1.4213686,-3.9689722,-764.15717,68.58376,2250.507,7.169553,0.24139866,5,3,-5.4036646,2.3726342,7.5333,0.1050348,0.0065249405,0.27234754,22.45277,22.45277,23.559084,29
DESY3RM-405819,330.358133212086,1.47426935059771,0.27068487,0.0403,696.1456179319222,34.94634095736863,2.847108937,0.2397247009999996,0.267641867,1.46979766E44,5.0992706985809405E42,5.71000151611122E42,3.716906206E44,2.4999626663388813E43,2.0598103086300803E43,2.813117746,0.2268543819999999,0.262573734,1.4578799250000002E44,2.37471189546687E42,5.9989212292889E42,3.669240331000001E44,2.300073949521277E43,2.056821456951481E43,500.0,748.1668843806958,670.8954692910108,696.8039054927397,696.1456179319222,696.1456179319222,696.1456179319222,696.1456179319222,696.1456179319222,696.1456179319222,696.1456179319222,true,405819,17.854908,0.003213918,0.2812192,0.013342156,0.76158476,-1.0,-1.0,0.2812192,0.2701912,6.151968,1.3601042,5.2061596,1.4363871,0.572536,1.0154228,0.01881494,0.0,1.2242426,0.27068487,0.011884013,2,0.05109577,3.5604408,2.42778,5.9882207,0,0.5560207,330.358133212086,1.47426935059771,1.5204896,-6.0126877,-833.6093,1.3195573,506.26373,6.151968,0.0,5,1,-0.27838323,1.3459411,3.22849,0.27053022,0.010983668,0.24550955,22.374334,22.374334,23.559084,48
DESY3RM-406821,19.6383234830858,0.480329673708423,0.21977644,0.0324,473.90829795787084,44.096951614271795,1.411331162,0.1833532359999998,0.5975733859999999,1.431428558E42,7.8991356176515E41,1.0251826877332802E42,2.832505195E42,2.2255880799079603E42,2.2885019403431802E42,1.3593588,0.5667826800000001,0.4067282939999999,1.4571719090000004E42,1.4571719090000004E42,1.9197906603123102E42,2.849855057E42,2.849855057E42,4.8227878425059203E42,500.0,465.8004366862532,379.3763303181264,479.9340258216044,473.90829795787084,473.90829795787084,473.90829795787084,473.90829795787084,473.90829795787084,473.90829795787084,473.90829795787084,true,406821,17.225344,0.003406895,0.22160338,0.0109578855,0.08507963,-1.0,-1.0,0.22160338,0.21712984,6.258753,1.2780236,5.9841633,1.2838645,0.57451,1.0055866,0.006126427,0.0,0.17647287,0.21977644,0.009193835,1,0.031557437,3.5504894,2.5368636,6.0873528,0,0.56034327,19.6383234830858,0.480329673708423,0.96196413,-0.49717188,-1575.5812,0.7077206,1951.1528,6.2582693,0.04874994,5,2,0.17902872,1.4672055,3.9781778,0.21718626,0.008517291,0.22111933,22.295225,22.295225,23.559084,54
DESY3RM-407998,15.5475533627106,-22.0573633551066,0.2173683,0.0139,599.083756423187,24.902077220496658,2.091545305,0.127824527,0.1463085090000002,1.7084888800000003E43,2.4190621664967703E42,1.41214871199869E42,3.870065365E43,5.1611113519078905E42,2.96912067776983E42,2.128932103,0.1236700439999998,0.149750773,1.70001418E43,1.7979312431618903E42,1.4091456272777002E42,3.8746273390000007E43,4.05106103585648E42,3.20812830269532E42,500.0,662.1307654470926,580.4063465650737,607.7622791826456,599.083756423187,599.083756423187,599.083756423187,599.083756423187,599.083756423187,599.083756423187,599.083756423187,true,407998,17.086523,0.0034494058,0.22283997,0.01248096,15.156721,-1.0,-1.0,0.22283997,0.21463719,6.762167,1.5793678,5.633299,1.5028669,0.5834682,1.0200721,0.019661387,0.0,15.471118,0.2173683,0.010565292,1,0.020039346,3.539177,3.1438324,6.683009,0,0.58019406,15.5475533627106,-22.0573633551066,1.3296273,13.892995,-827.0276,19.380095,-3343.171,6.762167,0.0,5,1,-1.0246722,1.6252749,4.1064525,0.21469305,0.009992156,0.21913075,22.288395,22.288395,23.559084,55
DESY3RM-409881,357.317755360044,-56.2238012108031,0.22175261,0.0143,284.52470868316834,43.48541667289205,1.820111828,0.4853669509999998,1.603011247,4.4527931940000005E39,4.4527931940000005E39,1.349581793134801E44,9.595833941E39,9.595833941E39,2.5671243163338443E44,1.725438595,0.503555548,1.455079699,5.814693593000001E38,5.814693593000001E38,6.292128128202963E45,1.233665447E39,1.233665447E39,1.870225262179545E46,500.0,305.59038271132795,537.9729292361795,293.72995704256834,284.52470868316834,284.52470868316834,284.52470868316834,284.52470868316834,284.52470868316834,284.52470868316834,284.52470868316834,true,409881,17.057592,0.004027166,0.21770139,0.011489597,2.0545535,-1.0,-1.0,0.21770139,0.21931176,5.7400837,1.3235555,8.531744,1.5293336,0.5646556,1.043608,0.04153716,0.0,1.995488,0.22175261,0.009956436,1,0.012363029,3.521122,3.5135815,7.0347033,0,0.5389492,357.317755360044,-56.2238012108031,1.2255316,14.676228,-3359.0115,13.951366,11624.274,5.7737546,0.09530369,5,2,-3.1922925,1.7473648,4.3139114,0.21923599,0.0093258815,0.28226712,22.479818,22.479818,23.559084,71
DESY3RM-420503,34.18547565315,-6.81199147287935,0.16442032,0.0212,378.5076849863529,50.51637695602165,0.9362043905,0.212774688,0.3590799445,1.575173583E40,1.575173583E40,5.829229534634041E42,2.6427500409999998E40,2.6427500409999998E40,1.3939366652442883E43,0.8523701765,0.2032326256,0.1355810053999999,7.351687496000001E39,7.351687496000002E39,1.0400610170346797E45,1.1944806670000002E40,1.1944806669990001E40,1.6884207603455816E45,500.0,519.4502602088593,442.2283089178862,404.40232382902866,378.5076849863529,378.5076849863529,378.5076849863529,378.5076849863529,378.5076849863529,378.5076849863529,378.5076849863529,true,420503,16.73316,0.0023826878,0.15698513,0.0086108595,4.0079255,-1.0,-1.0,0.15698513,0.16141932,5.1603947,0.97512364,4.855295,0.8501992,0.55275995,1.005316,0.0060362173,0.0,4.230856,0.16442032,0.008438278,1,0.025224406,3.4228747,2.7977886,6.220663,0,0.51373833,34.18547565315,-6.81199147287935,1.2029862,-3.2762847,-604.162,-13.676357,2497.9062,5.1476564,0.0904784,5,2,0.687487,1.2045463,3.0339065,0.1614292,0.0077770264,0.21405593,22.27068,22.27068,23.559084,8
DESY3RM-426714,87.1408612948568,-21.8891399527278,0.28918347,0.0259,923.2241220131015,38.38640508186665,4.734085835,0.3321192829999999,0.3365026769999995,4.2038204830000003E43,1.29303571240196E42,9.007742267407201E41,1.3377393670000001E44,4.8886636825109404E42,6.123244860086281E42,4.786416203,0.3361545010000002,0.3387527090000004,4.0614917750000007E43,1.6025448022700602E42,9.554019218110702E41,1.2993979060000002E44,4.643128179855411E42,5.3988292079838806E42,500.0,726.990644895588,964.2397824074235,926.0882125108171,923.2241220131015,923.2241220131015,923.2241220131015,923.2241220131015,923.2241220131015,923.2241220131015,923.2241220131015,true,426714,18.4377,0.0036825496,0.28037193,0.013569968,0.57155913,-1.0,-1.0,0.28037193,0.28987592,5.511259,1.3124472,5.3739643,1.0601331,0.5600801,1.0603822,0.055350553,0.0,0.72700137,0.28918347,0.013231943,1,0.036027886,3.3671472,1.0219144,4.3890615,0,0.5291728,87.1408612948568,-21.8891399527278,1.2198663,1.9243195,547.9835,3.7978442,-599.3187,5.3006086,0.3171619,5,4,1.0188658,0.9184433,4.4460783,0.2898323,0.012200809,0.2839935,22.484428,22.484428,23.559084,62
DESY3RM-432805,42.3631636655289,-4.33084498516154,0.19065107,0.0331,515.2604258578232,64.77547028786644,0.2543374149,0.0218570989,0.0755649472,1.553299006E42,5.9124607599255E41,4.5334230352543005E41,3.696342805E42,1.60300460293886E42,1.2015212918789201E42,1.559147666,0.2524739600000001,0.3824897549999999,8.615413447000001E41,5.1310890379128006E41,5.6628017014003004E41,1.766640513E42,1.1568741834407101E42,1.24179310849894E42,500.0,500.7401925570013,510.20812637231637,529.0474911030582,515.2604258578232,515.2604258578232,515.2604258578232,515.2604258578232,515.2604258578232,515.2604258578232,515.2604258578232,true,432805,16.15631,0.0017775552,0.19155335,0.009757393,0.69764894,0.19301425,0.19301425,0.19155335,0.18742009,6.4265575,1.695364,5.1603947,1.2437384,0.5775581,1.1119813,0.099467635,0.0,0.8607285,0.19065107,0.010302841,1,0.032470353,3.3139591,3.0697472,6.383706,0,0.5670547,42.3631636655289,-4.33084498516154,1.895375,-3.442474,2695.3608,50.506676,18742.795,6.431568,0.02157297,5,2,-3.1997197,2.8336837,5.2666698,0.18744715,0.009777389,0.23627175,22.345337,22.345337,23.559084,39
DESY3RM-434258,36.3971744580568,-5.76760277424149,0.28309083,0.0234,456.2168068298446,94.5639524220339,0.02698620606,0.00969760834,0.02973873773,1.621640666E42,1.621640666E42,4.940311851305101E41,2.306044548E50,2.306044548E50,5.778715890432661E50,1.389276937,0.5166917746999999,1.341060467,2.7684439180000002E42,2.3614304277219403E42,1.7514580647697E42,5.870156816E42,5.01283450638914E42,5.1113659353801206E42,500.0,472.2261061510294,456.5907544604195,456.5949008372813,456.2168068298446,456.2168068298446,456.2168068298446,456.2168068298446,456.2168068298446,456.2168068298446,456.2168068298446,true,434258,17.559885,0.0040177247,0.28584358,0.013660153,0.5910276,0.28064865,0.28064865,0.28584358,0.28365746,5.511259,1.3908119,6.3502827,1.3282884,0.5600801,1.0314138,0.030821918,0.0,0.6408593,0.28309083,0.014903978,1,0.028404986,3.301596,3.307621,6.6092167,0,0.5291728,36.3971744580568,-5.76760277424149,1.2306627,3.049218,-120.092674,11.27671,-27.466578,5.4850307,0.06483669,5,3,-2.4265137,1.9623673,5.0685167,0.2834996,0.014068689,0.23966357,22.356113,22.356113,23.559084,10
DESY3RM-436721,69.433630561689,-47.0585453261528,0.23114182,0.00824,475.33212443542465,32.71197048171562,3.797172877,2.284456224,15.986415973000002,2.1635059970000002E42,2.1635059970000002E42,3.7919037484009E41,6.374371355E42,6.374371355E42,1.46472846090571E42,5.976628234,4.121814068,-5.976628234,2.127132452E42,2.127132452E42,2.236938290536E41,7.564394817000001E42,7.564394817000001E42,3.0014644986078004E41,500.0,469.6473327365248,470.8859606502815,480.4712017380597,475.3321244354246,475.33212443542465,475.33212443542465,475.33212443542465,475.33212443542465,475.33212443542465,475.33212443542465,true,436721,17.63451,0.0037445659,0.23721288,0.011170711,0.90997446,-1.0,-1.0,0.23721288,0.22895575,6.624872,1.7950197,5.480749,1.3322814,0.5810794,1.073553,0.0729372,0.0,1.225212,0.23114182,0.009839668,1,0.008397559,3.280429,0.0827177,3.3631465,0,0.57486326,69.433630561689,-47.0585453261528,0.8318788,4.1549916,-201.6897,30.177795,840.60834,6.4631867,0.7130164,5,3,0.9058744,1.1325399,3.4113283,0.22901507,0.00914708,0.26243463,22.424738,22.424738,23.559084,85
DESY3RM-436851,34.4624451247386,-6.22860731063136,0.28648826,0.0231,424.6554148926827,42.83404652612749,1.087178856,0.0766204449999998,0.257855605,1.7827116870000002E42,1.7827116870000002E42,-1.7827116870000002E42,3.182534563E42,3.182534563E42,-3.182534563E42,1.170005656,0.141557208,0.2443877349999998,1.737187884E42,1.737187884E42,-1.737187884E42,3.182021084E42,3.182021084E42,-3.182021084E42,500.0,391.42885865009254,423.3784566707035,400.82226925051884,424.6554148926827,424.6554148926827,424.6554148926827,424.6554148926827,424.6554148926827,424.6554148926827,424.6554148926827,true,436851,18.189648,0.006350667,0.2815614,0.014931663,7.1669507,-1.0,-1.0,0.2815614,0.2871404,6.4875774,1.6270036,4.916315,1.3115106,0.5786507,1.0497916,0.04924029,0.0,7.144406,0.28648826,0.014652064,1,0.027023582,3.2793074,1.5097189,4.7890263,0,0.56947124,34.4624451247386,-6.22860731063136,1.0336214,12.25254,2804.5405,12.734698,-7974.1147,6.4875774,0.0,5,1,0.37553445,1.129353,3.4239707,0.2870343,0.013761325,0.22178861,22.29751,22.29751,23.559084,27
DESY3RM-439179,72.1729857563379,-20.5957903957705,0.20334841,0.0362,530.3505732518992,38.519020061444195,1.641352641,0.1968048359999998,0.30750622,1.142190734E43,1.49643462047014E42,1.63991650021471E42,2.3891811560000004E43,3.2805010513172304E42,5.2598530393291006E42,1.66147141,0.219043581,0.3721707339999998,1.0127575830000002E43,1.48586716091981E42,1.45258601207546E42,2.1281330620000002E43,4.22068118727901E42,4.83103004958192E42,500.0,527.4793561631604,531.3179899802545,532.7814540284174,530.3505732518992,530.3505732518992,530.3505732518992,530.3505732518992,530.3505732518992,530.3505732518992,530.3505732518992,true,439179,16.47338,0.0027847989,0.20431344,0.010193032,0.47929117,-1.0,-1.0,0.20431344,0.20028254,6.731657,1.7048858,9.660612,1.7442776,0.5829407,1.0311798,0.03380438,0.0,0.45877352,0.20334841,0.009297819,1,0.05555914,3.2593577,2.5054545,5.7648125,0,0.5790146,72.1729857563379,-20.5957903957705,0.87453943,18.051231,-1789.0522,34.32036,-5559.8477,6.3430233,0.5019987,5,4,-2.1020203,2.4533303,6.5753913,0.20029296,0.0086907055,0.26109344,22.420864,22.420864,23.559084,48
DESY3RM-442818,351.604336392385,-55.6892493620069,0.20435311,0.0125,478.04746570000447,43.39827854886188,1.364879439,0.199619553,0.2757492959999998,2.012372749E42,1.58409436736388E42,8.610282820157302E41,4.2385322310000006E42,3.1159215193182906E42,2.7208187400683904E42,1.406079543,0.4784130941999999,0.6807430370000003,3.5245149820000006E42,2.9602275120002405E42,2.5580212629794604E42,7.482804095E42,5.726524798942831E42,5.904118397020171E42,500.0,476.926673581291,476.53129766391373,476.31023566308795,478.04746570000447,478.04746570000447,478.04746570000447,478.04746570000447,478.04746570000447,478.04746570000447,478.04746570000447,true,442818,17.283743,0.002532983,0.21153218,0.012249866,3.6243098,-1.0,-1.0,0.21153218,0.20143075,5.1756496,1.0311277,5.1756496,0.8725128,0.5530864,1.037593,0.033731345,0.0,4.0764184,0.20435311,0.009348175,1,0.01241647,3.229182,2.0618908,5.291073,0,0.51442116,351.604336392385,-55.6892493620069,1.6991045,-4.1762686,-966.2284,12.817533,2622.2236,5.1597376,0.075391635,5,3,0.51697105,1.1759994,3.1240852,0.20131761,0.008741957,0.2885344,22.496422,22.496422,23.559084,6
DESY3RM-444630,9.32767168202028,-33.8582070203343,0.27072877,0.0128,403.3480185359821,64.0958966837679,0.08552490063,0.04118767412,0.0442556630699999,1.73016622E41,1.73016622E41,-1.7301616731878002E41,2.5617323130000007E43,2.5617323130000007E43,-2.5616617415870493E43,0.08640513526,0.03875459946,0.0491872116399999,1.5630581760000001E41,1.5630581760000001E41,8.6429854913546E39,2.202568944E43,2.202568944E43,1.6774783361485752E43,500.0,463.2374021301931,460.2698190367198,441.300752110504,403.3480185359821,403.3480185359821,403.3480185359821,403.3480185359821,403.3480185359821,403.3480185359821,403.3480185359821,true,444630,18.183008,0.005035356,0.28137964,0.014180649,1.7605287,-1.0,-1.0,0.28137964,0.27036345,5.526514,1.49112,4.306116,1.3022174,0.5603898,1.0026078,0.002912056,0.0,2.1335413,0.27072877,0.013505513,1,0.0114615485,3.2146614,-2.0923748,1.1222866,0,0.52983147,9.32767168202028,-33.8582070203343,0.66692054,-5.7585454,517.0126,6.4802213,179.39052,5.4467835,0.45199126,5,3,0.909681,0.99574196,3.0452225,0.27057624,0.012720001,0.269246,22.44411,22.44411,23.559084,90
DESY3RM-446038,351.691567294828,-53.8119409626685,0.23032165,0.0103,370.73296123575494,20.947236156043125,0.8952272872,0.0595839246999999,0.0788591461,7.420240739000001E42,1.4989591483828702E42,2.48345082573333E42,1.219998212E43,2.82876425311095E42,2.9364424633825503E42,0.8382510115,0.0949287401,0.0695244215999999,6.135113084E42,1.84447099120503E42,2.4029837944832304E42,9.893518704000001E42,4.29624527019421E42,4.35519863806534E42,500.0,393.96865156706554,361.6306129283998,372.7022324480567,370.73296123575494,370.73296123575494,370.73296123575494,370.73296123575494,370.73296123575494,370.73296123575494,370.73296123575494,true,446038,17.323538,0.0039843577,0.22544715,0.012030916,1.7665169,-1.0,-1.0,0.22544715,0.22812311,5.0231,1.1323072,4.6112156,1.250148,0.54978687,1.007859,0.0070134425,0.0,1.785239,0.23032165,0.011784989,1,0.01050541,3.202969,3.1010091,6.303978,0,0.50754195,351.691567294828,-53.8119409626685,1.6682259,7.150871,-1894.3752,26.666243,2765.6719,5.001479,0.15006052,5,2,-0.9176794,1.49488,3.92149,0.22815825,0.011217569,0.38067394,22.705948,22.705948,23.559084,77
DESY3RM-446406,316.827066398015,-58.8353427083472,0.25119555,0.0418,427.8835564970903,43.42594443357451,1.006637934,0.1269607203,0.227341303,3.427072906E42,9.481869836497002E41,7.5836214015507E41,5.901722064E42,1.5502095274788402E42,1.21915546233456E42,1.005685199,0.1242978237999999,0.214322737,3.4390247210000006E42,1.11755304278729E42,4.3968332504156E41,5.9197932E42,1.6483069444009203E42,7.2161403343678E41,500.0,403.0228427960315,422.83654674199977,410.2857340885661,427.8835564970903,427.8835564970903,427.8835564970903,427.8835564970903,427.8835564970903,427.8835564970903,427.8835564970903,true,446406,18.586893,0.0054175756,0.2675344,0.015383218,2.0019405,-1.0,-1.0,0.2675344,0.24988906,5.2671795,1.5433664,1.8348103,0.80043,0.5550289,1.0386091,0.035450935,0.0,2.635509,0.25119555,0.016592039,1,0.04753057,3.200014,-4.264905,-1.0648909,0,0.51849526,316.827066398015,-58.8353427083472,0.9403902,-7.8124905,54.746,-7.3904324,-1058.0237,5.2671795,0.0,5,1,0.6248352,0.57492137,2.2757325,0.2500501,0.016096283,0.29912287,22.52367,22.52367,23.559084,58
DESY3RM-446966,34.8026149014792,0.438422322093988,0.24110991,0.0301,536.4727242095878,130.3476047450103,2.166466472,0.8282692070000002,8.801879008,1.488950277E42,1.4889502769999902E42,7.3749815446789E41,3.597089115000001E42,1.6852505582327803E42,5.75766462622185E42,2.192046536,0.887923453,9.018306274,1.443796274E42,1.443796274E42,6.6427167801335005E41,3.4999823420000004E42,2.5506040831153904E42,3.21395800380726E42,500.0,553.6044849664644,532.9838393956709,607.4668843014208,513.0615709160082,536.4727242095878,536.4727242095878,536.4727242095878,536.4727242095878,536.4727242095878,536.4727242095878,true,446966,17.230314,0.0030071007,0.23612225,0.010566775,1.4320748,-1.0,-1.0,0.23612225,0.2395558,5.9994183,1.4323019,5.2824345,1.3377209,0.569668,1.0500004,0.045199327,0.0,1.4620506,0.24110991,0.010821536,1,0.038796104,3.195209,3.6597464,6.8549557,0,0.54977345,34.8026149014792,0.438422322093988,1.3824191,-1.2762562,-307.34128,1.2033561,152.6012,5.9956365,0.13088852,5,2,-1.7102505,1.8173234,4.6402593,0.2394536,0.010129463,0.19274911,22.191408,22.191408,23.559084,51
DESY3RM-450253,19.7844939246109,-0.963545477542941,0.16311862,0.0325,726.4303463631356,90.9355920343476,2.835668419,0.6708382190000002,1.7177953219999995,6.377681501000001E42,1.0091310523885901E42,1.62670973991828E42,1.616181195E43,3.6524910552007404E42,4.7107708256714504E42,2.724650902,0.6282203239999999,1.262556252,6.009048627000001E42,8.565367565504002E41,1.5903730149012504E42,1.4994113130000002E43,3.52110623885797E42,3.59348221322336E42,500.0,587.9873520073229,721.5029815938119,724.9271628059187,726.4303463631356,726.4303463631356,726.4303463631356,726.4303463631356,726.4303463631356,726.4303463631356,726.4303463631356,true,450253,16.648287,0.0012899003,0.1634598,0.009623556,1.7898784,0.16010696,0.16010696,0.1634598,0.16016686,5.2061596,1.15193,4.5654507,1.027625,0.5537369,1.0633183,0.063884154,0.0,1.7835674,0.16311862,0.009203299,1,0.03672741,3.1680675,2.8591852,6.0272527,0,0.51578355,19.7844939246109,-0.963545477542941,1.1027886,17.75252,-6400.8384,26.657408,-12618.118,5.2094383,0.012807497,5,2,-0.016763417,1.2801546,3.6161344,0.16015302,0.008597261,0.24394819,22.36951,22.36951,23.559084,14
DESY3RM-456585,310.397803725364,-56.2942883655034,0.25202653,0.0565,416.6520902169431,21.63846355963418,1.199878288,0.143164493,0.148772927,5.234925064E42,1.16263268839367E42,7.212462627059701E41,9.694934975E42,1.65694790949933E42,1.69572381229103E42,1.232225749,0.1839552059999998,0.2826502480000001,4.134036684E42,8.873974435345501E41,9.6268568112252E41,7.741827933000001E42,1.8020303705356403E42,2.2527604717728004E42,500.0,405.5063253948315,450.3066910056091,407.7118503026229,448.797819386135,416.6520902169431,416.6520902169431,416.6520902169431,416.6520902169431,416.6520902169431,416.6520902169431,true,456585,17.737356,0.0031856806,0.2545302,0.012708807,2.2303076,-1.0,-1.0,0.2545302,0.25092164,5.648554,1.2342,4.7485104,1.2597778,0.56284326,1.0069002,0.00617804,0.0,2.310042,0.25202653,0.012236245,1,0.059365418,3.1184344,2.5525696,5.6710043,0,0.5350648,310.397803725364,-56.2942883655034,1.1519159,1.3595434,-543.8174,23.316175,2906.2583,5.6520095,0.07081257,5,2,0.019973528,1.2675046,3.7905238,0.25092396,0.011548268,0.2645371,22.43077,22.43077,23.559084,61
DESY3RM-457017,19.5280377547369,-34.0766436125712,0.19019488,0.0235,474.30876864520127,50.035091486527854,0.01374410857,0.0028828011899999,0.00794466366,2.219075967E38,2.219075967E38,-1.6147479477967292E38,1.649426929E51,1.649426929E51,6.999532899567197E51,1.269994328,0.2271856609999998,0.2813673780000001,9.102286733000001E41,9.102286733000001E41,1.974913600322081E46,1.7269211560000002E42,1.7269211560000002E42,6.389567178247998E45,500.0,438.4057921382835,369.0142564001854,444.5305001343541,474.30876864520127,474.30876864520127,474.30876864520127,474.30876864520127,474.30876864520127,474.30876864520127,474.30876864520127,true,457017,16.347239,0.03702412,0.1584521,0.013549308,0.22285905,-1.0,-1.0,0.197899,0.18419927,7.6927204,2.3844726,8.546999,1.8292975,0.5987093,1.1835673,0.15869565,0.0,1.4059328,0.19019488,0.007988529,6,0.029058004,3.114832,-6.1198564,-3.0050244,0,0.614852,19.4828669220991,-34.0661369309344,0.98161054,1.3922921,-240.25792,26.255491,1051.6348,7.6927204,0.0,5,1,-0.12926634,2.3654904,4.0780134,0.18698913,0.007298781,0.27015367,22.446655,22.446655,23.559084,29
DESY3RM-463059,6.4519686963307,-33.057945463667,0.19361639,0.0127,811.2390005672562,75.33454236638688,3.390734175,0.4214446440000001,0.8204206480000003,3.110494626E43,2.7373349560477205E42,4.0718314231136906E42,8.485295625E43,1.1303974997571252E43,9.412979735753342E42,3.649135122,0.5402996760000001,0.8089497900000002,3.0326573150000004E43,2.85268210141119E42,2.8757922732404005E42,8.543561730000001E43,1.379520988395035E43,7.924418151525782E42,500.0,881.1894247993962,810.3529002137739,792.6070827148806,811.2390005672562,811.2390005672562,811.2390005672562,811.2390005672562,811.2390005672562,811.2390005672562,811.2390005672562,true,463059,17.290218,0.0017891799,0.20877889,0.009791423,0.628728,-1.0,-1.0,0.20877889,0.19162516,9.523317,2.6331038,2.4144993,0.87553686,0.6248239,1.1387819,0.12532982,0.0,2.4304605,0.19361639,0.010271026,2,0.014233672,3.0680983,-0.47782132,2.590277,1,0.6768452,6.4519686963307,-33.057945463667,0.9908065,3.6961844,-3819.053,63.14292,-32611.06,9.523317,0.0,5,1,0.12017385,1.0329663,7.405435,0.19043058,0.009741014,0.22510195,22.308722,22.308722,23.559084,70
DESY3RM-471671,322.317950395839,-50.6373749663544,0.26484597,0.0228,377.7878148693898,30.56790092554511,0.9777700457,0.1038299138,0.0906381202999999,1.8286036E37,1.8286036E37,1.055385353412912E49,3.110273238E37,3.110273238E37,1.624607788536462E49,1.088831619,0.0834504600000001,0.2196381739999999,2.964294257E42,1.1159366348741201E42,1.11164422849363E42,5.302452771E42,3.12588373904737E42,1.7640479217469502E42,500.0,43.306570138826196,330.13057325504957,349.54838123344666,377.7878148693898,377.7878148693898,377.7878148693898,377.7878148693898,377.7878148693898,377.7878148693898,377.7878148693898,true,471671,16.390982,9.771405E-4,0.26418126,0.012072841,0.98301965,-1.0,-1.0,0.26418126,0.2643169,5.541769,1.3579606,4.382391,1.2609032,0.56069887,1.0079159,0.012762337,0.0,1.0241611,0.26484597,0.012657525,1,0.022425793,3.0026922,0.3758648,3.378557,0,0.5304891,322.317950395839,-50.6373749663544,0.9641501,-5.7585454,296.4908,-12.624708,5009.314,5.541769,0.0,5,1,-1.6445737,4.925098,6.837597,0.264402,0.011878407,0.37279162,22.690128,22.690128,23.559084,91
DESY3RM-479482,25.2584178887846,0.30747410445698,0.15070577,0.0329,467.41458676498246,68.7005052478191,1.329335823,0.1502681490000001,0.3416136359999999,2.5755297890000002E42,9.261450976411E41,7.5786398069993E41,5.031836395E42,1.8657266933150103E42,1.27989126193466E42,0.7043162917,0.2131185646,0.2907366966,2.3058654120000003E42,8.037991279702201E41,5.242661387002201E41,3.6008361050000005E42,1.49588456024291E42,1.0879356164636002E42,500.0,359.0851291438282,377.1584779916203,457.4457411096488,467.41458676498223,467.4145867649823,467.4145867649824,467.41458676498246,467.41458676498246,467.41458676498246,467.41458676498246,true,479482,15.534347,6.795271E-4,0.15177304,0.009434459,0.6228481,0.14879145,0.14879145,0.15177304,0.14801294,5.0231,1.3245131,3.6043873,1.0146145,0.54978687,1.0184323,0.014955421,0.0,0.77299035,0.15070577,0.010865311,1,0.034020454,2.9440029,2.8081093,5.7521124,0,0.50754195,25.2584178887846,0.30747410445698,1.0754005,26.677706,-1933.7028,60.004463,-9022.546,5.0231,0.0,5,1,-3.0004005,3.023306,5.0373883,0.14803997,0.010294073,0.29171455,22.50471,22.50471,23.559084,41
DESY3RM-481132,355.784214774828,-53.5348773028133,0.14702545,0.0111,417.4396296416875,26.05386900992496,0.9982766902,0.1338077099,0.2307457948,1.8482861170000002E42,1.8482861170000002E42,1.9433822451972085E45,3.1872779870000005E42,3.1872779870000005E42,3.690535751062168E45,0.9686403383,0.1952630332999999,0.2533645527000001,1.2776993970000002E42,1.2776993970000002E42,4.871405454970877E44,2.1751423940000003E42,2.1751423940000003E42,8.988980850885639E44,500.0,465.3836506225493,460.7831590032458,457.48491890272504,417.4396296416875,417.4396296416875,417.4396296416875,417.4396296416875,417.4396296416875,417.4396296416875,417.4396296416875,true,481132,16.270563,7.079335E-4,0.14782426,0.010686819,1.126191,-1.0,-1.0,0.14782426,0.14448053,5.1298847,1.2562956,5.9841633,1.080452,0.5521048,1.0498663,0.051282052,0.0,1.1437144,0.14702545,0.011162474,1,0.011422125,2.9324312,3.0820842,6.0145154,0,0.5123693,355.784214774828,-53.5348773028133,1.0880126,-8.021492,54.534405,14.374901,-133.71362,5.138177,0.15588336,5,3,-0.43982396,1.4584451,4.88419,0.14446628,0.010580846,0.42346942,22.786497,22.786497,23.559084,50
DESY3RM-482995,38.255474673925,-5.05926334470166,0.19932084,0.0218,806.4130724177502,109.39032353044193,3.495582193,0.8963391030000003,1.672120977,8.393335835000001E42,1.53176247335662E42,1.82307978027432E42,2.313225651E43,5.79675791810338E42,7.867739634363851E42,3.697862659,0.994746918,1.9415270920000005,8.807704279000001E42,1.52484609613053E42,1.4510217398051002E42,2.4889905440000004E43,6.43150070528997E42,5.182387106357351E42,500.0,711.1565297395907,884.7254593333106,620.0812646082007,366.66970729745356,812.766801342498,806.4130724177502,806.4130724177502,806.4130724177502,806.4130724177502,806.4130724177502,true,482995,17.69329,0.0027797972,0.19339666,0.015419342,5.910541,-1.0,-1.0,0.19339666,0.19620316,5.0231,1.1730943,4.6417255,1.0948235,0.54978687,1.0215867,0.0193265,0.0,5.895619,0.19932084,0.01097349,1,0.023991635,2.918778,-0.6219468,2.2968311,0,0.50754195,38.255474673925,-5.05926334470166,0.8973238,7.6777496,-913.83496,16.930414,96.94645,5.0040402,0.14244428,5,3,1.2783418,0.7619156,2.3774085,0.19619763,0.01047152,0.30653828,22.542185,22.542185,23.559084,56
DESY3RM-497449,1.05126053247012,-36.0384373666116,0.24011678,0.0119,472.84684144969646,26.087457119104993,1.384263048,0.111097857,0.4258340579999999,6.9167729120000005E41,6.3016005115989E41,5.919952104424501E41,1.3697577090000001E42,1.21924337084846E42,1.25943785586243E42,1.371414047,0.1027748079999999,0.340168545,4.125457818E41,4.125457818E41,6.105306052050001E41,8.148902252000001E41,8.148902252000001E41,1.43501019852745E42,500.0,476.08105085668245,489.19462449602923,479.01584216280014,472.84684144969646,472.84684144969646,472.84684144969646,472.84684144969646,472.84684144969646,472.84684144969646,472.84684144969646,true,497449,16.693388,0.0018653347,0.2356512,0.010288887,0.56500167,-1.0,-1.0,0.2356512,0.23843352,5.068865,1.1626489,6.5180874,1.2622622,0.55078506,1.0218033,0.0206659,0.0,0.5178098,0.24011678,0.010149638,1,0.011880097,2.8174305,3.1203005,5.937731,0,0.5096176,1.05126053247012,-36.0384373666116,1.6227175,0.3032362,-604.2766,-1.4755559,-2227.9478,5.0670485,0.010786485,5,2,-2.8258178,2.9517465,5.1441813,0.23841156,0.009416194,0.2146686,22.27284,22.27284,23.559084,41
DESY3RM-499582,32.6993001552278,-0.400642711221978,0.23048912,0.0243,188.02432028153078,32.17082038692173,0.2607793056,0.0687944922,0.1276233975999999,3.548923109E41,3.3734014798287E41,2.4500787463194E41,8.121475468000001E41,7.9218683844341E41,8.201543476390401E41,3.485305627,3.485305627,-3.485305627,2.3368600050000002E41,2.3368600050000002E41,1.2843884752755001E41,6.438706523000001E41,6.438706523000001E41,1.1644795914579302E42,500.0,692.3664217293272,170.94744981756807,2309.9528646341187,585.149705527507,693.3947747664428,203.1843945647891,188.02432028153078,188.02432028153078,188.02432028153078,188.02432028153078,true,499582,18.106304,0.0057912683,0.328835,0.026543807,32.442726,-1.0,-1.0,0.23923403,0.24283054,5.1756496,1.3139658,4.229841,1.0434916,0.5530864,1.0105699,0.009677419,0.0,69.8088,0.23048912,0.010731399,10,0.028763339,2.80325,-6.2678523,-3.4646022,0,0.51442116,32.7271912532595,-0.428952749096908,1.1865472,8.793102,3044.2534,38.217773,-2469.5007,3.8363507,1.6557939,5,5,1.1484599,0.72837245,2.0170121,0.22833316,0.010104003,0.20760901,22.247559,22.247559,23.559084,22
DESY3RM-502411,50.7421008688521,-41.4797225728293,0.25964975,0.0148,405.3518198189883,34.262481839709416,0.02734639837,0.00990740563,0.01144074017,8.387798026E35,8.387798026E35,9.882077475550948E43,7.501272139E42,7.501272139E42,2.7178685621120964E50,1.092429352,0.3097248829999999,0.4969778630000001,7.421231311E42,7.421231311E42,5.58585660581635E42,1.328654228E43,1.3277943915251883E43,1.552825619967955E43,500.0,405.65729655644884,405.4169535743981,406.66329833266167,405.3518198189883,405.3518198189883,405.3518198189883,405.3518198189883,405.3518198189883,405.3518198189883,405.3518198189883,true,502411,17.874989,0.004423799,0.27113187,0.013237763,0.85472035,-1.0,-1.0,0.27113187,0.25903463,5.8621235,1.3207332,5.572279,1.1775503,0.56703645,1.0210718,0.02265647,0.0,1.4219528,0.25964975,0.011735184,10,0.016299315,2.7839186,1.6098546,4.393773,0,0.5440757,50.7421008688521,-41.4797225728293,1.0219946,5.2193537,-235.69351,18.25767,-930.7566,5.850761,0.08421118,5,3,0.42665714,1.1977266,3.9837344,0.25894088,0.010944914,0.22790122,22.318066,22.318066,23.559084,97
DESY3RM-505666,14.1929474106483,-22.2490866763743,0.22614902,0.0129,322.2984623585852,34.757532808042114,0.7933967746,0.1680758799,0.1356398649,1.0992174940000001E42,4.2236668248481E41,3.6790480318070004E41,1.889048765E42,7.405818436879101E41,6.406301107567001E41,0.6853055344,0.115753423,0.1538261346,8.238074439E41,4.2292107106371E41,2.5294440429749004E41,1.3878029870000001E42,9.630862093770401E41,6.193206143044401E41,500.0,311.3199218053326,344.3970004272908,335.8493795780164,322.2984623585852,322.2984623585852,322.2984623585852,322.2984623585852,322.2984623585852,322.2984623585852,322.2984623585852,true,505666,17.125145,0.0020343459,0.22457984,0.010690355,0.5793195,-1.0,-1.0,0.22457984,0.22380519,5.633299,1.2998567,7.1435413,1.4865246,0.5625389,1.0049101,0.005164993,0.0,0.44993478,0.22614902,0.0094465315,1,0.013566102,2.7619455,3.5148578,6.276803,0,0.53441405,14.1929474106483,-22.2490866763743,1.1998838,5.4917192,-1120.7555,25.529037,-3574.4236,5.611129,0.12043831,5,2,-1.3553728,1.7197376,3.9653645,0.22380698,0.008754837,0.23009767,22.325317,22.325317,23.559084,95
DESY3RM-515077,24.9186386879373,-24.8672683229212,0.24333112,0.0109,358.418963201438,33.80534115597734,0.8592277901,0.1251649094,0.1298998657999999,5.136127723E41,2.8612714981808003E41,1.5690435441438E41,8.317646728000002E41,3.4134731346326004E41,3.4440661890133006E41,1.362109878,0.5147299500000001,-1.362109878,1.196572672E41,1.196572672E41,2.3441501933157003E41,2.3443480760000005E41,2.3443480760000005E41,5.8877223092445006E41,500.0,314.48473895052285,373.8445925543725,358.74756046977706,358.418963201438,358.418963201438,358.418963201438,358.418963201438,358.418963201438,358.418963201438,358.418963201438,true,515077,18.128176,0.0035365617,0.2496882,0.012996855,0.42212442,-1.0,-1.0,0.2496882,0.24173646,6.029928,1.4354881,5.663809,1.425024,0.5702462,1.0096892,0.012411848,0.0,0.64433026,0.24333112,0.011479324,1,0.012216319,2.7005033,-1.4452065,1.2552968,0,0.5510298,24.9186386879373,-24.8672683229212,0.7653405,10.930071,4976.9062,58.068535,9930.06,5.250681,1.3439239,5,4,0.927177,0.81315446,3.1722333,0.24178515,0.010813435,0.24471933,22.371897,22.371897,23.559084,97
DESY3RM-520168,51.9848557898225,-28.6494651352913,0.12868091,0.00937,499.07737978766556,31.802715044861188,1.4313398,0.1560061689999998,0.5542477400000001,2.1430723780000002E42,2.1430723780000002E42,8.414243921798884E46,4.3088702700000005E42,4.3088702700000005E42,1.2069662842951543E47,1.407282864,0.1311316819999999,0.4904384530000001,2.233066902E42,2.233066902E42,-2.233066902E42,4.4679469490000004E42,4.4679469490000004E42,-4.4679469490000004E42,500.0,495.5574696060992,517.8217137165161,504.06894948292035,499.07737978766556,499.07737978766556,499.07737978766556,499.07737978766556,499.07737978766556,499.07737978766556,499.07737978766556,true,520168,14.82666,0.0010486741,0.13049386,0.009031668,10.833181,0.1088,-1.0,0.13049386,0.12671512,6.5791073,1.7990067,4.1230564,1.1589017,0.58027434,1.0673289,0.06638889,0.0,11.211951,0.12868091,0.009283894,1,0.008793859,2.6673071,0.530242,3.197549,0,0.5730728,51.9848557898225,-28.6494651352913,0.7611709,3.9628658,4140.83,86.420876,12575.554,6.5791073,0.0,5,1,-0.35117012,4.208114,7.8885226,0.12674586,0.008328475,0.27550417,22.461483,22.461483,23.559084,7
DESY3RM-521866,334.035649431345,-0.342840028221378,0.15594365,0.0491,374.1968971419683,49.087285835403904,0.854419746,0.1874003444,0.1161329227999999,7.180220642000001E41,7.180220642000001E41,5.929731370504601E41,1.1677556360000001E42,1.1677556360000001E42,1.70492990434947E42,0.7291124184,0.2717195885999999,0.2750896346,6.635812746000001E41,6.635812746000001E41,6.213929933285E41,1.041964063E42,9.226418423921802E41,9.9342803700396E41,500.0,373.91648162748356,374.6358367751876,374.09103393831117,374.1968971419683,374.1968971419683,374.1968971419683,374.1968971419683,374.1968971419683,374.1968971419683,374.1968971419683,true,521866,15.482843,5.502481E-4,0.14344162,0.009896,1.2805479,0.13798508,0.13798508,0.14344162,0.15312015,5.480749,1.3505883,5.3739643,1.2644684,0.5594586,1.017401,0.015683997,0.0,1.1117842,0.15594365,0.012457441,1,0.08848177,2.6564386,2.4810054,5.137444,0,0.52785254,334.035649431345,-0.342840028221378,1.2502797,-4.5043,-915.962,2.5674863,-183.9832,5.480749,0.0,5,1,-2.48318,3.4044702,5.3363457,0.15313956,0.011988319,0.2955166,22.5145,22.5145,23.559084,93
DESY3RM-528617,97.5225354139871,-54.6035018233943,0.12837097,0.072,194.8015027814844,111.64781404873467,0.03610913078,0.03610913078,-0.03610913078,1.4749459760000001E41,1.4749459760000001E41,-1.4749459759427001E41,6.379441657000001E46,6.379441657000001E46,2.318654246833343E56,6.070666079,6.070666079,-6.070666079,2.0984548440000002E49,2.0984548440000002E49,-2.0984548440000002E49,7.422195577000001E49,7.422195577000001E49,1.2461674587288295E54,500.0,190.08753696907974,495.76572146552286,311.7347587393893,192.5633455335792,194.8015027814844,194.8015027814844,194.8015027814844,194.8015027814844,194.8015027814844,194.8015027814844,true,528617,16.562437,0.0023090376,0.117196575,0.008482907,6.1940823,-1.0,-1.0,0.117196575,0.12647742,5.3587093,1.3781633,3.9094868,0.9778017,0.55694467,1.0319088,0.033304375,0.0,7.0841236,0.12837097,0.009697117,3,0.1243365,2.6146314,-0.36446708,2.2501643,0,0.52253056,97.5225354139871,-54.6035018233943,0.8234284,19.960527,-3770.0986,23.491676,-8977.227,5.091346,0.66709155,5,3,1.4083308,0.84654284,2.887673,0.12644753,0.008781991,0.21851356,22.286263,22.286263,23.559084,78
DESY3RM-533448,24.8177050276992,-18.023060888486,0.25038075,0.0142,211.50972411260827,27.469272790095,0.1695940886,0.1695940886,-0.1695940886,6.930072117000001E54,6.930072117000001E54,6.847969206399239E53,3.8684457580000005E55,3.8684453058676515E55,1.4757916439537208E56,0.3432531757,0.0708127122,0.2162638102999999,3.5751056950000004E53,3.2545864280000004E53,2.7889274223572002E57,6.503633820000001E53,4.083363791E53,3.1215287156209003E57,500.0,266.43234569552146,1474.8433626473804,260.9137741522917,214.23134535175257,211.50972411260827,211.50972411260827,211.50972411260827,211.50972411260827,211.50972411260827,211.50972411260827,true,533448,18.173897,0.0043210727,0.23960365,0.0124214785,1.7375652,-1.0,-1.0,0.23960365,0.24920519,5.572279,1.5366796,4.7790203,1.2723988,0.5613149,1.0769122,0.07212643,0.0,2.1196105,0.25038075,0.010983526,1,0.017464247,2.5849378,-0.12783591,2.4571018,0,0.5318013,24.8177050276992,-18.023060888486,0.9256628,4.8886094,630.4575,1.8002393,100.05629,5.636961,0.31586325,5,3,0.96951735,0.83497083,2.7425883,0.24919336,0.010226575,0.27692568,22.465374,22.465374,23.559084,68
DESY3RM-539673,62.0877903817799,-21.2205284924181,0.29210386,0.0198,466.6805060998893,46.19234828129976,1.375568702,0.120674522,0.3102698019999999,1.1681940590000002E53,1.0661830930000001E53,2.691498602E53,2.2757069690000004E53,1.5558601270000002E53,4.988572668E53,1.370002409,0.1276195399999999,0.276526749,7.935242213000002E24,7.935242213000002E24,5.861562650511492E32,1.544131523E25,1.544131523E25,3.410581789134995E57,500.0,413.5710975329681,436.8740843392726,449.0835101462731,466.6805060998893,466.6805060998893,466.6805060998893,466.6805060998893,466.6805060998893,466.6805060998893,466.6805060998893,true,539673,17.00969,0.0019978916,0.3024321,0.012534745,2.9450207,-1.0,-1.0,0.3024321,0.29283103,6.014673,1.4987562,3.4518375,1.0968935,0.56995744,1.0247732,0.01752434,0.0,3.62594,0.29210386,0.013118017,1,0.03703749,2.5477915,2.416887,4.964679,0,0.5504021,62.0877903817799,-21.2205284924181,1.2266273,-11.156345,1780.3274,-7.2003784,1136.7733,6.014673,0.0,5,1,-3.152589,3.5023012,7.1539693,0.29285675,0.012034386,0.24279152,22.365917,22.365917,23.559084,14
DESY3RM-540206,5.51208778199229,0.100706414453679,0.26496398,0.0282,660.60937515548,24.37220432225117,2.56121191,0.1456228159999999,0.145401445,1.3124594690000001E44,3.0058575897324603E42,4.99103324077569E42,3.1875191410000003E44,1.349450804499218E43,1.155914721573618E43,2.553922608,0.147994557,0.147075354,1.2677504530000002E44,4.5508489352783604E42,3.38208417203564E42,3.0756486680000002E44,1.670218696303942E43,1.32093168674448E43,500.0,619.6112135542893,669.1896965089185,659.4491322055616,660.60937515548,660.60937515548,660.60937515548,660.60937515548,660.60937515548,660.60937515548,660.60937515548,true,540206,18.250198,0.004563362,0.2811333,0.01393886,0.49909517,0.28788778,0.2842768,0.30212176,0.28695875,5.2061596,1.3394412,4.6874905,1.2542399,0.5537369,1.0094026,0.0072275223,0.0,1.3189061,0.26496398,0.012644245,6,0.025900697,2.5448432,-0.1912105,2.3536327,0,0.51578355,5.5010467330934,0.0928684773106525,0.85957164,11.408331,4093.1248,60.04027,13732.211,5.5093875,0.49896133,5,2,0.427433,0.8893975,2.819925,0.26452598,0.011863053,0.29525283,22.513824,22.513824,23.559084,17
DESY3RM-540268,41.8722931717648,-3.62466972049347,0.27890077,0.0314,525.1434489062821,68.12777232548925,1.720893487,0.3700741350000001,1.0739089369999997,2.9846890800000005E42,4.202891866235801E41,1.5447101500552202E42,6.344314412000001E42,2.33586492372657E42,3.61866586242474E42,1.720276107,0.3585878580000001,0.9774350369999998,2.8689883170000003E42,9.719796428974902E41,1.51969734344903E42,6.097763082E42,2.3651442689223603E42,3.6507032450284505E42,500.0,521.2243241877003,522.805765782889,523.1059956482733,525.1434489062821,525.1434489062821,525.1434489062821,525.1434489062821,525.1434489062821,525.1434489062821,525.1434489062821,true,540268,18.383852,0.008866924,0.29963595,0.015005979,11.776372,-1.0,-1.0,0.29963595,0.2790724,6.243498,1.7612017,6.777422,1.4915354,0.5742296,1.0628748,0.06162465,0.0,13.2099905,0.27890077,0.014831361,1,0.028626611,2.5444663,-0.56032085,1.9841454,0,0.55972826,41.8722931717648,-3.62466972049347,1.0161508,3.6789033,-307.2727,17.194744,-1370.3187,5.627561,1.10973,5,5,1.0159738,0.8870305,4.3395486,0.279129,0.01403794,0.24399005,22.36964,22.36964,23.559084,37
DESY3RM-544267,39.2602064772432,-25.39589572429,0.19890101,0.0232,500.83585785357667,26.142115119712553,1.481160618,0.115902023,0.1080826879999998,6.615434516000001E42,4.664427463412101E41,4.8547845101275006E41,1.329676078E43,9.675620667425402E41,1.307131410725E42,1.461274887,0.102959202,0.11543265,6.162159976E42,5.3248174217667005E41,5.7862435079294005E41,1.2334543000000002E43,1.2224535714861102E42,1.47549192056624E42,500.0,499.5274037945893,499.27538227717037,500.34733241796556,500.83585785357667,500.83585785357667,500.83585785357667,500.83585785357667,500.83585785357667,500.83585785357667,500.83585785357667,true,544267,18.277985,0.004517591,0.20118773,0.013045426,8.894817,-1.0,-1.0,0.20118773,0.19578205,5.2214146,1.2319554,1.7890453,0.7666312,0.55406106,1.013737,0.0135603,0.0,8.942289,0.19890101,0.01695442,1,0.026956188,2.5211284,-4.594466,-2.0733378,0,0.51646316,39.2602064772432,-25.39589572429,1.586094,7.2698455,-2907.9382,49.918694,-13457.408,5.087261,0.3390965,5,2,0.5443019,0.44214764,9.661748,0.1957718,0.01663435,0.22652443,22.313484,22.313484,23.559084,53
DESY3RM-553133,31.8707636017078,2.65817469856434,0.19024155,0.028,370.1234736415754,36.22613770596493,0.2564833677,0.0732127842,0.2562137171999999,1.6630608200000002E42,1.6630608200000002E42,3.52401115652424E54,3.9168254440000003E42,3.9168254440000003E42,1.3404059149466677E55,0.6218536863,0.3324364719,0.2729546029999999,1.1302366760000001E42,1.1302366760000001E42,3.865903542734196E47,1.7522908910000002E42,1.7522908910000002E42,5.73172579387825E47,500.0,804.8879949515133,323.3999662073385,387.9028101519275,370.12347364157534,370.1234736415754,370.1234736415754,370.1234736415754,370.1234736415754,370.1234736415754,370.1234736415754,true,553133,16.70947,0.0019323411,0.18884644,0.009896514,0.41747504,-1.0,-1.0,0.18884644,0.18700294,5.526514,1.3858474,7.204561,1.2973547,0.5603898,1.0131813,0.010496454,0.0,0.34698126,0.19024155,0.009385999,1,0.029118383,2.4689696,3.5197675,5.988737,0,0.52983147,31.8707636017078,2.65817469856434,1.1405652,12.821054,-829.5032,12.932891,-1591.4336,5.337094,0.28824976,5,3,-2.4572117,1.6944482,5.547488,0.18703596,0.008806354,0.2126093,22.265553,22.265553,23.559084,46
DESY3RM-564809,75.2699664068561,-38.604827500379,0.15423137,0.0207,1165.5195285333991,56.70652288044763,6.529073739,0.5733229290000006,0.8212405189999998,5.041552592000001E43,2.11449480937464E42,1.8752785964791702E42,1.869735965E44,1.170097002722036E43,9.056635550748872E42,6.528655818,0.5750752109999997,0.8123770820000003,4.954643742E43,2.3151654676426405E42,2.1017247998646303E42,1.8374459310000003E44,1.272702627896201E43,9.09955852430599E42,500.0,490.1856781682886,2379.5005622741987,935.9648351725828,1298.8252970713706,1064.018997070674,1207.632758350513,1165.5195285333991,1165.5195285333991,1165.5195285333991,1165.5195285333991,true,564809,17.156555,0.0021805922,0.14617482,0.012766522,1.7809826,-1.0,-1.0,0.14617482,0.15143587,5.2366695,1.5019871,5.2214146,1.1226692,0.5543844,1.1169473,0.10682662,0.0,1.882857,0.15423137,0.01140741,1,0.02205483,2.4023364,-0.5050408,1.8972955,0,0.51714164,75.2699664068561,-38.604827500379,1.0055542,10.340508,-1162.5312,19.876102,1828.7095,5.262166,0.10278523,5,3,1.161788,0.7116329,2.3520806,0.15147065,0.010884319,0.24301332,22.366608,22.366608,23.559084,87
DESY3RM-569224,352.856288933449,-54.175450585566,0.24721946,0.0125,313.8842339727309,26.757200125829847,0.6850824964,0.1664812083,0.1680480294,4.734381362000001E40,4.734381361999E40,4.2093998214704295E45,7.314703935000001E40,7.314703935000001E40,5.607839666815712E45,0.755011988,0.2164940927999999,0.1812909647999999,9.238787649000002E40,9.238787649000002E40,2.5513543649154943E45,1.4556787200000001E41,1.4556787200000001E41,4.154849299012058E45,500.0,3453.654746916237,212.87326214317176,209.22186327266533,357.19035242234503,313.3770803921855,313.8842339727309,313.8842339727309,313.8842339727309,313.8842339727309,313.8842339727309,true,569224,17.873182,0.0040366347,0.25358438,0.01268949,9.205434,-1.0,-1.0,0.25358438,0.24597636,5.3129444,1.3568809,6.3350277,1.411621,0.5559901,1.0149122,0.012727799,0.0,9.379316,0.24721946,0.012951783,1,0.011215871,2.3775706,1.9046853,4.282256,0,0.5205177,352.856288933449,-54.175450585566,1.4470915,-6.67347,-852.5535,-11.8183365,-1299.7384,5.2925453,0.13061866,5,3,0.43641928,1.0676606,3.6085665,0.24587004,0.01233932,0.32682848,22.590643,22.590643,23.559084,57
DESY3RM-570226,52.8973111379827,-28.3884780362003,0.2778053,0.00664,506.71085281870876,72.19223805311346,1.627734089,1.0010283167,0.759912286,1.740947939E34,1.740947939E34,1.2560052598734602E42,3.6240732010000003E34,3.6240732010000003E34,4.62928019152362E42,1.30101642,0.3730534481000001,0.4158685469999998,1.1989635410000003E37,1.1989635410000003E37,1.87168605854414E42,2.3013546440000005E37,2.3013546440000005E37,2.4181823373626804E42,500.0,500.4123317524588,507.9499556334095,501.72963550269765,506.71085281870876,506.71085281870876,506.71085281870876,506.71085281870876,506.71085281870876,506.71085281870876,506.71085281870876,true,570226,18.562822,0.0054793265,0.28154153,0.014093996,0.6073011,0.28486,0.28486,0.28154153,0.27790493,5.2214146,1.1749935,4.1078014,1.001664,0.55406106,1.0038192,0.0031986043,0.0,0.6445707,0.2778053,0.014458775,1,0.008938973,2.3721328,-0.27920416,2.0929286,0,0.51646316,52.8973111379827,-28.3884780362003,1.1037385,18.042564,-6518.8926,-4.108577,-2195.5593,5.318679,0.48254046,5,3,0.9591389,0.7456119,2.5622022,0.27798477,0.013655675,0.26865372,22.442446,22.442446,23.559084,78
DESY3RM-571844,352.241044698781,-52.2429582764134,0.23771293,0.0103,687.3222782842869,43.81244068906062,2.669499511,0.2865142570000003,0.2766302649999996,5.031887197E43,3.03877516388866E42,2.45641671682178E42,1.2420937970000003E44,1.059698994740836E43,7.454851298127941E42,2.650445529,0.3192892570000003,0.3157129599999999,4.356810187E43,2.30747538751695E42,3.18868173438386E42,1.0724871670000002E44,8.269752640196681E42,6.08480153405811E42,500.0,693.5380087420272,681.9641462952846,685.6497025888345,687.3222782842868,687.3222782842869,687.3222782842869,687.3222782842869,687.3222782842869,687.3222782842869,687.3222782842869,true,571844,17.412943,0.0035429492,0.2387147,0.017528085,19.003317,-1.0,-1.0,0.2387147,0.23583473,6.9147167,2.1651187,1.7737904,0.8088827,0.5860773,1.0810419,0.078464106,0.0,18.975718,0.23771293,0.024338264,1,0.013362212,2.363544,2.0395308,4.4030747,0,0.5860479,352.241044698781,-52.2429582764134,0.992613,5.9781904,-300.9117,10.400708,-2071.1946,6.71599,0.6852909,5,2,-0.6335305,1.4854794,3.944647,0.2358911,0.02404887,0.42851496,22.795452,22.795452,23.559084,86
DESY3RM-573849,31.1443908031223,-4.66262396630822,0.18685266,0.0183,924.9719578922825,217.69228501233823,4.861484353,2.205508029,10.012141557,8.290962176E42,3.6317486028238406E42,1.1782771403810601E42,2.6695704490000002E43,1.583037966323464E43,8.50477854455518E42,,,,,,,,,,500.0,401.4627593556091,812.5011540113715,883.3364990999065,924.9719578922825,924.9719578922825,924.9719578922825,924.9719578922825,924.9719578922825,924.9719578922825,924.9719578922825,true,573849,17.136074,0.0017476722,0.19051059,0.019276924,22.791801,-1.0,-1.0,0.17478384,0.18665594,5.7705936,1.1520756,5.1146297,1.0088115,0.56525457,1.0297945,0.02845872,0.0,22.842005,0.18685266,0.009890366,4,0.025003094,2.3524015,-9.533575,-7.1811733,0,0.5402364,31.1382700076578,-4.6799395998814,1.1213794,22.617409,-6548.557,22.661615,114.677574,5.6319757,0.49933007,5,2,0.67786264,1.0982927,2.6577473,0.18363951,0.009344228,0.22456992,22.306932,22.306932,23.559084,87
DESY3RM-579179,8.5896173468775,-2.06016262890151,0.22794776,0.0286,816.4463966120766,101.8550297986203,3.125873909,0.5714980240000003,0.999338379,4.524040558E43,8.6723180623451E42,7.33130187649876E42,1.190641982E44,3.5080871963106835E43,2.0485886555588273E43,3.150197887,0.587203798,1.0241217039999997,4.2884426460000006E43,8.49570614394774E42,6.639668723703581E42,1.1323399270000001E44,3.2964297127094903E43,1.9850784969358903E43,500.0,815.7379577601156,758.9984384870382,782.5863172467284,816.4463966120766,816.4463966120766,816.4463966120766,816.4463966120766,816.4463966120766,816.4463966120766,816.4463966120766,true,579179,17.494307,0.0032564183,0.24007031,0.015379736,9.367359,-1.0,-1.0,0.24007031,0.22565499,6.5638523,1.8551043,4.7180004,1.5293278,0.58000505,1.0167714,0.016107015,0.0,10.151769,0.22794776,0.0144168185,1,0.032327842,2.3236911,-0.78767157,1.5360196,0,0.5724744,8.5896173468775,-2.06016262890151,0.7656821,15.548548,36.89144,65.19518,-2471.7808,6.5638523,0.0,5,1,0.5416887,1.2474096,3.7949705,0.2256814,0.0139664505,0.25649408,22.407427,22.407427,23.559084,79
DESY3RM-581502,63.5359276307937,-21.9934106937346,0.29698482,0.0208,422.7502074671808,47.12393729309101,1.14053527,0.1331581969999999,0.216698976,6.555869815000001E41,6.555869815000001E41,6.2724545224368E41,1.181881015E42,1.181881015E42,1.16240198435686E42,1.100745111,0.1033949005,0.2319688980000001,5.993732278E41,5.778745648337101E41,6.1550007541112E41,1.068386958E42,1.068386958E42,8.9176294807675E41,500.0,433.9210609444953,416.0333424787312,410.29272199528737,422.7502074671808,422.7502074671808,422.7502074671808,422.7502074671808,422.7502074671808,422.7502074671808,422.7502074671808,true,581502,18.446907,0.0076888497,0.30676898,0.015667042,0.24475418,-1.0,-1.0,0.30676898,0.29785287,5.068865,1.2540044,7.418131,1.5705531,0.55078506,1.0183421,0.009014248,0.0,0.51015913,0.29698482,0.014538867,1,0.031690214,2.3112357,-1.0570729,1.2541628,0,0.5096176,63.5359276307937,-21.9934106937346,0.65616006,1.8003572,237.16075,5.672787,5458.25,5.0086813,0.28180218,5,3,1.193365,0.9690284,4.276522,0.29789445,0.013502321,0.26969132,22.44536,22.44536,23.559084,38
DESY3RM-582159,53.5299164526463,-38.9974650552954,0.20792931,0.0137,984.7794862671113,46.424815849541964,4.715896714,0.3902201210000005,0.3901815849999996,4.501466723000001E43,1.0938772741426401E42,1.1539542265741102E42,1.42831972E44,5.2673826987501105E42,6.87891468842107E42,4.915600312,0.4232508789999993,0.4236080330000007,4.0852295540000005E43,1.1313246836412202E42,1.1188671312744902E42,1.3225264080000001E44,5.906661348983451E42,8.00324689037195E42,500.0,737.9811688298305,981.1608144814428,967.394739094617,984.7794862671113,984.7794862671113,984.7794862671113,984.7794862671113,984.7794862671113,984.7794862671113,984.7794862671113,true,582159,17.296745,0.0057734987,0.20982486,0.01251223,4.1001277,-1.0,-1.0,0.20982486,0.20491797,5.7400837,1.4407599,2.7501087,1.0111179,0.5646556,1.0252314,0.022900764,0.0,4.100138,0.20792931,0.013477016,1,0.018653754,2.307659,2.4415414,4.7492003,0,0.5389492,53.5299164526463,-38.9974650552954,1.3935486,4.8360624,-878.37695,-0.020341648,-536.09607,5.742253,0.020762004,5,2,-0.25929442,1.2083422,3.0929072,0.20497467,0.013056898,0.2581807,22.412382,22.412382,23.559084,35
DESY3RM-590743,303.506802234407,-56.9693644232633,0.124967754,0.0418,182.8541010294165,32.68216760294859,0.1146409325,0.04321409,0.080493026,7.018155245000001E40,7.018155245000001E40,8.457823298494034E69,2.4880525840000003E42,2.4880525840000003E42,1.865116727160209E71,,,,,,,,,,500.0,973.6677140543654,1212.2254917603902,805.8050730774329,174.45792291466668,182.8541010294165,182.8541010294165,182.8541010294165,182.8541010294165,182.8541010294165,182.8541010294165,true,590743,15.449151,4.0304186E-4,0.108594365,0.009635035,11.894656,-1.0,-1.0,0.108594365,0.12317972,6.9757366,2.4278438,4.229841,1.0192021,0.587108,1.1802063,0.1529153,0.0,12.302906,0.124967754,0.009250055,1,0.04682653,2.2632809,1.777219,4.0404997,0,0.5883695,303.506802234407,-56.9693644232633,0.9175854,-19.052574,680.41406,-192.26222,8291.897,7.929763,1.2540386,5,3,-1.5093082,2.2342286,7.1073484,0.12317397,0.008228401,0.32408622,22.584272,22.584272,23.559084,20
DESY3RM-593102,30.5235439293718,-5.26160954309626,0.18931487,0.022,358.4701867089536,43.291190497548484,0.8617613869,0.0918853301,0.1127519742999999,8.485404525E41,2.9616952648249005E41,2.2537787902594E41,1.3782935220000001E42,5.7108431954019004E41,3.3367537502664E41,0.8616477212,0.1134674029,0.1300795060999999,8.493709980000001E41,3.4069110705250006E41,1.6244841487682001E41,1.379596151E42,6.510503108883801E41,5.077503700313601E41,500.0,425.48654671114883,339.935768683925,373.97770695575565,358.4701867089536,358.4701867089536,358.4701867089536,358.4701867089536,358.4701867089536,358.4701867089536,358.4701867089536,true,593102,15.98921,0.0010108637,0.18434219,0.009170951,1.8845487,0.1903457,0.1903457,0.18434219,0.18607523,5.511259,1.4371835,4.946825,1.1986233,0.5600801,1.0452167,0.040224787,0.0,1.6038563,0.18931487,0.009192955,1,0.026762135,2.2510242,3.1497884,5.4008126,0,0.5291728,30.5235439293718,-5.26160954309626,1.3872993,18.26935,-1336.0315,29.514133,1980.0477,5.511259,0.0,5,1,-3.0786607,3.254515,5.2142005,0.18610597,0.008601113,0.18440332,22.157942,22.157942,23.559084,6
DESY3RM-601481,10.6030592707832,-44.4063093077705,0.2474729,0.0203,483.4481648217081,19.48070164999271,1.468753496,0.075745261,0.0711804529999999,1.8409083100000002E52,1.8409083100000002E52,7.92309781264115E52,3.707375254E52,3.707375254E52,1.4626464218267883E53,1.499643121,0.07165862,0.0677064539999998,3.103787306000001E52,3.103787306000001E52,7.193711926389418E52,6.291285088E52,6.291285088E52,1.8126559141090946E53,500.0,487.87144039303325,484.1858335168355,485.1663333532985,483.4481648217081,483.4481648217081,483.4481648217081,483.4481648217081,483.4481648217081,483.4481648217081,483.4481648217081,true,601481,17.635214,0.19016805,0.20354643,0.04145231,12.235692,-1.0,-1.0,0.20354643,0.24608728,5.3129444,2.138025,6.807932,1.7649941,0.5559901,1.1186067,0.1026605,0.0,12.023089,0.2474729,0.022752175,1,0.0069112126,2.2087734,-0.74889296,1.4598804,0,0.5205177,10.6030592707832,-44.4063093077705,0.66609424,24.61134,-4728.502,63.730015,-19626.562,5.320893,1.5639745,5,5,0.32604927,1.3329874,4.9090343,0.2461364,0.022408204,0.2420692,22.363665,22.363665,23.559084,56
DESY3RM-601581,37.2872675136391,-60.5840741624667,0.23584639,0.0283,436.37000174345343,23.85956788713336,1.20973987,0.0976087479999998,0.0815816980000001,1.210313366E43,1.3138827658045202E42,9.4462138154371E41,2.248388578E43,2.5879938615925703E42,2.27384376249451E42,1.225265091,0.0999607040000001,0.0830644359999999,1.0930777390000001E43,1.0640396580307102E42,1.0573086552980501E42,2.041416975E43,3.372226484476961E42,2.20177576928322E42,500.0,404.2744882960751,425.46242131009404,430.483525899642,436.37000174345343,436.37000174345343,436.37000174345343,436.37000174345343,436.37000174345343,436.37000174345343,436.37000174345343,true,601581,17.544514,0.0018956921,0.22978087,0.010390722,0.60155207,-1.0,-1.0,0.22978087,0.2339341,5.2976894,1.2763222,3.2992878,0.9941371,0.55567044,1.0067968,0.006575186,0.0,0.61544234,0.23584639,0.011108712,10,0.035256777,2.2082756,2.6912625,4.899538,0,0.51984465,37.2872675136391,-60.5840741624667,1.7416995,29.144466,3414.9707,35.225925,825.47516,5.347838,0.053773046,5,2,-1.216859,1.2907636,4.1324267,0.23393565,0.010471734,0.3308736,22.599943,22.599943,23.559084,66
DESY3RM-633482,80.6590001009453,-36.490168105216,0.100291826,0.0345,944.2447584437238,14.36739046575468,4.133889095,0.0641796799999996,0.0642291660000005,5.531894925000001E43,4.1565166454362E41,4.6427913181161E41,1.6523190160000003E44,1.6959938037378603E42,1.3695289399660502E42,4.106456549,0.06402836,0.0640996789999999,5.467244419000001E43,3.0805650986731E41,4.8302598118951005E41,1.6278695610000002E44,1.4305949383470102E42,1.7960948164755902E42,500.0,999.1892831050701,960.7574260988082,942.5970826206313,944.2447584437238,944.2447584437238,944.2447584437238,944.2447584437238,944.2447584437238,944.2447584437238,944.2447584437238,true,633482,15.21496,8.700173E-4,0.099816896,0.008813309,2.3485692,-1.0,-1.0,0.10908401,0.100257754,8.577509,1.8038691,6.5028324,1.458237,0.6118884,1.0570252,0.06032421,0.0,2.0402462,0.100291826,0.0069354186,2,0.042359933,2.0536146,-0.24911733,1.8044972,0,0.64572436,80.6606075767049,-36.4360950830544,1.1428438,-6.8337975,-904.9521,-28.32453,283.9039,8.395852,0.42948326,5,4,-2.1339736,1.7812167,8.5183735,0.09950454,0.0046804384,0.27357322,22.456165,22.456165,23.559084,64
DESY3RM-642803,13.8288188193682,-1.28852134948503,0.113038525,0.0328,1054.2910423481799,19.84088770607454,5.54714252,0.3468664330000006,0.2598485419999994,3.415454709E43,4.605492286225801E41,2.8829738695584005E41,1.1717842540000001E44,2.1344021107131103E42,2.5122068242573004E42,5.546485929,0.3483775219999998,0.2646072510000001,3.3205318290000004E43,3.2768470858644004E41,4.1640380702242E41,1.139159392E44,2.3255450719456703E42,3.55878626652872E42,500.0,757.5363631918144,569.6232126193787,764.3959302431814,171.66947807590654,324.93300738932675,962.6218185597771,1151.5526569715248,1054.2910423481799,1054.2910423481799,1054.2910423481799,true,642803,16.091373,0.16046178,0.07475131,0.024537938,0.47159088,-1.0,-1.0,0.120235875,0.117392905,8.516489,1.7437297,2.9941883,1.006899,0.6110153,1.0263754,0.024926294,0.0,0.2410143,0.113038525,0.014029092,6,0.035283513,2.0113518,-6.236999,-4.225647,1,0.64365315,13.8401414906631,-1.35370461497502,1.3366814,-43.549118,1279.2074,-128.523,2164.7673,8.038096,0.70442045,5,4,0.01279654,1.0103458,12.831296,0.11172084,0.013237959,0.20787211,22.248516,22.248516,23.559084,56
DESY3RM-687499,327.065709464311,-45.8310366671008,0.25171855,0.0143,442.333717720422,44.42503924800636,1.27781874,0.2297409240000001,0.2075039309999999,5.338463529000001E42,2.3459855758265102E42,1.74454571785291E42,1.016360757E43,4.04812835768483E42,4.67407816226699E42,1.294474933,0.2339816780000001,0.1843454819999999,5.3988553630000004E42,2.31983287567584E42,2.26915977084018E42,1.0343115880000001E43,4.381461650296431E42,3.74003601206625E42,500.0,425.62030937893013,427.17119044891217,443.3289590490733,442.333717720422,442.333717720422,442.333717720422,442.333717720422,442.333717720422,442.333717720422,442.333717720422,true,687499,17.115728,0.0016089719,0.26672465,0.013165112,4.8243856,-1.0,-1.0,0.26672465,0.25055975,5.1756496,1.43648,2.2619495,0.90591234,0.5530864,1.007418,0.005203816,0.0,6.195992,0.25171855,0.012358529,1,0.016204491,1.8186179,2.5057235,4.3243413,0,0.51442116,327.065709464311,-45.8310366671008,1.077256,-0.609245,-2637.1072,6.44312,-7603.074,5.1756496,0.0,5,1,-1.923964,2.2409286,5.0269046,0.2506001,0.011680267,0.26148763,22.422005,22.422005,23.559084,17
DESY3RM-860449,26.2917300813157,-4.76671342200594,0.29477093,0.0193,244.39193163897596,49.98900763879699,1.085210284,0.1837404819999999,0.2455580829999999,1.360316049E42,1.360316049E42,9.616613564726712E52,2.597851531E42,2.597851531E42,1.5847961336553157E53,1.368744728,0.9250845356,1.0876475840000002,8.77787194E41,8.77787194E41,-8.7778719399494E41,1.8509661430000003E42,1.8509661430000003E42,7.77783829323615E53,500.0,175.67249397371458,453.4727780315418,234.64126415490776,244.39193163897596,244.39193163897596,244.39193163897596,244.39193163897596,244.39193163897596,244.39193163897596,244.39193163897596,true,860449,18.072166,0.0049975077,0.3024238,0.014507962,0.14090711,-1.0,-1.0,0.3024238,0.2955513,5.2366695,1.832356,4.0925465,1.137065,0.5543844,1.1973014,0.17060666,0.0,0.3227419,0.29477093,0.013048125,1,0.023049813,1.2206099,2.7504456,3.9710555,0,0.51714164,26.2917300813157,-4.76671342200594,1.1636896,-7.8124905,519.4905,-33.806293,1604.5734,5.2366695,0.0,5,1,-0.34095863,1.3448633,2.58801,0.29561225,0.011917311,0.23897651,22.353943,22.353943,23.559084,41
DESY3RM-883714,26.2208538324506,-4.53096565764072,0.21382748,0.0207,455.9426052151226,17.589722608245424,1.531211919,0.102197756,0.0936860699999999,2.714237206E42,2.714237206E42,-5.6694503446531E41,5.5355520250000005E42,5.5355520250000005E42,-1.8141773947599002E42,1.538106241,0.1046131259999998,0.095611367,2.6056864480000002E42,2.4042991547219303E42,4.571317626723E40,5.3220350780000005E42,5.3220350780000005E42,-9.675683193315001E40,500.0,456.02447605573036,504.80588744256784,456.10178898071615,504.6584738374057,455.9426052151226,455.9426052151226,455.9426052151226,455.9426052151226,455.9426052151226,455.9426052151226,true,883714,18.102196,0.0059011313,0.19236998,0.012628283,22.447678,-1.0,-1.0,0.21159218,0.21151564,5.1603947,1.0637224,5.480749,1.195296,0.55275995,1.0029882,0.005159071,0.0,23.98792,0.21382748,0.01012959,2,0.022267686,1.152413,-4.822792,-3.6703792,0,0.51373833,26.2470648112344,-4.52393096060847,0.8215974,4.0908346,923.68964,18.566359,-1623.4617,4.747712,0.3891329,5,5,1.7633473,0.61375195,2.74042,0.21103686,0.009544208,0.22416578,22.30557,22.30557,23.559084,45
DESY3RM-924512,352.241252547453,0.170118171972814,0.27594918,0.0417,256.6998039516591,67.41001411514297,0.4338466346,0.4338466346,-0.4338466346,3.95165889E39,3.95165889E39,6.82878717602177E45,6.452023926E39,6.452023926E39,1.1726150691030617E46,0.1140217588,0.09597444137,0.5601082429,2.7995378110000006E41,2.7995378110000006E41,-2.7995378110000006E41,8.817649107000002E42,8.817649107000002E42,-8.81764902490098E42,500.0,598.5927558183015,229.03628826228174,158.56589712014897,250.21980363601264,256.6998039516591,256.6998039516591,256.6998039516591,256.6998039516591,256.6998039516591,256.6998039516591,true,924512,18.85385,0.0074374503,0.2789243,0.01610688,6.593884,-1.0,-1.0,0.2789243,0.27603072,5.1603947,1.4932597,3.116228,1.1729214,0.55275995,1.000447,0.0023148148,0.0,6.629518,0.27594918,0.018499581,1,0.046157844,1.0372255,-3.1505196,-2.1132941,0,0.51373833,352.241252547453,0.170118171972814,0.9391499,-2.9651463,-245.63516,-5.9537873,-895.1913,5.012452,0.51565456,5,4,0.7879069,0.56114924,3.139194,0.276044,0.017894015,0.33727607,22.614433,22.614433,23.559084,33
DESY3RM-951568,24.2739385999361,-9.16026848046894,0.10263592,0.0373,686.7259146564392,18.418188763556408,2.368090035,0.077605342,0.0776567840000002,2.60613121E43,5.1338832177818E41,5.384939390224901E41,6.188798253000001E43,1.3815105084110601E42,1.47582009952924E42,2.341098532,0.0803602580000002,0.0804097489999997,2.465098146E43,3.9197390023903E41,4.9824912463442E41,5.830646224000001E43,1.8067725091058504E42,1.3228504019335E42,500.0,989.8627849936125,697.0553445189906,683.3957033686158,686.7259146564392,686.7259146564392,686.7259146564392,686.7259146564392,686.7259146564392,686.7259146564392,686.7259146564392,true,951568,15.787,0.0012537481,0.10543003,0.007971115,0.9149931,0.06909407,0.06909407,0.10543003,0.10173515,6.868952,2.554692,2.9026585,1.1370275,0.58529943,1.1935431,0.15800984,0.0,1.0088398,0.10263592,0.008710055,1,0.033912618,0.9655041,0.7452102,1.7107143,0,0.58429927,24.2739385999361,-9.16026848046894,0.75106,-29.076658,-1466.7604,-242.37247,-9430.721,5.868267,1.3312277,5,3,0.25668353,1.1008879,6.06659,0.101750396,0.007111208,0.26439765,22.430372,22.430372,23.559084,63
DESY3RM-992461,353.307718851258,-52.5940772364034,0.1648405,0.0111,431.12125814123027,17.522303179937307,1.086952576,0.037628202,0.1434565619999999,1.571276077E42,1.571276077E42,2.5940875507544E41,2.819234091E42,2.819234091E42,2.5623336204065E41,1.126105056,0.0629631610000001,0.1719337879999998,1.641019677E42,8.8811673943418E41,5.300935623235E41,2.9795013430000004E42,1.81238261346003E42,1.46483778685551E42,500.0,427.06404924430524,433.12404020086285,427.2048337080055,431.12125814123027,431.12125814123027,431.12125814123027,431.12125814123027,431.12125814123027,431.12125814123027,431.12125814123027,true,992461,16.544367,0.11694269,0.096596636,0.024204174,7.528244,-1.0,-1.0,0.17399874,0.16500713,5.1146297,1.5710905,4.443411,1.1453218,0.55177605,1.1202512,0.10401357,0.0,9.35908,0.1648405,0.012467474,3,0.011935584,0.85985667,-10.990833,-10.130977,0,0.51168305,353.324570615163,-52.5893522428628,0.83478504,3.0188584,-969.2893,-25.891066,-2300.1833,4.6762986,1.0385475,5,2,0.7881025,1.4409138,3.10917,0.1618414,0.01203027,0.4057382,22.754158,22.754158,23.559084,79
DESY3RM-996850,35.3758292037059,-4.80901465640216,0.10051372,0.0193,205.77303043221454,18.512654752429597,0.2535317552,0.0427688988999999,0.0351556101,2.4628754360000004E41,1.2243581124681002E41,8.998070070499001E40,6.299310097000001E41,2.1988003218582002E41,2.5271060520756E41,0.2511441962,0.0349930069,0.0356490071,2.4033414810000003E41,1.0362919023510002E41,8.302953557417E40,6.240955853000001E41,2.9412358901609E41,2.5073692496193E41,500.0,296.8224558687536,268.45656535510835,206.04212651307978,205.77303043221454,205.77303043221454,205.77303043221454,205.77303043221454,205.77303043221454,205.77303043221454,205.77303043221454,true,996850,15.671305,0.0022325488,0.112761945,0.0087673655,1.8968586,0.15285,0.15285,0.112761945,0.108794354,5.8011036,1.5121529,2.612814,0.8908463,0.56585103,1.0627586,0.05942275,0.0,3.5729306,0.10051372,0.008037073,1,0.022513803,0.84855044,1.8611933,2.7097437,0,0.5415199,35.3758292037059,-4.80901465640216,0.7813039,2.2455432,-5220.367,35.359123,-12140.079,5.5439687,0.7513492,5,2,0.9435464,1.174842,4.0619755,0.099717125,0.0062037795,0.20454955,22.236334,22.236334,23.559084,15
DESY3RM-1063297,50.332154740371,-52.2973274351267,0.2697485,0.0138,459.73834806575087,57.32706214467174,1.365452914,0.285440863,0.4060296619999999,1.0350102520000001E43,4.2103827551655605E42,5.2126542888865803E42,2.1828350360000004E43,8.055969020707901E42,1.196894692556276E43,1.367678275,0.272799719,0.4226547979999999,1.161944882E43,4.9017440554040607E42,4.42112618045498E42,2.451729544E43,1.1174105015679002E43,1.2194309140903391E43,500.0,461.5566775626617,459.6766158763565,462.0553286928154,459.73834806575087,459.73834806575087,459.73834806575087,459.73834806575087,459.73834806575087,459.73834806575087,459.73834806575087,true,1063297,16.901594,0.001942913,0.26391143,0.012159299,1.0386109,-1.0,-1.0,0.25681406,0.2695001,5.648554,2.4393194,4.5349407,1.3612093,0.56284326,1.2427429,0.19592299,0.0,0.96087813,0.2697485,0.013277815,1,0.018949794,0.6859373,2.2951198,2.9810572,0,0.5350648,50.3086221451354,-52.3191541317494,0.6316145,34.485043,-8769.82,127.02144,-79336.77,5.7883663,0.14585803,5,2,0.07638562,3.2117753,6.800893,0.2695484,0.012488285,0.36472178,22.673582,22.673582,23.559084,71
